2026-08-11 08:20:27  INFO  ============================================================
2026-08-11 08:20:27  INFO  BACKUP TABLEAU -> GITHUB
2026-08-11 08:20:27  INFO  ============================================================
2026-08-11 08:20:27  ERROR Faltan claves obligatorias en config.json: sqlplus_marcar_comando
2026-08-11 08:21:08  INFO  ============================================================
2026-08-11 08:21:08  INFO  BACKUP TABLEAU -> GITHUB
2026-08-11 08:21:08  INFO  ============================================================
2026-08-11 08:21:08  INFO  Configuracion cargada y validada
2026-08-11 08:21:08  INFO  [1/8] Borrando las listas anteriores
2026-08-11 08:21:08  INFO        Listo
2026-08-11 08:21:08  INFO  [2/8] Consultando Oracle (versionado + lista de descarga)
2026-08-11 08:21:10  INFO        Listas generadas
2026-08-11 08:21:10  INFO  [3/8] Leyendo las listas
2026-08-11 08:21:10  INFO        8 workbooks con version nueva que descargar
2026-08-11 08:21:10  INFO        0 versiones marcadas para retirar de GitHub hoy
2026-08-11 08:21:10  INFO  [4/8] Sincronizacion omitida (modo sin GitHub)
2026-08-11 08:21:10  INFO  [5/8] Preparando la carpeta de descargas
2026-08-11 08:21:10  INFO        Nada que retirar hoy
2026-08-11 08:21:10  INFO  [6/8] Conectando con Tableau
2026-08-11 08:21:11  INFO  Signed into https://dub01.online.tableau.com as user with id ae9b04e0-08c6-4b88-9bb9-595a9d2d1fa3
2026-08-11 08:21:11  INFO        Conectado
2026-08-11 08:21:11  INFO  [7/8] Descargando (sin subir a GitHub)
2026-08-11 08:21:11  INFO    [1/8] SiteContentDescarga (v4)
2026-08-11 08:21:11  INFO          Proyecto: Admin Insights/Control Interno
2026-08-11 08:21:11  INFO  Downloaded workbook revision None to C:\tabcmd\TableauGitHub\Tableau Workbooks\Admin Insights\Control Interno\SiteContentDescarga_v4.twb (ID: c2059073-84a1-49f9-bcc3-3ed15db2c04a)
2026-08-11 08:21:11  INFO          Descargado (0.3 MB)
2026-08-11 08:21:11  INFO    [2/8] Control (v1)
2026-08-11 08:21:11  INFO          Proyecto: Admin Insights/Control Interno
2026-08-11 08:21:11  INFO  Downloaded workbook revision None to C:\tabcmd\TableauGitHub\Tableau Workbooks\Admin Insights\Control Interno\Control_v1.twbx (ID: 661efd3a-e7cd-4cef-9e5f-0ab0899cd7ae)
2026-08-11 08:21:11  INFO          Descargado (0.1 MB)
2026-08-11 08:21:11  INFO    [3/8] PermissionsDescarga (v4)
2026-08-11 08:21:11  INFO          Proyecto: Admin Insights/Control Interno
2026-08-11 08:21:12  INFO  Downloaded workbook revision None to C:\tabcmd\TableauGitHub\Tableau Workbooks\Admin Insights\Control Interno\PermissionsDescarga_v4.twb (ID: 2b4b8855-e713-4f71-84aa-6619b4ebae6e)
2026-08-11 08:21:12  INFO          Descargado (0.1 MB)
2026-08-11 08:21:12  INFO    [4/8] Self Service PRO Anonimizado (v2)
2026-08-11 08:21:12  INFO          Proyecto: Admin Insights/Control Interno
2026-08-11 08:44:44  INFO  ============================================================
2026-08-11 08:44:44  INFO  BACKUP TABLEAU -> GITHUB
2026-08-11 08:44:44  INFO  ============================================================
2026-08-11 08:44:44  INFO  Configuracion cargada y validada
2026-08-11 08:44:44  INFO  [1/8] Borrando las listas anteriores
2026-08-11 08:44:44  INFO        Listo
2026-08-11 08:44:44  INFO  [2/8] Consultando Oracle (versionado + lista de descarga)
2026-08-11 08:44:46  INFO        Listas generadas
2026-08-11 08:44:46  INFO  [3/8] Leyendo las listas
2026-08-11 08:44:46  INFO        8 workbooks con version nueva que descargar
2026-08-11 08:44:46  INFO        0 versiones marcadas para retirar de GitHub hoy
2026-08-11 08:44:46  INFO  [4/8] Sincronizacion omitida (modo sin GitHub)
2026-08-11 08:44:46  INFO  [5/8] Preparando la carpeta de descargas
2026-08-11 08:44:46  INFO        Nada que retirar hoy
2026-08-11 08:44:46  INFO  [6/8] Conectando con Tableau
2026-08-11 08:44:47  INFO  Signed into https://dub01.online.tableau.com as user with id ae9b04e0-08c6-4b88-9bb9-595a9d2d1fa3
2026-08-11 08:44:47  INFO        Conectado
2026-08-11 08:44:47  INFO  [7/8] Descargando (sin subir a GitHub)
2026-08-11 08:44:47  INFO    [1/8] SiteContentDescarga (v4)
2026-08-11 08:44:47  INFO          Proyecto: Admin Insights/Control Interno
2026-08-11 08:44:47  INFO          Ya existe en disco, no se descarga de nuevo
2026-08-11 08:44:47  INFO    [2/8] Control (v1)
2026-08-11 08:44:47  INFO          Proyecto: Admin Insights/Control Interno
2026-08-11 08:44:47  INFO          Ya existe en disco, no se descarga de nuevo
2026-08-11 08:44:47  INFO    [3/8] PermissionsDescarga (v4)
2026-08-11 08:44:47  INFO          Proyecto: Admin Insights/Control Interno
2026-08-11 08:44:47  INFO          Ya existe en disco, no se descarga de nuevo
2026-08-11 08:44:47  INFO    [4/8] Self Service PRO Anonimizado (v2)
2026-08-11 08:44:47  INFO          Proyecto: Admin Insights/Control Interno
2026-08-11 08:44:47  INFO          Ya existe en disco, no se descarga de nuevo
2026-08-11 08:44:47  INFO    [5/8] Venta Interna PRO Anonimizado (v2)
2026-08-11 08:44:47  INFO          Proyecto: Admin Insights/Control Interno
2026-08-11 08:45:38  INFO  Downloaded workbook revision None to C:\tabcmd\TableauGitHub\Tableau Workbooks\Admin Insights\Control Interno\Venta Interna PRO Anonimizado_v2.twbx (ID: f10955d1-ca93-423d-9184-1b5ff58d4150)
2026-08-11 08:45:38  INFO          Descargado (601.2 MB)
2026-08-11 08:45:38  INFO    [6/8] Control Pedidos (v3)
2026-08-11 08:45:38  INFO          Proyecto: Admin Insights/Control Interno
2026-08-11 08:45:38  INFO  Downloaded workbook revision None to C:\tabcmd\TableauGitHub\Tableau Workbooks\Admin Insights\Control Interno\Control Pedidos_v3.twbx (ID: ceab7fdd-9119-497e-9615-fb869c3fdb06)
2026-08-11 08:45:38  INFO          Descargado (0.1 MB)
2026-08-11 08:45:38  INFO    [7/8] Tableau Volume (v7)
2026-08-11 08:45:38  INFO          Proyecto: Admin Insights/Control Interno
2026-08-11 08:45:38  INFO  Downloaded workbook revision None to C:\tabcmd\TableauGitHub\Tableau Workbooks\Admin Insights\Control Interno\Tableau Volume_v7.twbx (ID: d99d37a4-2441-4e2e-8efb-de7660b31aad)
2026-08-11 08:45:38  INFO          Descargado (0.1 MB)
2026-08-11 08:45:38  INFO    [8/8] Tableau Usage (v24)
2026-08-11 08:45:38  INFO          Proyecto: Admin Insights/Control Interno
2026-08-11 08:45:39  INFO  Downloaded workbook revision None to C:\tabcmd\TableauGitHub\Tableau Workbooks\Admin Insights\Control Interno\Tableau Usage_v24.twbx (ID: 47d4646a-2acb-4a62-bfb0-6d2e68ef908a)
2026-08-11 08:45:39  INFO          Descargado (0.3 MB)
2026-08-11 08:45:39  INFO  Signed out
2026-08-11 08:45:39  INFO  [8/8] Resumen
2026-08-11 08:45:39  INFO  ============================================================
2026-08-11 08:45:39  INFO  RESUMEN DE LA EJECUCION
2026-08-11 08:45:39  INFO  ============================================================
2026-08-11 08:45:39  INFO  Workbooks con version nueva ... 8
2026-08-11 08:45:39  INFO  Descargados correctamente ..... 8
2026-08-11 08:45:39  INFO  Con error ...................... 0
2026-08-11 08:45:39  INFO  Versiones retiradas ............ 0
2026-08-11 08:45:39  INFO  Lotes subidos a GitHub ......... 0
2026-08-11 08:45:39  INFO  Lotes fallidos ................. 0
2026-08-11 08:45:39  INFO  Tiempo total ................... 54s
2026-08-11 08:45:39  INFO  ============================================================
2026-08-11 08:45:39  INFO  BACKUP COMPLETADO SIN ERRORES
2026-08-11 08:45:39  INFO  ============================================================
2026-08-11 09:25:19  INFO  ============================================================
2026-08-11 09:25:19  INFO  BACKUP TABLEAU -> GITHUB
2026-08-11 09:25:19  INFO  ============================================================
2026-08-11 09:25:19  INFO  Configuracion cargada y validada
2026-08-11 09:25:19  INFO  [1/8] Borrando las listas anteriores
2026-08-11 09:25:19  INFO        Listo
2026-08-11 09:25:19  INFO  [2/8] Consultando Oracle (versionado + lista de descarga)
2026-08-11 09:25:22  INFO        Listas generadas
2026-08-11 09:25:22  INFO  [3/8] Leyendo las listas
2026-08-11 09:25:22  INFO        210 workbooks con version nueva que descargar
2026-08-11 09:25:22  INFO        0 versiones marcadas para retirar de GitHub hoy
2026-08-11 09:25:22  INFO  [4/8] Sincronizacion omitida (modo sin GitHub)
2026-08-11 09:25:22  INFO  [5/8] Preparando la carpeta de descargas
2026-08-11 09:25:22  INFO        Nada que retirar hoy
2026-08-11 09:25:22  INFO  [6/8] Conectando con Tableau
2026-08-11 09:25:23  INFO  Signed into https://dub01.online.tableau.com as user with id ae9b04e0-08c6-4b88-9bb9-595a9d2d1fa3
2026-08-11 09:25:23  INFO        Conectado
2026-08-11 09:25:23  INFO  [7/8] Descargando (sin subir a GitHub)
2026-08-11 09:25:23  INFO    [1/210] Admin Insights Starter (v319)
2026-08-11 09:25:23  INFO          Proyecto: Admin Insights
2026-08-11 09:25:24  INFO  Downloaded workbook revision None to C:\tabcmd\TableauGitHub\Tableau Workbooks\Admin Insights\Admin Insights Starter_v319.twb (ID: cede88a2-52d7-439a-8d72-f16b42a73b89)
2026-08-11 09:25:24  INFO          Descargado (2.1 MB)
2026-08-11 09:25:24  INFO    [2/210] GroupsDescarga (v3)
2026-08-11 09:25:24  INFO          Proyecto: Admin Insights/Control Interno
2026-08-11 09:25:24  INFO  Downloaded workbook revision None to C:\tabcmd\TableauGitHub\Tableau Workbooks\Admin Insights\Control Interno\GroupsDescarga_v3.twb (ID: 0f8d7b9f-d980-4c7a-8b63-5ed717d0b7db)
2026-08-11 09:25:24  INFO          Descargado (0.1 MB)
2026-08-11 09:25:24  INFO    [3/210] AdminInsightsStarter (v1)
2026-08-11 09:25:24  INFO          Proyecto: Admin Insights/Control Interno
2026-08-11 09:25:24  INFO  Downloaded workbook revision None to C:\tabcmd\TableauGitHub\Tableau Workbooks\Admin Insights\Control Interno\AdminInsightsStarter_v1.twb (ID: bc6819cc-7c9f-4145-acf2-ffcbe5d7b032)
2026-08-11 09:25:24  INFO          Descargado (1.7 MB)
2026-08-11 09:25:24  INFO    [4/210] SiteContentDescarga (v4)
2026-08-11 09:25:24  INFO          Proyecto: Admin Insights/Control Interno
2026-08-11 09:25:24  INFO          Ya existe en disco, no se descarga de nuevo
2026-08-11 09:25:24  INFO    [5/210] Control (v1)
2026-08-11 09:25:24  INFO          Proyecto: Admin Insights/Control Interno
2026-08-11 09:25:24  INFO          Ya existe en disco, no se descarga de nuevo
2026-08-11 09:25:24  INFO    [6/210] PermissionsDescarga (v4)
2026-08-11 09:25:24  INFO          Proyecto: Admin Insights/Control Interno
2026-08-11 09:25:24  INFO          Ya existe en disco, no se descarga de nuevo
2026-08-11 09:25:24  INFO    [7/210] PlantillaEmpleados (v1)
2026-08-11 09:25:24  INFO          Proyecto: Admin Insights/Control Interno
2026-08-11 09:25:25  INFO  Downloaded workbook revision None to C:\tabcmd\TableauGitHub\Tableau Workbooks\Admin Insights\Control Interno\PlantillaEmpleados_v1.twbx (ID: 37a6df32-2e68-466a-8c1c-987f946c7832)
2026-08-11 09:25:25  INFO          Descargado (0.2 MB)
2026-08-11 09:25:25  INFO    [8/210] Self Service PRO Anonimizado (v2)
2026-08-11 09:25:25  INFO          Proyecto: Admin Insights/Control Interno
2026-08-11 09:25:25  INFO          Ya existe en disco, no se descarga de nuevo
2026-08-11 09:25:25  INFO    [9/210] Estado_Procesos (v26)
2026-08-11 09:25:25  INFO          Proyecto: Admin Insights/Control Interno
2026-08-11 09:25:25  INFO  Downloaded workbook revision None to C:\tabcmd\TableauGitHub\Tableau Workbooks\Admin Insights\Control Interno\Estado_Procesos_v26.twbx (ID: be60de22-ec56-4896-954a-a934c3b6c6e3)
2026-08-11 09:25:25  INFO          Descargado (0.1 MB)
2026-08-11 09:25:25  INFO    [10/210] TS Event Descarga (v6)
2026-08-11 09:25:25  INFO          Proyecto: Admin Insights/Control Interno
2026-08-11 09:25:25  INFO  Downloaded workbook revision None to C:\tabcmd\TableauGitHub\Tableau Workbooks\Admin Insights\Control Interno\TS Event Descarga_v6.twb (ID: 81a65352-6990-46de-a5fc-5cc1760b1bce)
2026-08-11 09:25:25  INFO          Descargado (0.1 MB)
2026-08-11 09:25:25  INFO    [11/210] SharepointEmployeesList (v1)
2026-08-11 09:25:25  INFO          Proyecto: Admin Insights/Control Interno
2026-08-11 09:25:26  INFO  Downloaded workbook revision None to C:\tabcmd\TableauGitHub\Tableau Workbooks\Admin Insights\Control Interno\SharepointEmployeesList_v1.twbx (ID: cf31ca05-5022-4dd9-a138-b48878efba1f)
2026-08-11 09:25:26  INFO          Descargado (0.1 MB)
2026-08-11 09:25:26  INFO    [12/210] Venta Interna PRO Anonimizado (v2)
2026-08-11 09:25:26  INFO          Proyecto: Admin Insights/Control Interno
2026-08-11 09:25:26  INFO          Ya existe en disco, no se descarga de nuevo
2026-08-11 09:25:26  INFO    [13/210] Control Grupos, usuarios y actividad (v23)
2026-08-11 09:25:26  INFO          Proyecto: Admin Insights/Control Interno
2026-08-11 09:25:26  INFO  Downloaded workbook revision None to C:\tabcmd\TableauGitHub\Tableau Workbooks\Admin Insights\Control Interno\Control Grupos, usuarios y actividad_v23.twbx (ID: 77f140fc-5acf-4daa-a2b4-0186bd6988fc)
2026-08-11 09:25:26  INFO          Descargado (0.1 MB)
2026-08-11 09:25:26  INFO    [14/210] Control Pedidos (v3)
2026-08-11 09:25:26  INFO          Proyecto: Admin Insights/Control Interno
2026-08-11 09:25:26  INFO          Ya existe en disco, no se descarga de nuevo
2026-08-11 09:25:26  INFO    [15/210] Tableau Volume (v7)
2026-08-11 09:25:26  INFO          Proyecto: Admin Insights/Control Interno
2026-08-11 09:25:26  INFO          Ya existe en disco, no se descarga de nuevo
2026-08-11 09:25:26  INFO    [16/210] Tableau Usage (v24)
2026-08-11 09:25:26  INFO          Proyecto: Admin Insights/Control Interno
2026-08-11 09:25:26  INFO          Ya existe en disco, no se descarga de nuevo
2026-08-11 09:25:26  INFO    [17/210] Home (v244)
2026-08-11 09:25:26  INFO          Proyecto: Production
2026-08-11 09:25:27  INFO  Downloaded workbook revision None to C:\tabcmd\TableauGitHub\Tableau Workbooks\Production\Home_v244.twbx (ID: 42259644-f293-486c-a2d6-d300f43d95bd)
2026-08-11 09:25:27  INFO          Descargado (10.2 MB)
2026-08-11 09:25:27  INFO    [18/210] Pharma Visits Mex (v6)
2026-08-11 09:25:27  INFO          Proyecto: Production/Dashboards/Hexagono
2026-08-11 09:25:28  INFO  Downloaded workbook revision None to C:\tabcmd\TableauGitHub\Tableau Workbooks\Production\Dashboards\Hexagono\Pharma Visits Mex_v6.twbx (ID: 40e78df0-f33c-48ff-97dc-9ea0000fe100)
2026-08-11 09:25:28  INFO          Descargado (0.2 MB)
2026-08-11 09:25:28  INFO    [19/210] Training & Learning (v34)
2026-08-11 09:25:28  INFO          Proyecto: Production/Dashboards/Hexagono
2026-08-11 09:25:28  INFO  Downloaded workbook revision None to C:\tabcmd\TableauGitHub\Tableau Workbooks\Production\Dashboards\Hexagono\Training & Learning_v34.twbx (ID: be6eebd7-44a9-44ce-9576-b47e9206ed78)
2026-08-11 09:25:28  INFO          Descargado (0.2 MB)
2026-08-11 09:25:28  INFO    [20/210] VF Dashboard (v25)
2026-08-11 09:25:28  INFO          Proyecto: Production/Dashboards/Hexagono
2026-08-11 09:25:28  INFO  Downloaded workbook revision None to C:\tabcmd\TableauGitHub\Tableau Workbooks\Production\Dashboards\Hexagono\VF Dashboard_v25.twbx (ID: 3096f322-962d-4f48-8528-8061783c1c7d)
2026-08-11 09:25:28  INFO          Descargado (0.4 MB)
2026-08-11 09:25:28  INFO    [21/210] Digital Marketing PRO (v13)
2026-08-11 09:25:28  INFO          Proyecto: Production/Dashboards/Hexagono
2026-08-11 09:25:29  INFO  Downloaded workbook revision None to C:\tabcmd\TableauGitHub\Tableau Workbooks\Production\Dashboards\Hexagono\Digital Marketing PRO_v13.twbx (ID: dc245705-f8eb-4c64-a5df-1ea0547c2e81)
2026-08-11 09:25:29  INFO          Descargado (0.7 MB)
2026-08-11 09:25:29  INFO    [22/210] Order to Cash PRO (v29)
2026-08-11 09:25:29  INFO          Proyecto: Production/Dashboards/Hexagono
2026-08-11 09:25:30  INFO  Downloaded workbook revision None to C:\tabcmd\TableauGitHub\Tableau Workbooks\Production\Dashboards\Hexagono\Order to Cash PRO_v29.twbx (ID: 9f57b383-b5f5-4e05-a50e-6cdddb41e436)
2026-08-11 09:25:30  INFO          Descargado (0.8 MB)
2026-08-11 09:25:30  INFO    [23/210] Home Hexagon (v13)
2026-08-11 09:25:30  INFO          Proyecto: Production/Dashboards/Hexagono
2026-08-11 09:25:36  INFO  Downloaded workbook revision None to C:\tabcmd\TableauGitHub\Tableau Workbooks\Production\Dashboards\Hexagono\Home Hexagon_v13.twbx (ID: bc103e88-3047-4351-81c2-fcfb35bfcf22)
2026-08-11 09:25:36  INFO          Descargado (41.0 MB)
2026-08-11 09:25:36  INFO    [24/210] Seguimiento Presupuesto (v2)
2026-08-11 09:25:36  INFO          Proyecto: Production/Dashboards/Performance Sell In
2026-08-11 09:25:36  INFO  Downloaded workbook revision None to C:\tabcmd\TableauGitHub\Tableau Workbooks\Production\Dashboards\Performance Sell In\Seguimiento Presupuesto_v2.twbx (ID: 858e6496-45d0-4e05-9dbc-3de7292ba71d)
2026-08-11 09:25:36  INFO          Descargado (0.2 MB)
2026-08-11 09:25:36  INFO    [25/210] Zoom VN (v37)
2026-08-11 09:25:36  INFO          Proyecto: Production/Dashboards/Performance Sell In
2026-08-11 09:25:37  INFO  Downloaded workbook revision None to C:\tabcmd\TableauGitHub\Tableau Workbooks\Production\Dashboards\Performance Sell In\Zoom VN_v37.twbx (ID: 85c2d2f3-8c19-418b-8f49-f722843118eb)
2026-08-11 09:25:37  INFO          Descargado (1.0 MB)
2026-08-11 09:25:37  INFO    [26/210] Seguimiento Performance Sell In (v37)
2026-08-11 09:25:37  INFO          Proyecto: Production/Dashboards/Performance Sell In
2026-08-11 09:25:37  INFO  Downloaded workbook revision None to C:\tabcmd\TableauGitHub\Tableau Workbooks\Production\Dashboards\Performance Sell In\Seguimiento Performance Sell In_v37.twbx (ID: ab8a76c0-45ec-421e-b9b0-aa323c11b6a3)
2026-08-11 09:25:37  INFO          Descargado (0.3 MB)
2026-08-11 09:25:37  INFO    [27/210] Daily Net Sales (v9)
2026-08-11 09:25:37  INFO          Proyecto: Production/Dashboards/Performance Sell In
2026-08-11 09:25:38  INFO  Downloaded workbook revision None to C:\tabcmd\TableauGitHub\Tableau Workbooks\Production\Dashboards\Performance Sell In\Daily Net Sales_v9.twbx (ID: 2e6c08cd-9dd9-4da4-bbc7-7931b4195914)
2026-08-11 09:25:38  INFO          Descargado (0.6 MB)
2026-08-11 09:25:38  INFO    [28/210] Self Service PRO (v100)
2026-08-11 09:25:38  INFO          Proyecto: Production/Dashboards/Performance Sell In
2026-08-11 09:25:38  INFO  Downloaded workbook revision None to C:\tabcmd\TableauGitHub\Tableau Workbooks\Production\Dashboards\Performance Sell In\Self Service PRO_v100.twbx (ID: 98a98141-404e-494a-a1e3-1dca9e900c54)
2026-08-11 09:25:38  INFO          Descargado (0.4 MB)
2026-08-11 09:25:38  INFO    [29/210] Ceco Cuenta (v6)
2026-08-11 09:25:38  INFO          Proyecto: Production/Dashboards/Performance Sell In
2026-08-11 09:25:39  INFO  Downloaded workbook revision None to C:\tabcmd\TableauGitHub\Tableau Workbooks\Production\Dashboards\Performance Sell In\Ceco Cuenta_v6.twbx (ID: f2cffbb5-876b-4103-b8c9-725d987e108d)
2026-08-11 09:25:39  INFO          Descargado (0.1 MB)
2026-08-11 09:25:39  INFO    [30/210] Termometro Ventas Diarias (v46)
2026-08-11 09:25:39  INFO          Proyecto: Production/Dashboards/Performance Sell In
2026-08-11 09:25:39  INFO  Downloaded workbook revision None to C:\tabcmd\TableauGitHub\Tableau Workbooks\Production\Dashboards\Performance Sell In\Termometro Ventas Diarias_v46.twbx (ID: 51d8ca76-1a3e-4fb3-a42f-9365e417f806)
2026-08-11 09:25:39  INFO          Descargado (0.4 MB)
2026-08-11 09:25:39  INFO    [31/210] Venta Interna PRO (v69)
2026-08-11 09:25:39  INFO          Proyecto: Production/Dashboards/Performance Sell In
2026-08-11 09:25:40  INFO  Downloaded workbook revision None to C:\tabcmd\TableauGitHub\Tableau Workbooks\Production\Dashboards\Performance Sell In\Venta Interna PRO_v69.twbx (ID: 04d1a277-9533-4ce9-8616-a7e31fa82da5)
2026-08-11 09:25:40  INFO          Descargado (1.3 MB)
2026-08-11 09:25:40  INFO    [32/210] Zoom Dtos BU (v11)
2026-08-11 09:25:40  INFO          Proyecto: Production/Dashboards/Performance Sell In
2026-08-11 09:25:41  INFO  Downloaded workbook revision None to C:\tabcmd\TableauGitHub\Tableau Workbooks\Production\Dashboards\Performance Sell In\Zoom Dtos BU_v11.twbx (ID: 4c323995-6f47-4c11-b6fb-22a12bd181eb)
2026-08-11 09:25:41  INFO          Descargado (0.5 MB)
2026-08-11 09:25:41  INFO    [33/210] Venta Interna - YTD (v1)
2026-08-11 09:25:41  INFO          Proyecto: Production/Dashboards/Performance Sell In
2026-08-11 09:25:41  INFO  Downloaded workbook revision None to C:\tabcmd\TableauGitHub\Tableau Workbooks\Production\Dashboards\Performance Sell In\Venta Interna - YTD_v1.twbx (ID: 9b8407f3-0a94-48a3-94a7-62754cbd618d)
2026-08-11 09:25:41  INFO          Descargado (0.4 MB)
2026-08-11 09:25:41  INFO    [34/210] Termometro Ventas Mensuales (v47)
2026-08-11 09:25:41  INFO          Proyecto: Production/Dashboards/Performance Sell In
2026-08-11 09:25:42  INFO  Downloaded workbook revision None to C:\tabcmd\TableauGitHub\Tableau Workbooks\Production\Dashboards\Performance Sell In\Termometro Ventas Mensuales_v47.twbx (ID: 2cffeac7-70bb-474b-90b1-071753995690)
2026-08-11 09:25:42  INFO          Descargado (0.4 MB)
2026-08-11 09:25:42  INFO    [35/210] PL (v36)
2026-08-11 09:25:42  INFO          Proyecto: Production/Dashboards/Performance Sell In
2026-08-11 09:25:42  INFO  Downloaded workbook revision None to C:\tabcmd\TableauGitHub\Tableau Workbooks\Production\Dashboards\Performance Sell In\PL_v36.twbx (ID: 91c161b6-c54a-4161-a348-eb0eaab868d1)
2026-08-11 09:25:42  INFO          Descargado (0.8 MB)
2026-08-11 09:25:42  INFO    [36/210] Venta Interna - MTD (v1)
2026-08-11 09:25:42  INFO          Proyecto: Production/Dashboards/Performance Sell In
2026-08-11 09:25:43  INFO  Downloaded workbook revision None to C:\tabcmd\TableauGitHub\Tableau Workbooks\Production\Dashboards\Performance Sell In\Venta Interna - MTD_v1.twbx (ID: ae558d36-888b-4baa-a9f4-96b5ee9bdc24)
2026-08-11 09:25:43  INFO          Descargado (0.4 MB)
2026-08-11 09:25:43  INFO    [37/210] Informe Actividad por Tipo Centro (v24)
2026-08-11 09:25:43  INFO          Proyecto: Production/Dashboards/Ad hoc Reports/BI Local/BI España
2026-08-11 09:25:43  INFO  Downloaded workbook revision None to C:\tabcmd\TableauGitHub\Tableau Workbooks\Production\Dashboards\Ad hoc Reports\BI Local\BI España\Informe Actividad por Tipo Centro_v24.twbx (ID: 43597e46-7f38-47ff-b6d6-5ce2f161e6a0)
2026-08-11 09:25:43  INFO          Descargado (0.1 MB)
2026-08-11 09:25:43  INFO    [38/210] Proyeccion Preventa Heliocare (v5)
2026-08-11 09:25:43  INFO          Proyecto: Production/Dashboards/Ad hoc Reports/BI Local/BI España
2026-08-11 09:25:43  INFO  Downloaded workbook revision None to C:\tabcmd\TableauGitHub\Tableau Workbooks\Production\Dashboards\Ad hoc Reports\BI Local\BI España\Proyeccion Preventa Heliocare_v5.twbx (ID: 50072467-a859-426e-a84b-135f1eed4097)
2026-08-11 09:25:43  INFO          Descargado (0.1 MB)
2026-08-11 09:25:43  INFO    [39/210] Rankings (v69)
2026-08-11 09:25:43  INFO          Proyecto: Production/Dashboards/Ad hoc Reports/BI Local/BI España
2026-08-11 09:25:44  INFO  Downloaded workbook revision None to C:\tabcmd\TableauGitHub\Tableau Workbooks\Production\Dashboards\Ad hoc Reports\BI Local\BI España\Rankings_v69.twbx (ID: fc964802-f146-43f2-9163-b3a86ca7f66d)
2026-08-11 09:25:44  INFO          Descargado (0.4 MB)
2026-08-11 09:25:44  INFO    [40/210] Analisis por Tipo Venta (v18)
2026-08-11 09:25:44  INFO          Proyecto: Production/Dashboards/Ad hoc Reports/BI Local/BI España
2026-08-11 09:25:44  INFO  Downloaded workbook revision None to C:\tabcmd\TableauGitHub\Tableau Workbooks\Production\Dashboards\Ad hoc Reports\BI Local\BI España\Analisis por Tipo Venta_v18.twbx (ID: bd742d87-1c1f-4079-9bba-aac6472b44e5)
2026-08-11 09:25:44  INFO          Descargado (0.1 MB)
2026-08-11 09:25:44  INFO    [41/210] CdM Informes Delegado (v59)
2026-08-11 09:25:44  INFO          Proyecto: Production/Dashboards/Ad hoc Reports/BI Local/BI España
2026-08-11 09:25:45  INFO  Downloaded workbook revision None to C:\tabcmd\TableauGitHub\Tableau Workbooks\Production\Dashboards\Ad hoc Reports\BI Local\BI España\CdM Informes Delegado_v59.twbx (ID: f30dfe94-7b18-4d30-94cd-77fede4610ba)
2026-08-11 09:25:45  INFO          Descargado (0.3 MB)
2026-08-11 09:25:45  INFO    [42/210] CdM Area Clientes (v349)
2026-08-11 09:25:45  INFO          Proyecto: Production/Dashboards/Ad hoc Reports/BI Local/BI España
2026-08-11 09:25:47  INFO  Downloaded workbook revision None to C:\tabcmd\TableauGitHub\Tableau Workbooks\Production\Dashboards\Ad hoc Reports\BI Local\BI España\CdM Area Clientes_v349.twbx (ID: dba0dffd-11b5-44e9-8cb6-6f2ebac65bec)
2026-08-11 09:25:47  INFO          Descargado (1.8 MB)
2026-08-11 09:25:47  INFO    [43/210] CdM Rankings-Area Clientes (v28)
2026-08-11 09:25:47  INFO          Proyecto: Production/Dashboards/Ad hoc Reports/BI Local/BI España
2026-08-11 09:25:47  INFO  Downloaded workbook revision None to C:\tabcmd\TableauGitHub\Tableau Workbooks\Production\Dashboards\Ad hoc Reports\BI Local\BI España\CdM Rankings-Area Clientes_v28.twbx (ID: 15a938d8-cd10-4f27-ae70-fdd460bb12ad)
2026-08-11 09:25:47  INFO          Descargado (0.6 MB)
2026-08-11 09:25:47  INFO    [44/210] CdM PLUS Incentivos (v111)
2026-08-11 09:25:47  INFO          Proyecto: Production/Dashboards/Ad hoc Reports/BI Local/BI España
2026-08-11 09:25:48  INFO  Downloaded workbook revision None to C:\tabcmd\TableauGitHub\Tableau Workbooks\Production\Dashboards\Ad hoc Reports\BI Local\BI España\CdM PLUS Incentivos_v111.twbx (ID: f464faa1-5ca4-45e6-9c54-6a3d727e82b3)
2026-08-11 09:25:48  INFO          Descargado (1.7 MB)
2026-08-11 09:25:48  INFO    [45/210] CdM Matrices (v94)
2026-08-11 09:25:48  INFO          Proyecto: Production/Dashboards/Ad hoc Reports/BI Local/BI España
2026-08-11 09:25:48  INFO  Downloaded workbook revision None to C:\tabcmd\TableauGitHub\Tableau Workbooks\Production\Dashboards\Ad hoc Reports\BI Local\BI España\CdM Matrices_v94.twbx (ID: b625f02e-d6b4-42ef-b494-2e7fc656c9a5)
2026-08-11 09:25:48  INFO          Descargado (0.3 MB)
2026-08-11 09:25:48  INFO    [46/210] CdM Venta Interna (v235)
2026-08-11 09:25:48  INFO          Proyecto: Production/Dashboards/Ad hoc Reports/BI Local/BI España
2026-08-11 09:25:50  INFO  Downloaded workbook revision None to C:\tabcmd\TableauGitHub\Tableau Workbooks\Production\Dashboards\Ad hoc Reports\BI Local\BI España\CdM Venta Interna_v235.twbx (ID: 2ac5c118-f0e1-4880-b032-2d4884bc3af8)
2026-08-11 09:25:50  INFO          Descargado (1.7 MB)
2026-08-11 09:25:50  INFO    [47/210] IAD Salesforce (v113)
2026-08-11 09:25:50  INFO          Proyecto: Production/Dashboards/Ad hoc Reports/BI Local/BI España
2026-08-11 09:25:51  INFO  Downloaded workbook revision None to C:\tabcmd\TableauGitHub\Tableau Workbooks\Production\Dashboards\Ad hoc Reports\BI Local\BI España\IAD Salesforce_v113.twbx (ID: bf648395-3fae-48e4-8d58-6f7fd04867b6)
2026-08-11 09:25:51  INFO          Descargado (0.4 MB)
2026-08-11 09:25:51  INFO    [48/210] Informe Provision Rappel (v36)
2026-08-11 09:25:51  INFO          Proyecto: Production/Dashboards/Ad hoc Reports/BI Local/BI España
2026-08-11 09:25:51  INFO  Downloaded workbook revision None to C:\tabcmd\TableauGitHub\Tableau Workbooks\Production\Dashboards\Ad hoc Reports\BI Local\BI España\Informe Provision Rappel_v36.twbx (ID: 3135aa9b-d239-48f9-bfe2-97f8b66635d3)
2026-08-11 09:25:51  INFO          Descargado (0.1 MB)
2026-08-11 09:25:51  INFO    [49/210] CdM Unidades Regulatorio (v7)
2026-08-11 09:25:51  INFO          Proyecto: Production/Dashboards/Ad hoc Reports/BI Local/BI España
2026-08-11 09:25:51  INFO  Downloaded workbook revision None to C:\tabcmd\TableauGitHub\Tableau Workbooks\Production\Dashboards\Ad hoc Reports\BI Local\BI España\CdM Unidades Regulatorio_v7.twbx (ID: 0a5cdc3e-306c-44af-9ef5-768f99f4a263)
2026-08-11 09:25:51  INFO          Descargado (0.1 MB)
2026-08-11 09:25:51  INFO    [50/210] CdM Sell out (v62)
2026-08-11 09:25:51  INFO          Proyecto: Production/Dashboards/Ad hoc Reports/BI Local/BI España
2026-08-11 09:25:52  INFO  Downloaded workbook revision None to C:\tabcmd\TableauGitHub\Tableau Workbooks\Production\Dashboards\Ad hoc Reports\BI Local\BI España\CdM Sell out_v62.twbx (ID: 7b98ed27-cf90-40ea-a086-a67959bcba8e)
2026-08-11 09:25:52  INFO          Descargado (0.4 MB)
2026-08-11 09:25:52  INFO    [51/210] CdM AP Incentivos (v25)
2026-08-11 09:25:52  INFO          Proyecto: Production/Dashboards/Ad hoc Reports/BI Local/BI España
2026-08-11 09:25:52  INFO  Downloaded workbook revision None to C:\tabcmd\TableauGitHub\Tableau Workbooks\Production\Dashboards\Ad hoc Reports\BI Local\BI España\CdM AP Incentivos_v25.twbx (ID: d267ca43-03cf-4ab1-8482-ab4c037b85fa)
2026-08-11 09:25:52  INFO          Descargado (0.2 MB)
2026-08-11 09:25:52  INFO    [52/210] CdM Clientes - Filtro Facturacion (v31)
2026-08-11 09:25:52  INFO          Proyecto: Production/Dashboards/Ad hoc Reports/BI Local/BI España
2026-08-11 09:25:53  INFO  Downloaded workbook revision None to C:\tabcmd\TableauGitHub\Tableau Workbooks\Production\Dashboards\Ad hoc Reports\BI Local\BI España\CdM Clientes - Filtro Facturacion_v31.twbx (ID: b70062b9-8ad6-4c22-a875-bc4e16df3a58)
2026-08-11 09:25:53  INFO          Descargado (0.4 MB)
2026-08-11 09:25:53  INFO    [53/210] Estrategia Ciclo (v24)
2026-08-11 09:25:53  INFO          Proyecto: Production/Dashboards/Ad hoc Reports/BI Local/BI España
2026-08-11 09:25:53  INFO  Downloaded workbook revision None to C:\tabcmd\TableauGitHub\Tableau Workbooks\Production\Dashboards\Ad hoc Reports\BI Local\BI España\Estrategia Ciclo_v24.twbx (ID: 00814ae0-b0b6-44aa-abfc-aff5be99d374)
2026-08-11 09:25:53  INFO          Descargado (0.2 MB)
2026-08-11 09:25:53  INFO    [54/210] KPIs Estrategicos (v6)
2026-08-11 09:25:53  INFO          Proyecto: Production/Dashboards/Ad hoc Reports/BI Local/BI España
2026-08-11 09:25:53  INFO  Downloaded workbook revision None to C:\tabcmd\TableauGitHub\Tableau Workbooks\Production\Dashboards\Ad hoc Reports\BI Local\BI España\KPIs Estrategicos_v6.twbx (ID: 1afab344-4948-4955-9a8d-339dfc574894)
2026-08-11 09:25:53  INFO          Descargado (0.4 MB)
2026-08-11 09:25:53  INFO    [55/210] Seguimiento Acuerdos Comerciales (v34)
2026-08-11 09:25:53  INFO          Proyecto: Production/Dashboards/Ad hoc Reports/BI Local/BI España
2026-08-11 09:25:54  INFO  Downloaded workbook revision None to C:\tabcmd\TableauGitHub\Tableau Workbooks\Production\Dashboards\Ad hoc Reports\BI Local\BI España\Seguimiento Acuerdos Comerciales_v34.twbx (ID: 4c3a98a8-964d-4af6-b6ac-eee7d2b82b34)
2026-08-11 09:25:54  INFO          Descargado (0.4 MB)
2026-08-11 09:25:54  INFO    [56/210] CdM Red Select Ejecutivo (v59)
2026-08-11 09:25:54  INFO          Proyecto: Production/Dashboards/Ad hoc Reports/BI Local/BI España
2026-08-11 09:25:55  INFO  Downloaded workbook revision None to C:\tabcmd\TableauGitHub\Tableau Workbooks\Production\Dashboards\Ad hoc Reports\BI Local\BI España\CdM Red Select Ejecutivo_v59.twbx (ID: 4cdc883b-254e-4d3c-a548-57cbade4a3e8)
2026-08-11 09:25:55  INFO          Descargado (1.6 MB)
2026-08-11 09:25:55  INFO    [57/210] CdM Gastos Red Comercial (v27)
2026-08-11 09:25:55  INFO          Proyecto: Production/Dashboards/Ad hoc Reports/BI Local/BI España
2026-08-11 09:25:55  INFO  Downloaded workbook revision None to C:\tabcmd\TableauGitHub\Tableau Workbooks\Production\Dashboards\Ad hoc Reports\BI Local\BI España\CdM Gastos Red Comercial_v27.twbx (ID: 90345dd6-36be-4e67-95cf-d58808bbd346)
2026-08-11 09:25:55  INFO          Descargado (0.2 MB)
2026-08-11 09:25:55  INFO    [58/210] CdM CARE Incentivos (v21)
2026-08-11 09:25:55  INFO          Proyecto: Production/Dashboards/Ad hoc Reports/BI Local/BI España
2026-08-11 09:25:56  INFO  Downloaded workbook revision None to C:\tabcmd\TableauGitHub\Tableau Workbooks\Production\Dashboards\Ad hoc Reports\BI Local\BI España\CdM CARE Incentivos_v21.twbx (ID: 12ec4ee6-057d-46ec-b510-a821864c9068)
2026-08-11 09:25:56  INFO          Descargado (1.8 MB)
2026-08-11 09:25:56  INFO    [59/210] CdM Campañas (v30)
2026-08-11 09:25:56  INFO          Proyecto: Production/Dashboards/Ad hoc Reports/BI Local/BI España
2026-08-11 09:25:56  INFO  Downloaded workbook revision None to C:\tabcmd\TableauGitHub\Tableau Workbooks\Production\Dashboards\Ad hoc Reports\BI Local\BI España\CdM Campañas_v30.twbx (ID: a5722517-6d85-4a14-8e3d-19db8e940149)
2026-08-11 09:25:56  INFO          Descargado (0.2 MB)
2026-08-11 09:25:56  INFO    [60/210] Analisis Importe Pendiente (v11)
2026-08-11 09:25:56  INFO          Proyecto: Production/Dashboards/Ad hoc Reports/BI Local/BI España
2026-08-11 09:25:56  INFO  Downloaded workbook revision None to C:\tabcmd\TableauGitHub\Tableau Workbooks\Production\Dashboards\Ad hoc Reports\BI Local\BI España\Analisis Importe Pendiente_v11.twbx (ID: cb328a90-df69-4062-9fc9-505398b6e3aa)
2026-08-11 09:25:56  INFO          Descargado (0.1 MB)
2026-08-11 09:25:56  INFO    [61/210] Uds Proyectadas (v39)
2026-08-11 09:25:56  INFO          Proyecto: Production/Dashboards/Ad hoc Reports/BI Local/BI España
2026-08-11 09:25:57  INFO  Downloaded workbook revision None to C:\tabcmd\TableauGitHub\Tableau Workbooks\Production\Dashboards\Ad hoc Reports\BI Local\BI España\Uds Proyectadas_v39.twbx (ID: b3d517bb-c60c-4610-84db-88c4233302b1)
2026-08-11 09:25:57  INFO          Descargado (0.3 MB)
2026-08-11 09:25:57  INFO    [62/210] Informe Clientes sin Venta (con Prop.) (v3)
2026-08-11 09:25:57  INFO          Proyecto: Production/Dashboards/Ad hoc Reports/BI Local/BI España
2026-08-11 09:25:57  INFO  Downloaded workbook revision None to C:\tabcmd\TableauGitHub\Tableau Workbooks\Production\Dashboards\Ad hoc Reports\BI Local\BI España\Informe Clientes sin Venta (con Prop.)_v3.twbx (ID: 320b2fc5-f53a-41b7-b63d-6c64aa5b7c8b)
2026-08-11 09:25:57  INFO          Descargado (0.1 MB)
2026-08-11 09:25:57  INFO    [63/210] CdM DERM Incentivos (v90)
2026-08-11 09:25:57  INFO          Proyecto: Production/Dashboards/Ad hoc Reports/BI Local/BI España
2026-08-11 09:25:58  INFO  Downloaded workbook revision None to C:\tabcmd\TableauGitHub\Tableau Workbooks\Production\Dashboards\Ad hoc Reports\BI Local\BI España\CdM DERM Incentivos_v90.twbx (ID: ce639af7-d263-4d26-b73a-f49647bfe20e)
2026-08-11 09:25:58  INFO          Descargado (1.8 MB)
2026-08-11 09:25:58  INFO    [64/210] CdM COACH Incentivos (v58)
2026-08-11 09:25:58  INFO          Proyecto: Production/Dashboards/Ad hoc Reports/BI Local/BI España
2026-08-11 09:25:59  INFO  Downloaded workbook revision None to C:\tabcmd\TableauGitHub\Tableau Workbooks\Production\Dashboards\Ad hoc Reports\BI Local\BI España\CdM COACH Incentivos_v58.twbx (ID: ddd99cd0-51a5-40d3-9f9d-d3af13ea88a8)
2026-08-11 09:25:59  INFO          Descargado (1.6 MB)
2026-08-11 09:25:59  INFO    [65/210] CdM Redención (v61)
2026-08-11 09:25:59  INFO          Proyecto: Production/Dashboards/Ad hoc Reports/BI Local/BI España
2026-08-11 09:25:59  INFO  Downloaded workbook revision None to C:\tabcmd\TableauGitHub\Tableau Workbooks\Production\Dashboards\Ad hoc Reports\BI Local\BI España\CdM Redención_v61.twbx (ID: 439cd2fe-05ef-41f0-ab0a-1b0f74af84a9)
2026-08-11 09:25:59  INFO          Descargado (0.1 MB)
2026-08-11 09:25:59  INFO    [66/210] CdM NEO Incentivos (v84)
2026-08-11 09:25:59  INFO          Proyecto: Production/Dashboards/Ad hoc Reports/BI Local/BI España
2026-08-11 09:26:00  INFO  Downloaded workbook revision None to C:\tabcmd\TableauGitHub\Tableau Workbooks\Production\Dashboards\Ad hoc Reports\BI Local\BI España\CdM NEO Incentivos_v84.twbx (ID: 8ac5d362-9c0d-4244-a198-ce0d6d39231f)
2026-08-11 09:26:00  INFO          Descargado (1.7 MB)
2026-08-11 09:26:00  INFO    [67/210] CdM Preventas (v52)
2026-08-11 09:26:00  INFO          Proyecto: Production/Dashboards/Ad hoc Reports/BI Local/BI España
2026-08-11 09:26:00  INFO  Downloaded workbook revision None to C:\tabcmd\TableauGitHub\Tableau Workbooks\Production\Dashboards\Ad hoc Reports\BI Local\BI España\CdM Preventas_v52.twbx (ID: 7653d326-194d-49e3-a420-7b055c4e8d7b)
2026-08-11 09:26:00  INFO          Descargado (0.3 MB)
2026-08-11 09:26:00  INFO    [68/210] Analisis de Mercados (v35)
2026-08-11 09:26:00  INFO          Proyecto: Production/Dashboards/Ad hoc Reports/BI Local/BI España
2026-08-11 09:26:01  INFO  Downloaded workbook revision None to C:\tabcmd\TableauGitHub\Tableau Workbooks\Production\Dashboards\Ad hoc Reports\BI Local\BI España\Analisis de Mercados_v35.twbx (ID: a9fe61ee-38b8-48a4-8db7-98d8defdd0eb)
2026-08-11 09:26:01  INFO          Descargado (0.2 MB)
2026-08-11 09:26:01  INFO    [69/210] CdM Tarifa de Precios y Uds Caja (v26)
2026-08-11 09:26:01  INFO          Proyecto: Production/Dashboards/Ad hoc Reports/BI Local/BI España
2026-08-11 09:26:01  INFO  Downloaded workbook revision None to C:\tabcmd\TableauGitHub\Tableau Workbooks\Production\Dashboards\Ad hoc Reports\BI Local\BI España\CdM Tarifa de Precios y Uds Caja_v26.twbx (ID: efa77e7b-0174-49e8-8aae-dfed2792178c)
2026-08-11 09:26:01  INFO          Descargado (0.2 MB)
2026-08-11 09:26:01  INFO    [70/210] Seguridad Dashboards (v12)
2026-08-11 09:26:01  INFO          Proyecto: Production/Dashboards/Ad hoc Reports/BI Local/BI España
2026-08-11 09:26:01  INFO  Downloaded workbook revision None to C:\tabcmd\TableauGitHub\Tableau Workbooks\Production\Dashboards\Ad hoc Reports\BI Local\BI España\Seguridad Dashboards_v12.twbx (ID: d309987f-e081-4c52-9c0f-d3d540c170eb)
2026-08-11 09:26:01  INFO          Descargado (0.2 MB)
2026-08-11 09:26:01  INFO    [71/210] CdM Integral - Actividad (v131)
2026-08-11 09:26:01  INFO          Proyecto: Production/Dashboards/Ad hoc Reports/BI Local/BI España
2026-08-11 09:26:02  INFO  Downloaded workbook revision None to C:\tabcmd\TableauGitHub\Tableau Workbooks\Production\Dashboards\Ad hoc Reports\BI Local\BI España\CdM Integral - Actividad_v131.twbx (ID: 49f7ffd7-4cf9-4a4e-972d-107fb0a2d371)
2026-08-11 09:26:02  INFO          Descargado (0.9 MB)
2026-08-11 09:26:02  INFO    [72/210] CdM Matrices Cosm (v13)
2026-08-11 09:26:02  INFO          Proyecto: Production/Dashboards/Ad hoc Reports/BI Local/BI España
2026-08-11 09:26:03  INFO  Downloaded workbook revision None to C:\tabcmd\TableauGitHub\Tableau Workbooks\Production\Dashboards\Ad hoc Reports\BI Local\BI España\CdM Matrices Cosm_v13.twbx (ID: 8b575faa-1276-41b2-ae79-2ece5f5b9429)
2026-08-11 09:26:03  INFO          Descargado (0.2 MB)
2026-08-11 09:26:03  INFO    [73/210] Analisis Packs (v13)
2026-08-11 09:26:03  INFO          Proyecto: Production/Dashboards/Ad hoc Reports/BI Local/BI España
2026-08-11 09:26:03  INFO  Downloaded workbook revision None to C:\tabcmd\TableauGitHub\Tableau Workbooks\Production\Dashboards\Ad hoc Reports\BI Local\BI España\Analisis Packs_v13.twbx (ID: 8b340c1b-5d4f-44d3-aef2-77219dc7a7ae)
2026-08-11 09:26:03  INFO          Descargado (0.2 MB)
2026-08-11 09:26:03  INFO    [74/210] CdM Area Clientes Self Service (v115)
2026-08-11 09:26:03  INFO          Proyecto: Production/Dashboards/Ad hoc Reports/BI Local/BI España
2026-08-11 09:26:03  INFO  Downloaded workbook revision None to C:\tabcmd\TableauGitHub\Tableau Workbooks\Production\Dashboards\Ad hoc Reports\BI Local\BI España\CdM Area Clientes Self Service_v115.twbx (ID: 7644ed0c-6122-449b-8d7f-cf33049e9d71)
2026-08-11 09:26:03  INFO          Descargado (0.4 MB)
2026-08-11 09:26:03  INFO    [75/210] Informe Incentivos Cobrados (v6)
2026-08-11 09:26:03  INFO          Proyecto: Production/Dashboards/Ad hoc Reports/BI Local/BI España
2026-08-11 09:26:04  INFO  Downloaded workbook revision None to C:\tabcmd\TableauGitHub\Tableau Workbooks\Production\Dashboards\Ad hoc Reports\BI Local\BI España\Informe Incentivos Cobrados_v6.twbx (ID: 0f6b157a-62a0-4903-a1c2-d20a82f2a43c)
2026-08-11 09:26:04  INFO          Descargado (0.1 MB)
2026-08-11 09:26:04  INFO    [76/210] CdM SKIN Incentivos (v85)
2026-08-11 09:26:04  INFO          Proyecto: Production/Dashboards/Ad hoc Reports/BI Local/BI España
2026-08-11 09:26:04  INFO  Downloaded workbook revision None to C:\tabcmd\TableauGitHub\Tableau Workbooks\Production\Dashboards\Ad hoc Reports\BI Local\BI España\CdM SKIN Incentivos_v85.twbx (ID: eaf84fef-7f97-463a-b4d8-f18d31dc6ddc)
2026-08-11 09:26:04  INFO          Descargado (1.7 MB)
2026-08-11 09:26:04  INFO    [77/210] Presupuesto Internas (v34)
2026-08-11 09:26:04  INFO          Proyecto: Production/Dashboards/Ad hoc Reports/BI Local/BI España
2026-08-11 09:26:05  INFO  Downloaded workbook revision None to C:\tabcmd\TableauGitHub\Tableau Workbooks\Production\Dashboards\Ad hoc Reports\BI Local\BI España\Presupuesto Internas_v34.twbx (ID: 530c2476-9f18-49a6-9c76-abcfc60304fa)
2026-08-11 09:26:05  INFO          Descargado (0.2 MB)
2026-08-11 09:26:05  INFO    [78/210] CdM Integral Self Service AA (v58)
2026-08-11 09:26:05  INFO          Proyecto: Production/Dashboards/Ad hoc Reports/BI Local/BI España
2026-08-11 09:26:05  INFO  Downloaded workbook revision None to C:\tabcmd\TableauGitHub\Tableau Workbooks\Production\Dashboards\Ad hoc Reports\BI Local\BI España\CdM Integral Self Service AA_v58.twbx (ID: 85581bce-8429-40e8-a643-05dfb61709ea)
2026-08-11 09:26:05  INFO          Descargado (0.3 MB)
2026-08-11 09:26:05  INFO    [79/210] CdM Select Self Service (v24)
2026-08-11 09:26:05  INFO          Proyecto: Production/Dashboards/Ad hoc Reports/BI Local/BI España
2026-08-11 09:26:06  INFO  Downloaded workbook revision None to C:\tabcmd\TableauGitHub\Tableau Workbooks\Production\Dashboards\Ad hoc Reports\BI Local\BI España\CdM Select Self Service_v24.twbx (ID: 0ca38d57-3efc-4051-a26c-16e4934f5ec6)
2026-08-11 09:26:06  INFO          Descargado (0.3 MB)
2026-08-11 09:26:06  INFO    [80/210] CdM Incentivos Global (v16)
2026-08-11 09:26:06  INFO          Proyecto: Production/Dashboards/Ad hoc Reports/BI Local/BI España
2026-08-11 09:26:06  INFO  Downloaded workbook revision None to C:\tabcmd\TableauGitHub\Tableau Workbooks\Production\Dashboards\Ad hoc Reports\BI Local\BI España\CdM Incentivos Global_v16.twbx (ID: 6dd68259-d8e8-4ba8-8322-bb7c9edcf2d7)
2026-08-11 09:26:06  INFO          Descargado (0.2 MB)
2026-08-11 09:26:06  INFO    [81/210] Auditoria Cod JDE - Cod SF (v9)
2026-08-11 09:26:06  INFO          Proyecto: Production/Dashboards/Ad hoc Reports/BI Local/BI España/Informes Automaticos
2026-08-11 09:26:06  INFO  Downloaded workbook revision None to C:\tabcmd\TableauGitHub\Tableau Workbooks\Production\Dashboards\Ad hoc Reports\BI Local\BI España\Informes Automaticos\Auditoria Cod JDE - Cod SF_v9.twbx (ID: fec0c86c-b25a-4900-a56b-32f53f815254)
2026-08-11 09:26:06  INFO          Descargado (0.2 MB)
2026-08-11 09:26:06  INFO    [82/210] CdM SRI Producto Agrupado YTD (v3)
2026-08-11 09:26:06  INFO          Proyecto: Production/Dashboards/Ad hoc Reports/BI Local/BI España/Informes Automaticos
2026-08-11 09:26:07  INFO  Downloaded workbook revision None to C:\tabcmd\TableauGitHub\Tableau Workbooks\Production\Dashboards\Ad hoc Reports\BI Local\BI España\Informes Automaticos\CdM SRI Producto Agrupado YTD_v3.twbx (ID: 6c3624ba-8ae6-47e1-88f5-739c4654d82c)
2026-08-11 09:26:07  INFO          Descargado (0.5 MB)
2026-08-11 09:26:07  INFO    [83/210] CdM Venta Interna Detalle Marca MTD (v5)
2026-08-11 09:26:07  INFO          Proyecto: Production/Dashboards/Ad hoc Reports/BI Local/BI España/Informes Automaticos
2026-08-11 09:26:08  INFO  Downloaded workbook revision None to C:\tabcmd\TableauGitHub\Tableau Workbooks\Production\Dashboards\Ad hoc Reports\BI Local\BI España\Informes Automaticos\CdM Venta Interna Detalle Marca MTD_v5.twbx (ID: ca8187f9-b57d-40cb-9481-32de862bfa70)
2026-08-11 09:26:08  INFO          Descargado (0.5 MB)
2026-08-11 09:26:08  INFO    [84/210] CdM Venta Interna Detalle Producto Agrupado YTD (v6)
2026-08-11 09:26:08  INFO          Proyecto: Production/Dashboards/Ad hoc Reports/BI Local/BI España/Informes Automaticos
2026-08-11 09:26:08  INFO  Downloaded workbook revision None to C:\tabcmd\TableauGitHub\Tableau Workbooks\Production\Dashboards\Ad hoc Reports\BI Local\BI España\Informes Automaticos\CdM Venta Interna Detalle Producto Agrupado YTD_v6.twbx (ID: 8e73ef4d-70cb-4273-8b03-b5a099a5d88f)
2026-08-11 09:26:08  INFO          Descargado (0.5 MB)
2026-08-11 09:26:08  INFO    [85/210] CdM SRI Marca YTD (v3)
2026-08-11 09:26:08  INFO          Proyecto: Production/Dashboards/Ad hoc Reports/BI Local/BI España/Informes Automaticos
2026-08-11 09:26:09  INFO  Downloaded workbook revision None to C:\tabcmd\TableauGitHub\Tableau Workbooks\Production\Dashboards\Ad hoc Reports\BI Local\BI España\Informes Automaticos\CdM SRI Marca YTD_v3.twbx (ID: 23042a04-c6e7-4025-8d16-ca2aa34fb054)
2026-08-11 09:26:09  INFO          Descargado (0.5 MB)
2026-08-11 09:26:09  INFO    [86/210] CdM Venta Interna Detalle Marca YTD (v10)
2026-08-11 09:26:09  INFO          Proyecto: Production/Dashboards/Ad hoc Reports/BI Local/BI España/Informes Automaticos
2026-08-11 09:26:09  INFO  Downloaded workbook revision None to C:\tabcmd\TableauGitHub\Tableau Workbooks\Production\Dashboards\Ad hoc Reports\BI Local\BI España\Informes Automaticos\CdM Venta Interna Detalle Marca YTD_v10.twbx (ID: 56a0a900-531c-4810-ba13-21d94f2cd08c)
2026-08-11 09:26:09  INFO          Descargado (0.5 MB)
2026-08-11 09:26:09  INFO    [87/210] CdM SRI Producto Agrupado MTD (v2)
2026-08-11 09:26:09  INFO          Proyecto: Production/Dashboards/Ad hoc Reports/BI Local/BI España/Informes Automaticos
2026-08-11 09:26:10  INFO  Downloaded workbook revision None to C:\tabcmd\TableauGitHub\Tableau Workbooks\Production\Dashboards\Ad hoc Reports\BI Local\BI España\Informes Automaticos\CdM SRI Producto Agrupado MTD_v2.twbx (ID: 5a70f7b6-81d2-4d25-ae63-5d122ca3cdb3)
2026-08-11 09:26:10  INFO          Descargado (0.5 MB)
2026-08-11 09:26:10  INFO    [88/210] CdM Venta Interna Detalle Producto Agrupado MTD (v5)
2026-08-11 09:26:10  INFO          Proyecto: Production/Dashboards/Ad hoc Reports/BI Local/BI España/Informes Automaticos
2026-08-11 09:26:11  INFO  Downloaded workbook revision None to C:\tabcmd\TableauGitHub\Tableau Workbooks\Production\Dashboards\Ad hoc Reports\BI Local\BI España\Informes Automaticos\CdM Venta Interna Detalle Producto Agrupado MTD_v5.twbx (ID: c38c8894-0c75-45a0-a7cb-c0feaf5cce02)
2026-08-11 09:26:11  INFO          Descargado (0.5 MB)
2026-08-11 09:26:11  INFO    [89/210] CdM SRI Marca MTD (v2)
2026-08-11 09:26:11  INFO          Proyecto: Production/Dashboards/Ad hoc Reports/BI Local/BI España/Informes Automaticos
2026-08-11 09:26:11  INFO  Downloaded workbook revision None to C:\tabcmd\TableauGitHub\Tableau Workbooks\Production\Dashboards\Ad hoc Reports\BI Local\BI España\Informes Automaticos\CdM SRI Marca MTD_v2.twbx (ID: f2917c3d-565d-400f-9aeb-b265055ac158)
2026-08-11 09:26:11  INFO          Descargado (0.5 MB)
2026-08-11 09:26:11  INFO    [90/210] CdM Clinics Visits - 2024 (v7)
2026-08-11 09:26:11  INFO          Proyecto: Production/Dashboards/Ad hoc Reports/BI Local/BI Portugal
2026-08-11 09:26:12  INFO  Downloaded workbook revision None to C:\tabcmd\TableauGitHub\Tableau Workbooks\Production\Dashboards\Ad hoc Reports\BI Local\BI Portugal\CdM Clinics Visits - 2024_v7.twbx (ID: 18ec46ff-27d9-409c-b4bd-fc3fb7e82160)
2026-08-11 09:26:12  INFO          Descargado (0.2 MB)
2026-08-11 09:26:12  INFO    [91/210] Cdm Sellin (v95)
2026-08-11 09:26:12  INFO          Proyecto: Production/Dashboards/Ad hoc Reports/BI Local/BI Portugal
2026-08-11 09:26:13  INFO  Downloaded workbook revision None to C:\tabcmd\TableauGitHub\Tableau Workbooks\Production\Dashboards\Ad hoc Reports\BI Local\BI Portugal\Cdm Sellin_v95.twbx (ID: 1ecb1192-e6e9-483f-94c9-d359122a7b05)
2026-08-11 09:26:13  INFO          Descargado (0.8 MB)
2026-08-11 09:26:13  INFO    [92/210] Rankings (v27)
2026-08-11 09:26:13  INFO          Proyecto: Production/Dashboards/Ad hoc Reports/BI Local/BI Portugal
2026-08-11 09:26:13  INFO  Downloaded workbook revision None to C:\tabcmd\TableauGitHub\Tableau Workbooks\Production\Dashboards\Ad hoc Reports\BI Local\BI Portugal\Rankings_v27.twbx (ID: d89b5d93-bd58-4ecb-81bb-f4109412dfcc)
2026-08-11 09:26:13  INFO          Descargado (0.4 MB)
2026-08-11 09:26:13  INFO    [93/210] Report Portugal (v11)
2026-08-11 09:26:13  INFO          Proyecto: Production/Dashboards/Ad hoc Reports/BI Local/BI Portugal
2026-08-11 09:26:13  INFO  Downloaded workbook revision None to C:\tabcmd\TableauGitHub\Tableau Workbooks\Production\Dashboards\Ad hoc Reports\BI Local\BI Portugal\Report Portugal_v11.twbx (ID: befc7a54-894c-4ae4-b9d8-aa0ae7326178)
2026-08-11 09:26:13  INFO          Descargado (0.3 MB)
2026-08-11 09:26:13  INFO    [94/210] CdM Pharmacy Visits (v23)
2026-08-11 09:26:13  INFO          Proyecto: Production/Dashboards/Ad hoc Reports/BI Local/BI Portugal
2026-08-11 09:26:14  INFO  Downloaded workbook revision None to C:\tabcmd\TableauGitHub\Tableau Workbooks\Production\Dashboards\Ad hoc Reports\BI Local\BI Portugal\CdM Pharmacy Visits_v23.twbx (ID: 61fecdef-dd00-4579-a32d-c6d32776214e)
2026-08-11 09:26:14  INFO          Descargado (0.3 MB)
2026-08-11 09:26:14  INFO    [95/210] CdM Clinics Visits (v82)
2026-08-11 09:26:14  INFO          Proyecto: Production/Dashboards/Ad hoc Reports/BI Local/BI Portugal
2026-08-11 09:26:14  INFO  Downloaded workbook revision None to C:\tabcmd\TableauGitHub\Tableau Workbooks\Production\Dashboards\Ad hoc Reports\BI Local\BI Portugal\CdM Clinics Visits_v82.twbx (ID: 908f730e-801e-46f3-ab2a-924c006aff01)
2026-08-11 09:26:14  INFO          Descargado (0.5 MB)
2026-08-11 09:26:14  INFO    [96/210] CdM Clinics Visits - 2025 (v4)
2026-08-11 09:26:14  INFO          Proyecto: Production/Dashboards/Ad hoc Reports/BI Local/BI Portugal
2026-08-11 09:26:15  INFO  Downloaded workbook revision None to C:\tabcmd\TableauGitHub\Tableau Workbooks\Production\Dashboards\Ad hoc Reports\BI Local\BI Portugal\CdM Clinics Visits - 2025_v4.twbx (ID: 5ab5adba-d62b-41a3-8493-9a005d5ec246)
2026-08-11 09:26:15  INFO          Descargado (0.2 MB)
2026-08-11 09:26:15  INFO    [97/210] Cdm Sellin SS (v12)
2026-08-11 09:26:15  INFO          Proyecto: Production/Dashboards/Ad hoc Reports/BI Local/BI Portugal
2026-08-11 09:26:16  INFO  Downloaded workbook revision None to C:\tabcmd\TableauGitHub\Tableau Workbooks\Production\Dashboards\Ad hoc Reports\BI Local\BI Portugal\Cdm Sellin SS_v12.twbx (ID: 94883fc2-b50f-4efb-ae4d-ad01569996b2)
2026-08-11 09:26:16  INFO          Descargado (0.9 MB)
2026-08-11 09:26:16  INFO    [98/210] Kam Review (v130)
2026-08-11 09:26:16  INFO          Proyecto: Production/Dashboards/Ad hoc Reports/BI Local/BI International
2026-08-11 09:26:16  INFO  Downloaded workbook revision None to C:\tabcmd\TableauGitHub\Tableau Workbooks\Production\Dashboards\Ad hoc Reports\BI Local\BI International\Kam Review_v130.twbx (ID: 176cac7d-4334-41a3-849b-945f049f38fa)
2026-08-11 09:26:16  INFO          Descargado (0.2 MB)
2026-08-11 09:26:16  INFO    [99/210] Kam Review Histórico (v31)
2026-08-11 09:26:16  INFO          Proyecto: Production/Dashboards/Ad hoc Reports/BI Local/BI International
2026-08-11 09:26:17  INFO  Downloaded workbook revision None to C:\tabcmd\TableauGitHub\Tableau Workbooks\Production\Dashboards\Ad hoc Reports\BI Local\BI International\Kam Review Histórico_v31.twbx (ID: b1b06104-e871-4fd0-b1b5-87e7199fc147)
2026-08-11 09:26:17  INFO          Descargado (0.3 MB)
2026-08-11 09:26:17  INFO    [100/210] Uds Proyectadas Internacional (v13)
2026-08-11 09:26:17  INFO          Proyecto: Production/Dashboards/Ad hoc Reports/BI Local/BI International
2026-08-11 09:26:17  INFO  Downloaded workbook revision None to C:\tabcmd\TableauGitHub\Tableau Workbooks\Production\Dashboards\Ad hoc Reports\BI Local\BI International\Uds Proyectadas Internacional_v13.twbx (ID: 1d753b93-48b1-46e2-9c21-890df96d98b0)
2026-08-11 09:26:17  INFO          Descargado (0.2 MB)
2026-08-11 09:26:17  INFO    [101/210] Andromedapp (v15)
2026-08-11 09:26:17  INFO          Proyecto: Production/Dashboards/Ad hoc Reports/BI Local/BI México
2026-08-11 09:26:17  INFO  Downloaded workbook revision None to C:\tabcmd\TableauGitHub\Tableau Workbooks\Production\Dashboards\Ad hoc Reports\BI Local\BI México\Andromedapp_v15.twbx (ID: 82c21686-3501-46e3-ba84-dba4fedda068)
2026-08-11 09:26:17  INFO          Descargado (1.0 MB)
2026-08-11 09:26:17  INFO    [102/210] Tablero rentabilidad (v2)
2026-08-11 09:26:17  INFO          Proyecto: Production/Dashboards/Ad hoc Reports/BI Local/BI México/Mockups IBS
2026-08-11 09:26:18  INFO  Downloaded workbook revision None to C:\tabcmd\TableauGitHub\Tableau Workbooks\Production\Dashboards\Ad hoc Reports\BI Local\BI México\Mockups IBS\Tablero rentabilidad_v2.twbx (ID: cccc2754-c3b4-4671-a5a8-930a455c7831)
2026-08-11 09:26:18  INFO          Descargado (2.3 MB)
2026-08-11 09:26:18  INFO    [103/210] Reporte Diario de Ventas (v24)
2026-08-11 09:26:18  INFO          Proyecto: Production/Dashboards/Ad hoc Reports/BI Local/BI México/Mockups IBS
2026-08-11 09:26:19  INFO  Downloaded workbook revision None to C:\tabcmd\TableauGitHub\Tableau Workbooks\Production\Dashboards\Ad hoc Reports\BI Local\BI México\Mockups IBS\Reporte Diario de Ventas_v24.twbx (ID: 89465930-7806-4389-9d4f-185fc8952b91)
2026-08-11 09:26:19  INFO          Descargado (1.2 MB)
2026-08-11 09:26:19  INFO    [104/210] Plan de la Demanda (v3)
2026-08-11 09:26:19  INFO          Proyecto: Production/Dashboards/Ad hoc Reports/BI Local/BI México/Mockups IBS
2026-08-11 09:26:20  INFO  Downloaded workbook revision None to C:\tabcmd\TableauGitHub\Tableau Workbooks\Production\Dashboards\Ad hoc Reports\BI Local\BI México\Mockups IBS\Plan de la Demanda_v3.twbx (ID: 5a37a03e-1159-44a8-8e29-1f5a56202cd7)
2026-08-11 09:26:20  INFO          Descargado (0.9 MB)
2026-08-11 09:26:20  INFO    [105/210] Conciliacion_Financiera (v2)
2026-08-11 09:26:20  INFO          Proyecto: Production/Dashboards/Ad hoc Reports/BI Local/BI México/Mockups IBS
2026-08-11 09:26:22  INFO  Downloaded workbook revision None to C:\tabcmd\TableauGitHub\Tableau Workbooks\Production\Dashboards\Ad hoc Reports\BI Local\BI México\Mockups IBS\Conciliacion_Financiera_v2.twbx (ID: 4fa64e60-35b5-4d01-a886-d35440ff4438)
2026-08-11 09:26:22  INFO          Descargado (1.5 MB)
2026-08-11 09:26:22  INFO    [106/210] Fill Rate a Detalle (v20)
2026-08-11 09:26:22  INFO          Proyecto: Production/Dashboards/Ad hoc Reports/BI Local/BI México/Mockups IBS
2026-08-11 09:26:24  INFO  Downloaded workbook revision None to C:\tabcmd\TableauGitHub\Tableau Workbooks\Production\Dashboards\Ad hoc Reports\BI Local\BI México\Mockups IBS\Fill Rate a Detalle_v20.twbx (ID: 401c2f5f-11e7-4a22-a4b4-a4af310a6835)
2026-08-11 09:26:24  INFO          Descargado (1.1 MB)
2026-08-11 09:26:24  INFO    [107/210] Plan de inventarios (v2)
2026-08-11 09:26:24  INFO          Proyecto: Production/Dashboards/Ad hoc Reports/BI Local/BI México/Mockups IBS
2026-08-11 09:26:24  INFO  Downloaded workbook revision None to C:\tabcmd\TableauGitHub\Tableau Workbooks\Production\Dashboards\Ad hoc Reports\BI Local\BI México\Mockups IBS\Plan de inventarios_v2.twbx (ID: c192034a-0b9e-4db5-90f4-8cd584362cc5)
2026-08-11 09:26:24  INFO          Descargado (0.1 MB)
2026-08-11 09:26:24  INFO    [108/210] CdM Stangest (v15)
2026-08-11 09:26:24  INFO          Proyecto: Production/Dashboards/Ad hoc Reports/BI Local/BI Stangest
2026-08-11 09:26:25  INFO  Downloaded workbook revision None to C:\tabcmd\TableauGitHub\Tableau Workbooks\Production\Dashboards\Ad hoc Reports\BI Local\BI Stangest\CdM Stangest_v15.twbx (ID: 83e218df-5b78-408b-8172-2563534174b0)
2026-08-11 09:26:25  INFO          Descargado (1.2 MB)
2026-08-11 09:26:25  INFO    [109/210] CdM Sell out TOTY (v6)
2026-08-11 09:26:25  INFO          Proyecto: Production/Dashboards/Ad hoc Reports/BI Local/BI Toty
2026-08-11 09:26:26  INFO  Downloaded workbook revision None to C:\tabcmd\TableauGitHub\Tableau Workbooks\Production\Dashboards\Ad hoc Reports\BI Local\BI Toty\CdM Sell out TOTY_v6.twbx (ID: ed7a7ccb-4607-488f-a3fa-0b484d54b276)
2026-08-11 09:26:26  INFO          Descargado (0.2 MB)
2026-08-11 09:26:26  INFO    [110/210] Client Corporate Catalog (v3)
2026-08-11 09:26:26  INFO          Proyecto: Production/Dashboards/MDM
2026-08-11 09:26:26  INFO  Downloaded workbook revision None to C:\tabcmd\TableauGitHub\Tableau Workbooks\Production\Dashboards\MDM\Client Corporate Catalog_v3.twbx (ID: 71a2c8fe-6580-47ef-a788-dac7554ed8ec)
2026-08-11 09:26:26  INFO          Descargado (0.1 MB)
2026-08-11 09:26:26  INFO    [111/210] JDE Product Catalog (v41)
2026-08-11 09:26:26  INFO          Proyecto: Production/Dashboards/MDM
2026-08-11 09:26:26  INFO  Downloaded workbook revision None to C:\tabcmd\TableauGitHub\Tableau Workbooks\Production\Dashboards\MDM\JDE Product Catalog_v41.twbx (ID: 4a3adf1c-fbdf-469e-844e-46517296f155)
2026-08-11 09:26:26  INFO          Descargado (0.6 MB)
2026-08-11 09:26:26  INFO    [112/210] CdM Data Source y Workbook (v22)
2026-08-11 09:26:26  INFO          Proyecto: Production/Dashboards/MDM
2026-08-11 09:26:27  INFO  Downloaded workbook revision None to C:\tabcmd\TableauGitHub\Tableau Workbooks\Production\Dashboards\MDM\CdM Data Source y Workbook_v22.twbx (ID: 5cc93ac7-3488-435e-8b55-62c6d1a90155)
2026-08-11 09:26:27  INFO          Descargado (0.2 MB)
2026-08-11 09:26:27  INFO    [113/210] Product Corporate Catalog (v106)
2026-08-11 09:26:27  INFO          Proyecto: Production/Dashboards/MDM
2026-08-11 09:26:28  INFO  Downloaded workbook revision None to C:\tabcmd\TableauGitHub\Tableau Workbooks\Production\Dashboards\MDM\Product Corporate Catalog_v106.twbx (ID: f2faf583-0eed-4212-888d-d6085654524f)
2026-08-11 09:26:28  INFO          Descargado (1.7 MB)
2026-08-11 09:26:28  INFO    [114/210] JDE Logistics Product Catalog (v8)
2026-08-11 09:26:28  INFO          Proyecto: Production/Dashboards/MDM
2026-08-11 09:26:28  INFO  Downloaded workbook revision None to C:\tabcmd\TableauGitHub\Tableau Workbooks\Production\Dashboards\MDM\JDE Logistics Product Catalog_v8.twbx (ID: 7178c8c9-ce98-415e-9e07-85559a36f0e7)
2026-08-11 09:26:28  INFO          Descargado (0.4 MB)
2026-08-11 09:26:28  INFO    [115/210] Glossary (v12)
2026-08-11 09:26:28  INFO          Proyecto: Production/Dashboards/MDM
2026-08-11 09:26:28  INFO  Downloaded workbook revision None to C:\tabcmd\TableauGitHub\Tableau Workbooks\Production\Dashboards\MDM\Glossary_v12.twbx (ID: ab34e89b-06f1-4083-a61e-18b104af5619)
2026-08-11 09:26:28  INFO          Descargado (0.1 MB)
2026-08-11 09:26:28  INFO    [116/210] Tableau Usage (v7)
2026-08-11 09:26:28  INFO          Proyecto: Production/Dashboards/MDM
2026-08-11 09:26:28  INFO  Downloaded workbook revision None to C:\tabcmd\TableauGitHub\Tableau Workbooks\Production\Dashboards\MDM\Tableau Usage_v7.twbx (ID: 20699235-400a-4cbe-b0bd-d83864297378)
2026-08-11 09:26:28  INFO          Descargado (0.3 MB)
2026-08-11 09:26:28  INFO    [117/210] Dashboard Catalog (v1)
2026-08-11 09:26:28  INFO          Proyecto: Production/Dashboards/MDM
2026-08-11 09:26:29  INFO  Downloaded workbook revision None to C:\tabcmd\TableauGitHub\Tableau Workbooks\Production\Dashboards\MDM\Dashboard Catalog_v1.twbx (ID: da0058d1-669f-478d-87b0-713bd5eecafa)
2026-08-11 09:26:29  INFO          Descargado (0.1 MB)
2026-08-11 09:26:29  INFO    [118/210] Lanzamientos (v146)
2026-08-11 09:26:29  INFO          Proyecto: Production/Dashboards/Supply Chain
2026-08-11 09:26:29  INFO  Downloaded workbook revision None to C:\tabcmd\TableauGitHub\Tableau Workbooks\Production\Dashboards\Supply Chain\Lanzamientos_v146.twbx (ID: 94622750-0171-48b7-9bd4-8cc0c17936ee)
2026-08-11 09:26:29  INFO          Descargado (0.3 MB)
2026-08-11 09:26:29  INFO    [119/210] KPIs Demand (v10)
2026-08-11 09:26:29  INFO          Proyecto: Production/Dashboards/Supply Chain
2026-08-11 09:26:30  INFO  Downloaded workbook revision None to C:\tabcmd\TableauGitHub\Tableau Workbooks\Production\Dashboards\Supply Chain\KPIs Demand_v10.twbx (ID: 2f9a2669-5564-425d-9b0e-68c0f307216d)
2026-08-11 09:26:30  INFO          Descargado (0.7 MB)
2026-08-11 09:26:30  INFO    [120/210] Apro vs Demanda (v4)
2026-08-11 09:26:30  INFO          Proyecto: Production/Dashboards/Supply Chain
2026-08-11 09:26:30  INFO  Downloaded workbook revision None to C:\tabcmd\TableauGitHub\Tableau Workbooks\Production\Dashboards\Supply Chain\Apro vs Demanda_v4.twbx (ID: 08bf945a-96ac-4023-9968-20739588416c)
2026-08-11 09:26:30  INFO          Descargado (0.1 MB)
2026-08-11 09:26:30  INFO    [121/210] Pedidos (v45)
2026-08-11 09:26:30  INFO          Proyecto: Production/Dashboards/Supply Chain
2026-08-11 09:26:31  INFO  Downloaded workbook revision None to C:\tabcmd\TableauGitHub\Tableau Workbooks\Production\Dashboards\Supply Chain\Pedidos_v45.twbx (ID: b3f30936-3cc3-4859-89aa-3d80ae0d5e1b)
2026-08-11 09:26:31  INFO          Descargado (0.2 MB)
2026-08-11 09:26:31  INFO    [122/210] Triangulo Previsiones (v14)
2026-08-11 09:26:31  INFO          Proyecto: Production/Dashboards/Supply Chain
2026-08-11 09:26:31  INFO  Downloaded workbook revision None to C:\tabcmd\TableauGitHub\Tableau Workbooks\Production\Dashboards\Supply Chain\Triangulo Previsiones_v14.twbx (ID: f8096301-80a4-43b9-b4bf-6d2d45665567)
2026-08-11 09:26:31  INFO          Descargado (0.4 MB)
2026-08-11 09:26:31  INFO    [123/210] Inventario (v16)
2026-08-11 09:26:31  INFO          Proyecto: Production/Dashboards/Supply Chain
2026-08-11 09:26:32  INFO  Downloaded workbook revision None to C:\tabcmd\TableauGitHub\Tableau Workbooks\Production\Dashboards\Supply Chain\Inventario_v16.twbx (ID: b2b2aadc-8f01-48b0-8385-38e7d8ade792)
2026-08-11 09:26:32  INFO          Descargado (0.1 MB)
2026-08-11 09:26:32  INFO    [124/210] Aprovisionamiento Interno (v1)
2026-08-11 09:26:32  INFO          Proyecto: Production/Dashboards/Supply Chain
2026-08-11 09:26:32  INFO  Downloaded workbook revision None to C:\tabcmd\TableauGitHub\Tableau Workbooks\Production\Dashboards\Supply Chain\Aprovisionamiento Interno_v1.twbx (ID: 6dfa1efd-c27c-4206-9dc6-49401dddfb62)
2026-08-11 09:26:32  INFO          Descargado (0.1 MB)
2026-08-11 09:26:32  INFO    [125/210] Stocks (v51)
2026-08-11 09:26:32  INFO          Proyecto: Production/Dashboards/Supply Chain
2026-08-11 09:26:32  INFO  Downloaded workbook revision None to C:\tabcmd\TableauGitHub\Tableau Workbooks\Production\Dashboards\Supply Chain\Stocks_v51.twbx (ID: 94b1b20f-97b8-4f97-b0aa-67624130f8a9)
2026-08-11 09:26:32  INFO          Descargado (0.2 MB)
2026-08-11 09:26:32  INFO    [126/210] Unhealthy Stock Detail Table (v21)
2026-08-11 09:26:32  INFO          Proyecto: Production/Dashboards/Supply Chain
2026-08-11 09:26:33  INFO  Downloaded workbook revision None to C:\tabcmd\TableauGitHub\Tableau Workbooks\Production\Dashboards\Supply Chain\Unhealthy Stock Detail Table_v21.twbx (ID: 90e6876f-703c-4060-a4d7-6b3dd987ecbd)
2026-08-11 09:26:33  INFO          Descargado (0.6 MB)
2026-08-11 09:26:33  INFO    [127/210] CdM Supply (v31)
2026-08-11 09:26:33  INFO          Proyecto: Production/Dashboards/Supply Chain
2026-08-11 09:26:33  INFO  Downloaded workbook revision None to C:\tabcmd\TableauGitHub\Tableau Workbooks\Production\Dashboards\Supply Chain\CdM Supply_v31.twbx (ID: 8159f7b6-3f91-4daf-829a-89ddc7c15e61)
2026-08-11 09:26:33  INFO          Descargado (0.3 MB)
2026-08-11 09:26:33  INFO    [128/210] Consumos (v9)
2026-08-11 09:26:33  INFO          Proyecto: Production/Dashboards/Supply Chain
2026-08-11 09:26:33  INFO  Downloaded workbook revision None to C:\tabcmd\TableauGitHub\Tableau Workbooks\Production\Dashboards\Supply Chain\Consumos_v9.twbx (ID: 97e93239-162a-48e6-9aca-1f8cd82874f0)
2026-08-11 09:26:33  INFO          Descargado (0.4 MB)
2026-08-11 09:26:33  INFO    [129/210] Servicio (v16)
2026-08-11 09:26:33  INFO          Proyecto: Production/Dashboards/Supply Chain
2026-08-11 09:26:34  INFO  Downloaded workbook revision None to C:\tabcmd\TableauGitHub\Tableau Workbooks\Production\Dashboards\Supply Chain\Servicio_v16.twbx (ID: 025cddb9-90a0-497f-ac77-7b1683ede196)
2026-08-11 09:26:34  INFO          Descargado (0.6 MB)
2026-08-11 09:26:34  INFO    [130/210] Aprovisionamiento Semanal (v27)
2026-08-11 09:26:34  INFO          Proyecto: Production/Dashboards/Supply Chain
2026-08-11 09:26:34  INFO  Downloaded workbook revision None to C:\tabcmd\TableauGitHub\Tableau Workbooks\Production\Dashboards\Supply Chain\Aprovisionamiento Semanal_v27.twbx (ID: a0bd88b9-a32a-46af-be68-d1989a759e0d)
2026-08-11 09:26:34  INFO          Descargado (0.2 MB)
2026-08-11 09:26:34  INFO    [131/210] CdM Compras (v23)
2026-08-11 09:26:34  INFO          Proyecto: Production/Dashboards/Supply Chain
2026-08-11 09:26:35  INFO  Downloaded workbook revision None to C:\tabcmd\TableauGitHub\Tableau Workbooks\Production\Dashboards\Supply Chain\CdM Compras_v23.twbx (ID: 54976f34-4959-4da9-91c4-6a9b42c390a0)
2026-08-11 09:26:35  INFO          Descargado (0.4 MB)
2026-08-11 09:26:35  INFO    [132/210] Forecast Grouped (v4)
2026-08-11 09:26:35  INFO          Proyecto: Production/Dashboards/Supply Chain
2026-08-11 09:26:35  INFO  Downloaded workbook revision None to C:\tabcmd\TableauGitHub\Tableau Workbooks\Production\Dashboards\Supply Chain\Forecast Grouped_v4.twbx (ID: 81497e62-85c5-49bd-9034-da1de2d08768)
2026-08-11 09:26:35  INFO          Descargado (0.2 MB)
2026-08-11 09:26:35  INFO    [133/210] Unhealthy Stock (v64)
2026-08-11 09:26:35  INFO          Proyecto: Production/Dashboards/Supply Chain
2026-08-11 09:26:35  INFO  Downloaded workbook revision None to C:\tabcmd\TableauGitHub\Tableau Workbooks\Production\Dashboards\Supply Chain\Unhealthy Stock_v64.twbx (ID: ffc70657-37e6-497b-8f3e-c1f7f788293c)
2026-08-11 09:26:35  INFO          Descargado (0.7 MB)
2026-08-11 09:26:35  INFO    [134/210] Pallets (v70)
2026-08-11 09:26:35  INFO          Proyecto: Production/Dashboards/Supply Chain
2026-08-11 09:26:36  INFO  Downloaded workbook revision None to C:\tabcmd\TableauGitHub\Tableau Workbooks\Production\Dashboards\Supply Chain\Pallets_v70.twbx (ID: 52710e9d-8544-461b-bed3-b0c42e3c33bc)
2026-08-11 09:26:36  INFO          Descargado (0.2 MB)
2026-08-11 09:26:36  INFO    [135/210] Compras (v73)
2026-08-11 09:26:36  INFO          Proyecto: Production/Dashboards/Supply Chain
2026-08-11 09:26:36  INFO  Downloaded workbook revision None to C:\tabcmd\TableauGitHub\Tableau Workbooks\Production\Dashboards\Supply Chain\Compras_v73.twbx (ID: c724a4f1-93f1-4369-85e8-b31946bb33c3)
2026-08-11 09:26:36  INFO          Descargado (0.5 MB)
2026-08-11 09:26:36  INFO    [136/210] CdM Demand (v39)
2026-08-11 09:26:36  INFO          Proyecto: Production/Dashboards/Supply Chain
2026-08-11 09:26:37  INFO  Downloaded workbook revision None to C:\tabcmd\TableauGitHub\Tableau Workbooks\Production\Dashboards\Supply Chain\CdM Demand_v39.twbx (ID: 26c9e7fd-3c00-4d09-bc20-a189ea0a5473)
2026-08-11 09:26:37  INFO          Descargado (0.5 MB)
2026-08-11 09:26:37  INFO    [137/210] CdM Logistica (v7)
2026-08-11 09:26:37  INFO          Proyecto: Production/Dashboards/Supply Chain
2026-08-11 09:26:37  INFO  Downloaded workbook revision None to C:\tabcmd\TableauGitHub\Tableau Workbooks\Production\Dashboards\Supply Chain\CdM Logistica_v7.twbx (ID: daa62578-322f-42a8-b849-4280d101c96b)
2026-08-11 09:26:37  INFO          Descargado (0.4 MB)
2026-08-11 09:26:37  INFO    [138/210] Stock Cuarentena (v9)
2026-08-11 09:26:37  INFO          Proyecto: Production/Dashboards/Supply Chain
2026-08-11 09:26:38  INFO  Downloaded workbook revision None to C:\tabcmd\TableauGitHub\Tableau Workbooks\Production\Dashboards\Supply Chain\Stock Cuarentena_v9.twbx (ID: c2a2e045-0e80-4416-9c39-d322b5d10616)
2026-08-11 09:26:38  INFO          Descargado (0.1 MB)
2026-08-11 09:26:38  INFO    [139/210] Coberturas (v12)
2026-08-11 09:26:38  INFO          Proyecto: Production/Dashboards/Supply Chain
2026-08-11 09:26:38  INFO  Downloaded workbook revision None to C:\tabcmd\TableauGitHub\Tableau Workbooks\Production\Dashboards\Supply Chain\Coberturas_v12.twbx (ID: 5491d1fb-5c5d-4c02-b81a-522f173b0af3)
2026-08-11 09:26:38  INFO          Descargado (0.1 MB)
2026-08-11 09:26:38  INFO    [140/210] Recepciones (v25)
2026-08-11 09:26:38  INFO          Proyecto: Production/Dashboards/Supply Chain
2026-08-11 09:26:38  INFO  Downloaded workbook revision None to C:\tabcmd\TableauGitHub\Tableau Workbooks\Production\Dashboards\Supply Chain\Recepciones_v25.twbx (ID: 388e5336-9f9c-4c2e-a3d3-ad3161a95117)
2026-08-11 09:26:38  INFO          Descargado (0.5 MB)
2026-08-11 09:26:38  INFO    [141/210] ModuloKajalForecasting (v199)
2026-08-11 09:26:38  INFO          Proyecto: Production/Dashboards/Supply Chain/Demand Planning
2026-08-11 09:26:39  INFO  Downloaded workbook revision None to C:\tabcmd\TableauGitHub\Tableau Workbooks\Production\Dashboards\Supply Chain\Demand Planning\ModuloKajalForecasting_v199.twbx (ID: cec4b8b9-55c7-4fc1-9c9b-e15bd7efa311)
2026-08-11 09:26:39  INFO          Descargado (0.2 MB)
2026-08-11 09:26:39  INFO    [142/210] Kajal Home (v2)
2026-08-11 09:26:39  INFO          Proyecto: Production/Dashboards/Supply Chain/Demand Planning
2026-08-11 09:26:39  INFO  Downloaded workbook revision None to C:\tabcmd\TableauGitHub\Tableau Workbooks\Production\Dashboards\Supply Chain\Demand Planning\Kajal Home_v2.twbx (ID: 60af726b-e473-4946-bac4-66ab0a07bd64)
2026-08-11 09:26:39  INFO          Descargado (0.0 MB)
2026-08-11 09:26:39  INFO    [143/210] Self service (v60)
2026-08-11 09:26:39  INFO          Proyecto: Production/Dashboards/Supply Chain/Demand Planning
2026-08-11 09:26:39  INFO  Downloaded workbook revision None to C:\tabcmd\TableauGitHub\Tableau Workbooks\Production\Dashboards\Supply Chain\Demand Planning\Self service_v60.twbx (ID: 06d37d2a-1a28-402d-8117-68cdbb89537e)
2026-08-11 09:26:39  INFO          Descargado (0.0 MB)
2026-08-11 09:26:39  INFO    [144/210] ModuloKajalAnalytics (v138)
2026-08-11 09:26:39  INFO          Proyecto: Production/Dashboards/Supply Chain/Demand Planning
2026-08-11 09:26:40  INFO  Downloaded workbook revision None to C:\tabcmd\TableauGitHub\Tableau Workbooks\Production\Dashboards\Supply Chain\Demand Planning\ModuloKajalAnalytics_v138.twbx (ID: 9cd73a6f-2e87-4095-905c-7a2981d9b3f0)
2026-08-11 09:26:40  INFO          Descargado (0.1 MB)
2026-08-11 09:26:40  INFO    [145/210] Presupuesto (v40)
2026-08-11 09:26:40  INFO          Proyecto: Production/Dashboards/Supply Chain/Demand Planning
2026-08-11 09:26:40  INFO  Downloaded workbook revision None to C:\tabcmd\TableauGitHub\Tableau Workbooks\Production\Dashboards\Supply Chain\Demand Planning\Presupuesto_v40.twbx (ID: a7af926c-de99-4a94-a9b0-63bf6584800e)
2026-08-11 09:26:40  INFO          Descargado (0.0 MB)
2026-08-11 09:26:40  INFO    [146/210] ModuloKajalInventory (v85)
2026-08-11 09:26:40  INFO          Proyecto: Production/Dashboards/Supply Chain/Demand Planning
2026-08-11 09:26:40  INFO  Downloaded workbook revision None to C:\tabcmd\TableauGitHub\Tableau Workbooks\Production\Dashboards\Supply Chain\Demand Planning\ModuloKajalInventory_v85.twbx (ID: e1a58878-4fa7-4dd3-8c80-5ac9448be5b1)
2026-08-11 09:26:40  INFO          Descargado (0.0 MB)
2026-08-11 09:26:40  INFO    [147/210] CdM Calidad (v45)
2026-08-11 09:26:40  INFO          Proyecto: Production/Dashboards/Industrial
2026-08-11 09:26:41  INFO  Downloaded workbook revision None to C:\tabcmd\TableauGitHub\Tableau Workbooks\Production\Dashboards\Industrial\CdM Calidad_v45.twbx (ID: 81fca027-9213-4ffd-8b15-a2b8b0ffffdf)
2026-08-11 09:26:41  INFO          Descargado (1.0 MB)
2026-08-11 09:26:41  INFO    [148/210] CdM Industrial Torrejon (v43)
2026-08-11 09:26:41  INFO          Proyecto: Production/Dashboards/Industrial
2026-08-11 09:26:42  INFO  Downloaded workbook revision None to C:\tabcmd\TableauGitHub\Tableau Workbooks\Production\Dashboards\Industrial\CdM Industrial Torrejon_v43.twbx (ID: 4c0cf192-63c2-4366-9aea-4ee3f4547228)
2026-08-11 09:26:42  INFO          Descargado (0.6 MB)
2026-08-11 09:26:42  INFO    [149/210] CdM Financiero (v35)
2026-08-11 09:26:42  INFO          Proyecto: Production/Dashboards/Industrial
2026-08-11 09:26:42  INFO  Downloaded workbook revision None to C:\tabcmd\TableauGitHub\Tableau Workbooks\Production\Dashboards\Industrial\CdM Financiero_v35.twbx (ID: c4aad7b5-6ed0-4548-93b1-47b53ed78f19)
2026-08-11 09:26:42  INFO          Descargado (0.3 MB)
2026-08-11 09:26:42  INFO    [150/210] CdM Industrial La Concha (v8)
2026-08-11 09:26:42  INFO          Proyecto: Production/Dashboards/Industrial
2026-08-11 09:26:43  INFO  Downloaded workbook revision None to C:\tabcmd\TableauGitHub\Tableau Workbooks\Production\Dashboards\Industrial\CdM Industrial La Concha_v8.twbx (ID: a35d1832-d0e0-42a9-8f43-7654898c918b)
2026-08-11 09:26:43  INFO          Descargado (0.6 MB)
2026-08-11 09:26:43  INFO    [151/210] CdM Produccion (v39)
2026-08-11 09:26:43  INFO          Proyecto: Production/Dashboards/Industrial
2026-08-11 09:26:43  INFO  Downloaded workbook revision None to C:\tabcmd\TableauGitHub\Tableau Workbooks\Production\Dashboards\Industrial\CdM Produccion_v39.twbx (ID: cfc82940-38fa-40b2-a73d-b0acbf4631ae)
2026-08-11 09:26:43  INFO          Descargado (0.8 MB)
2026-08-11 09:26:43  INFO    [152/210] CdM Summary (v16)
2026-08-11 09:26:43  INFO          Proyecto: Production/Dashboards/Industrial
2026-08-11 09:26:43  INFO  Downloaded workbook revision None to C:\tabcmd\TableauGitHub\Tableau Workbooks\Production\Dashboards\Industrial\CdM Summary_v16.twbx (ID: ba9fdd79-36cd-4fa6-9d60-3cb41ef2aa57)
2026-08-11 09:26:43  INFO          Descargado (0.2 MB)
2026-08-11 09:26:43  INFO    [153/210] CdM Ingenieria (v38)
2026-08-11 09:26:43  INFO          Proyecto: Production/Dashboards/Industrial
2026-08-11 09:26:44  INFO  Downloaded workbook revision None to C:\tabcmd\TableauGitHub\Tableau Workbooks\Production\Dashboards\Industrial\CdM Ingenieria_v38.twbx (ID: 377e37eb-2f16-4c59-ad32-a3bf45e9d9af)
2026-08-11 09:26:44  INFO          Descargado (0.4 MB)
2026-08-11 09:26:44  INFO    [154/210] Observatorio Heliocare - ShopperTec (v23)
2026-08-11 09:26:44  INFO          Proyecto: Production/Dashboards/Clientes
2026-08-11 09:26:45  INFO  Downloaded workbook revision None to C:\tabcmd\TableauGitHub\Tableau Workbooks\Production\Dashboards\Clientes\Observatorio Heliocare - ShopperTec_v23.twbx (ID: 861ab620-3584-4aa3-b885-8227f4d0f3c1)
2026-08-11 09:26:45  INFO          Descargado (2.0 MB)
2026-08-11 09:26:45  INFO    [155/210] CdM Commercial Performance (v58)
2026-08-11 09:26:45  INFO          Proyecto: Production/Dashboards/Commercial Performance
2026-08-11 09:26:51  INFO  Downloaded workbook revision None to C:\tabcmd\TableauGitHub\Tableau Workbooks\Production\Dashboards\Commercial Performance\CdM Commercial Performance_v58.twbx (ID: 73dba8d9-3266-4df1-8f7f-7d422b280845)
2026-08-11 09:26:51  INFO          Descargado (2.2 MB)
2026-08-11 09:26:51  INFO    [156/210] Observatorio Heliocare - ShopperTec v2 (v1)
2026-08-11 09:26:51  INFO          Proyecto: Development/Mockups
2026-08-11 09:26:51  INFO  Downloaded workbook revision None to C:\tabcmd\TableauGitHub\Tableau Workbooks\Development\Mockups\Observatorio Heliocare - ShopperTec v2_v1.twbx (ID: cce89199-a38d-4867-bcfb-024de026ec95)
2026-08-11 09:26:51  INFO          Descargado (0.1 MB)
2026-08-11 09:26:51  INFO    [157/210] Mockup VF/KAM/e-KAM v3 (v5)
2026-08-11 09:26:51  INFO          Proyecto: Development/Mockups
2026-08-11 09:27:36  INFO  Downloaded workbook revision None to C:\tabcmd\TableauGitHub\Tableau Workbooks\Development\Mockups\Mockup VF\KAM\e-KAM v3_v5.twbx (ID: 4ef32152-1d1f-4db8-ba05-caaa90de7d94)
2026-08-11 09:27:36  INFO          Descargado (354.0 MB)
2026-08-11 09:27:36  INFO    [158/210] Template Tableau (v1)
2026-08-11 09:27:36  INFO          Proyecto: Development/Ad hoc Reports
2026-08-11 09:27:36  INFO  Downloaded workbook revision None to C:\tabcmd\TableauGitHub\Tableau Workbooks\Development\Ad hoc Reports\Template Tableau_v1.twbx (ID: 56ba4efe-1387-4e3e-96fa-8b8dcc21520b)
2026-08-11 09:27:36  INFO          Descargado (0.1 MB)
2026-08-11 09:27:36  INFO    [159/210] CdM Area Clientes_BACKUP (v1)
2026-08-11 09:27:36  INFO          Proyecto: Development/Ad hoc Reports/Spain
2026-08-11 09:27:38  INFO  Downloaded workbook revision None to C:\tabcmd\TableauGitHub\Tableau Workbooks\Development\Ad hoc Reports\Spain\CdM Area Clientes_BACKUP_v1.twbx (ID: 528b3f01-2a85-441f-b7d6-066c0035b285)
2026-08-11 09:27:38  INFO          Descargado (1.5 MB)
2026-08-11 09:27:38  INFO    [160/210] Consulta filtrado por Importe a nivel MARCA-PEDIDO (v2)
2026-08-11 09:27:38  INFO          Proyecto: Development/Ad hoc Reports/Spain
2026-08-11 09:27:40  INFO  Downloaded workbook revision None to C:\tabcmd\TableauGitHub\Tableau Workbooks\Development\Ad hoc Reports\Spain\Consulta filtrado por Importe a nivel MARCA-PEDIDO_v2.twbx (ID: e1f957d1-03a9-4c0b-bb48-044ebb95c74a)
2026-08-11 09:27:40  INFO          Descargado (1.7 MB)
2026-08-11 09:27:40  INFO    [161/210] 3. GOLD_20/01/2025_Añadir Importe pendiente (v1)
2026-08-11 09:27:40  INFO          Proyecto: Development/Ad hoc Reports/Spain
2026-08-11 09:27:42  INFO  Downloaded workbook revision None to C:\tabcmd\TableauGitHub\Tableau Workbooks\Development\Ad hoc Reports\Spain\3. GOLD_20\01\2025_Añadir Importe pendiente_v1.twbx (ID: 1f99659a-abb2-4602-b803-f617549f2105)
2026-08-11 09:27:42  INFO          Descargado (1.7 MB)
2026-08-11 09:27:42  INFO    [162/210] CdM Area Clientes_Ranking Gerentes y Propietarios_Cambios v2 (v10)
2026-08-11 09:27:42  INFO          Proyecto: Development/Ad hoc Reports/Spain
2026-08-11 09:27:43  INFO  Downloaded workbook revision None to C:\tabcmd\TableauGitHub\Tableau Workbooks\Development\Ad hoc Reports\Spain\CdM Area Clientes_Ranking Gerentes y Propietarios_Cambios v2_v10.twbx (ID: 6aacc475-e514-444c-93e8-b517eb52267b)
2026-08-11 09:27:43  INFO          Descargado (1.5 MB)
2026-08-11 09:27:43  INFO    [163/210] Clientes en crecimiento (v10)
2026-08-11 09:27:43  INFO          Proyecto: Development/Ad hoc Reports/Italy
2026-08-11 09:27:44  INFO  Downloaded workbook revision None to C:\tabcmd\TableauGitHub\Tableau Workbooks\Development\Ad hoc Reports\Italy\Clientes en crecimiento_v10.twbx (ID: 4afb5e42-c83c-4f7a-90f9-51572dbfa9da)
2026-08-11 09:27:44  INFO          Descargado (0.0 MB)
2026-08-11 09:27:44  INFO    [164/210] Progetto_v3 (v3)
2026-08-11 09:27:44  INFO          Proyecto: Development/Ad hoc Reports/Italy
2026-08-11 09:27:44  INFO  Downloaded workbook revision None to C:\tabcmd\TableauGitHub\Tableau Workbooks\Development\Ad hoc Reports\Italy\Progetto_v3_v3.twbx (ID: 2f7c9e88-f7b9-4b41-8906-5224237f9a6f)
2026-08-11 09:27:44  INFO          Descargado (0.0 MB)
2026-08-11 09:27:44  INFO    [165/210] PROGETTO_V2 (v1)
2026-08-11 09:27:44  INFO          Proyecto: Development/Ad hoc Reports/Italy
2026-08-11 09:27:44  INFO  Downloaded workbook revision None to C:\tabcmd\TableauGitHub\Tableau Workbooks\Development\Ad hoc Reports\Italy\PROGETTO_V2_v1.twbx (ID: 63e84460-5e97-4ada-86ef-fab8a9dab0c3)
2026-08-11 09:27:44  INFO          Descargado (0.0 MB)
2026-08-11 09:27:44  INFO    [166/210] CdM Sell In (v34)
2026-08-11 09:27:44  INFO          Proyecto: Development/Ad hoc Reports/Stangest
2026-08-11 09:27:46  INFO  Downloaded workbook revision None to C:\tabcmd\TableauGitHub\Tableau Workbooks\Development\Ad hoc Reports\Stangest\CdM Sell In_v34.twbx (ID: 05446de5-a281-400c-bde3-65524a91c331)
2026-08-11 09:27:46  INFO          Descargado (1.2 MB)
2026-08-11 09:27:46  INFO    [167/210] Dashboard Ventas Por Distrito & Ano (v1)
2026-08-11 09:27:46  INFO          Proyecto: Development/Ad hoc Reports/Portugal
2026-08-11 09:27:46  INFO  Downloaded workbook revision None to C:\tabcmd\TableauGitHub\Tableau Workbooks\Development\Ad hoc Reports\Portugal\Dashboard Ventas Por Distrito & Ano_v1.twbx (ID: 57db4d22-818b-4ceb-afcf-8ea33626a3e4)
2026-08-11 09:27:46  INFO          Descargado (0.0 MB)
2026-08-11 09:27:46  INFO    [168/210] Dashboard Ventas Marca Por Delegada (v1)
2026-08-11 09:27:46  INFO          Proyecto: Development/Ad hoc Reports/Portugal
2026-08-11 09:27:46  INFO  Downloaded workbook revision None to C:\tabcmd\TableauGitHub\Tableau Workbooks\Development\Ad hoc Reports\Portugal\Dashboard Ventas Marca Por Delegada_v1.twbx (ID: 753b122d-3b24-47ec-87a5-5340b0cf43b3)
2026-08-11 09:27:46  INFO          Descargado (0.0 MB)
2026-08-11 09:27:46  INFO    [169/210] Dashboard Ventas Marca Por Distrito (v1)
2026-08-11 09:27:46  INFO          Proyecto: Development/Ad hoc Reports/Portugal
2026-08-11 09:27:47  INFO  Downloaded workbook revision None to C:\tabcmd\TableauGitHub\Tableau Workbooks\Development\Ad hoc Reports\Portugal\Dashboard Ventas Marca Por Distrito_v1.twbx (ID: e38e1b6d-2137-4506-9256-d7a7777d40ce)
2026-08-11 09:27:47  INFO          Descargado (0.0 MB)
2026-08-11 09:27:47  INFO    [170/210] CdM Logistica (v9)
2026-08-11 09:27:47  INFO          Proyecto: Development/Ad hoc Reports/Supply
2026-08-11 09:27:47  INFO  Downloaded workbook revision None to C:\tabcmd\TableauGitHub\Tableau Workbooks\Development\Ad hoc Reports\Supply\CdM Logistica_v9.twbx (ID: c83833b4-982d-4b97-9ff0-35ddfee8bac5)
2026-08-11 09:27:47  INFO          Descargado (0.4 MB)
2026-08-11 09:27:47  INFO    [171/210] 2. show_sales_totals_in_a_crosstab_starter (v1)
2026-08-11 09:27:47  INFO          Proyecto: Development/Formacion Information Labs
2026-08-11 09:27:48  INFO  Downloaded workbook revision None to C:\tabcmd\TableauGitHub\Tableau Workbooks\Development\Formacion Information Labs\2. show_sales_totals_in_a_crosstab_starter_v1.twbx (ID: 24246da7-6929-4c6c-9656-1c85a859ac19)
2026-08-11 09:27:48  INFO          Descargado (2.1 MB)
2026-08-11 09:27:48  INFO    [172/210] New- 2.1 create_a_date_calculation_starter (v2)
2026-08-11 09:27:48  INFO          Proyecto: Development/Formacion Information Labs
2026-08-11 09:27:48  INFO  Downloaded workbook revision None to C:\tabcmd\TableauGitHub\Tableau Workbooks\Development\Formacion Information Labs\New- 2.1 create_a_date_calculation_starter_v2.twbx (ID: 025990ad-3bd0-497f-8225-dbbb4a592b62)
2026-08-11 09:27:48  INFO          Descargado (2.1 MB)
2026-08-11 09:27:48  INFO    [173/210] 1. sort_by_fields_in_a_view_starter (v2)
2026-08-11 09:27:48  INFO          Proyecto: Development/Formacion Information Labs
2026-08-11 09:27:49  INFO  Downloaded workbook revision None to C:\tabcmd\TableauGitHub\Tableau Workbooks\Development\Formacion Information Labs\1. sort_by_fields_in_a_view_starter_v2.twbx (ID: 84fd0418-e885-400a-8d8f-bb1400d5fdcd)
2026-08-11 09:27:49  INFO          Descargado (1.8 MB)
2026-08-11 09:27:49  INFO    [174/210] 3. add_a_filter_to_context_starter (v2)
2026-08-11 09:27:49  INFO          Proyecto: Development/Formacion Information Labs
2026-08-11 09:27:50  INFO  Downloaded workbook revision None to C:\tabcmd\TableauGitHub\Tableau Workbooks\Development\Formacion Information Labs\3. add_a_filter_to_context_starter_v2.twbx (ID: 2c4d24d0-c182-4299-a7ae-ead63bae9468)
2026-08-11 09:27:50  INFO          Descargado (7.3 MB)
2026-08-11 09:27:50  INFO    [175/210] 2.1 create_a_calculation_with_aggregation_starter (v2)
2026-08-11 09:27:50  INFO          Proyecto: Development/Formacion Information Labs
2026-08-11 09:27:51  INFO  Downloaded workbook revision None to C:\tabcmd\TableauGitHub\Tableau Workbooks\Development\Formacion Information Labs\2.1 create_a_calculation_with_aggregation_starter_v2.twbx (ID: 70035e74-b634-4d77-bd24-ad5bf2ef416f)
2026-08-11 09:27:51  INFO          Descargado (2.1 MB)
2026-08-11 09:27:51  INFO    [176/210] 3. add_a_forecast_to_a_view_starter (v2)
2026-08-11 09:27:51  INFO          Proyecto: Development/Formacion Information Labs
2026-08-11 09:27:52  INFO  Downloaded workbook revision None to C:\tabcmd\TableauGitHub\Tableau Workbooks\Development\Formacion Information Labs\3. add_a_forecast_to_a_view_starter_v2.twbx (ID: 8d31875a-6fa5-4bd0-80c7-ee5e34c6a3d7)
2026-08-11 09:27:52  INFO          Descargado (5.7 MB)
2026-08-11 09:27:52  INFO    [177/210] 2. apply_a_year_over_year_table_calculation_starter (v3)
2026-08-11 09:27:52  INFO          Proyecto: Development/Formacion Information Labs
2026-08-11 09:27:53  INFO  Downloaded workbook revision None to C:\tabcmd\TableauGitHub\Tableau Workbooks\Development\Formacion Information Labs\2. apply_a_year_over_year_table_calculation_starter_v3.twbx (ID: 334edcb3-b0a4-4b07-b581-68d448f7629a)
2026-08-11 09:27:53  INFO          Descargado (2.1 MB)
2026-08-11 09:27:53  INFO    [178/210] 4.  create_a_bar-in-bar_chart_starter (v2)
2026-08-11 09:27:53  INFO          Proyecto: Development/Formacion Information Labs
2026-08-11 09:27:54  INFO  Downloaded workbook revision None to C:\tabcmd\TableauGitHub\Tableau Workbooks\Development\Formacion Information Labs\4.  create_a_bar-in-bar_chart_starter_v2.twbx (ID: e0df7129-dfa2-4413-a3a9-b77c7c19fb8c)
2026-08-11 09:27:54  INFO          Descargado (5.7 MB)
2026-08-11 09:27:54  INFO    [179/210] 2.1 create_a_weighted_average_starter (v1)
2026-08-11 09:27:54  INFO          Proyecto: Development/Formacion Information Labs
2026-08-11 09:27:54  INFO  Downloaded workbook revision None to C:\tabcmd\TableauGitHub\Tableau Workbooks\Development\Formacion Information Labs\2.1 create_a_weighted_average_starter_v1.twbx (ID: 90ce9043-7981-4a77-a90d-d31d1005ea82)
2026-08-11 09:27:54  INFO          Descargado (2.2 MB)
2026-08-11 09:27:54  INFO    [180/210] 3. apply_a_rank_table_calculation_starter (v2)
2026-08-11 09:27:54  INFO          Proyecto: Development/Formacion Information Labs
2026-08-11 09:27:55  INFO  Downloaded workbook revision None to C:\tabcmd\TableauGitHub\Tableau Workbooks\Development\Formacion Information Labs\3. apply_a_rank_table_calculation_starter_v2.twbx (ID: eeefe2f5-923f-4bd9-8154-45d75b89f6a6)
2026-08-11 09:27:55  INFO          Descargado (5.7 MB)
2026-08-11 09:27:55  INFO    [181/210] 3. add_actions_to_a_dashboard_starter (v1)
2026-08-11 09:27:55  INFO          Proyecto: Development/Formacion Information Labs
2026-08-11 09:27:56  INFO  Downloaded workbook revision None to C:\tabcmd\TableauGitHub\Tableau Workbooks\Development\Formacion Information Labs\3. add_actions_to_a_dashboard_starter_v1.twbx (ID: 39f64b4f-fa7d-49bd-a283-329ef8e9e137)
2026-08-11 09:27:56  INFO          Descargado (0.1 MB)
2026-08-11 09:27:56  INFO    [182/210] 2. build_a_heat_map_starter (v1)
2026-08-11 09:27:56  INFO          Proyecto: Development/Formacion Information Labs
2026-08-11 09:27:56  INFO  Downloaded workbook revision None to C:\tabcmd\TableauGitHub\Tableau Workbooks\Development\Formacion Information Labs\2. build_a_heat_map_starter_v1.twbx (ID: c5d68cb5-7248-4880-8729-9938ddd31250)
2026-08-11 09:27:56  INFO          Descargado (2.1 MB)
2026-08-11 09:27:56  INFO    [183/210] 4. calculate_the_average_product_profit_by_category_starter (v2)
2026-08-11 09:27:56  INFO          Proyecto: Development/Formacion Information Labs
2026-08-11 09:27:57  INFO  Downloaded workbook revision None to C:\tabcmd\TableauGitHub\Tableau Workbooks\Development\Formacion Information Labs\4. calculate_the_average_product_profit_by_category_starter_v2.twbx (ID: 0f3c9f6e-936b-40b2-8073-63509273b3b6)
2026-08-11 09:27:57  INFO          Descargado (7.3 MB)
2026-08-11 09:27:57  INFO    [184/210] Solución - Sample Superstore Dashboard (v1)
2026-08-11 09:27:57  INFO          Proyecto: Development/Formacion Information Labs
2026-08-11 09:27:58  INFO  Downloaded workbook revision None to C:\tabcmd\TableauGitHub\Tableau Workbooks\Development\Formacion Information Labs\Solución - Sample Superstore Dashboard_v1.twbx (ID: 1dad5aa8-a075-4903-a434-febf3aea9ee4)
2026-08-11 09:27:58  INFO          Descargado (0.5 MB)
2026-08-11 09:27:58  INFO    [185/210] 4. create_a_parameter_for_switching_measures_ and filter_starter (v2)
2026-08-11 09:27:58  INFO          Proyecto: Development/Formacion Information Labs
2026-08-11 09:27:59  INFO  Downloaded workbook revision None to C:\tabcmd\TableauGitHub\Tableau Workbooks\Development\Formacion Information Labs\4. create_a_parameter_for_switching_measures_ and filter_starter_v2.twbx (ID: 3622a0c5-cc82-4388-a08e-18169c7f6ea6)
2026-08-11 09:27:59  INFO          Descargado (2.1 MB)
2026-08-11 09:27:59  INFO    [186/210] 1. create_a_hierarchy_starter (v1)
2026-08-11 09:27:59  INFO          Proyecto: Development/Formacion Information Labs
2026-08-11 09:27:59  INFO  Downloaded workbook revision None to C:\tabcmd\TableauGitHub\Tableau Workbooks\Development\Formacion Information Labs\1. create_a_hierarchy_starter_v1.twbx (ID: 4ede17d6-cf93-4924-b9c6-990dc11c6614)
2026-08-11 09:27:59  INFO          Descargado (5.7 MB)
2026-08-11 09:27:59  INFO    [187/210] 3. Box and Whisker Plot Starter (v1)
2026-08-11 09:27:59  INFO          Proyecto: Development/Formacion Information Labs
2026-08-11 09:28:00  INFO  Downloaded workbook revision None to C:\tabcmd\TableauGitHub\Tableau Workbooks\Development\Formacion Information Labs\3. Box and Whisker Plot Starter_v1.twbx (ID: 879993fa-59cd-4252-b7a4-f4a61fefcd65)
2026-08-11 09:28:00  INFO          Descargado (0.0 MB)
2026-08-11 09:28:00  INFO    [188/210] 2.1 manipulate_strings_starter (v1)
2026-08-11 09:28:00  INFO          Proyecto: Development/Formacion Information Labs
2026-08-11 09:28:00  INFO  Downloaded workbook revision None to C:\tabcmd\TableauGitHub\Tableau Workbooks\Development\Formacion Information Labs\2.1 manipulate_strings_starter_v1.twbx (ID: e1d5b4fc-767f-4e3f-a697-806ee7539137)
2026-08-11 09:28:00  INFO          Descargado (2.1 MB)
2026-08-11 09:28:00  INFO    [189/210] 1. show_data_across_discrete_and_continuous_months (v1)
2026-08-11 09:28:00  INFO          Proyecto: Development/Formacion Information Labs
2026-08-11 09:28:01  INFO  Downloaded workbook revision None to C:\tabcmd\TableauGitHub\Tableau Workbooks\Development\Formacion Information Labs\1. show_data_across_discrete_and_continuous_months_v1.twbx (ID: 2db15628-4cca-46ad-910f-02d73341f05d)
2026-08-11 09:28:01  INFO          Descargado (5.7 MB)
2026-08-11 09:28:01  INFO    [190/210] 2. build_a_highlight_table_starter (v1)
2026-08-11 09:28:01  INFO          Proyecto: Development/Formacion Information Labs
2026-08-11 09:28:02  INFO  Downloaded workbook revision None to C:\tabcmd\TableauGitHub\Tableau Workbooks\Development\Formacion Information Labs\2. build_a_highlight_table_starter_v1.twbx (ID: 073c6baa-9eff-435e-baaa-b5a238c8dc57)
2026-08-11 09:28:02  INFO          Descargado (2.1 MB)
2026-08-11 09:28:02  INFO    [191/210] 1. create_and_customize_filters_starter (v1)
2026-08-11 09:28:02  INFO          Proyecto: Development/Formacion Information Labs
2026-08-11 09:28:03  INFO  Downloaded workbook revision None to C:\tabcmd\TableauGitHub\Tableau Workbooks\Development\Formacion Information Labs\1. create_and_customize_filters_starter_v1.twbx (ID: 35cad839-f112-4df7-b1ad-68413eb4387b)
2026-08-11 09:28:03  INFO          Descargado (5.7 MB)
2026-08-11 09:28:03  INFO    [192/210] 1. build_a_combined_axis_chart_starter (v1)
2026-08-11 09:28:03  INFO          Proyecto: Development/Formacion Information Labs
2026-08-11 09:28:03  INFO  Downloaded workbook revision None to C:\tabcmd\TableauGitHub\Tableau Workbooks\Development\Formacion Information Labs\1. build_a_combined_axis_chart_starter_v1.twbx (ID: 566fbd2e-0c00-44e9-baae-1a1cc72f77af)
2026-08-11 09:28:03  INFO          Descargado (0.0 MB)
2026-08-11 09:28:03  INFO    [193/210] Ejercicio Final - Sample Superstore Dashboard (v1)
2026-08-11 09:28:03  INFO          Proyecto: Development/Formacion Information Labs
2026-08-11 09:28:04  INFO  Downloaded workbook revision None to C:\tabcmd\TableauGitHub\Tableau Workbooks\Development\Formacion Information Labs\Ejercicio Final - Sample Superstore Dashboard_v1.twbx (ID: 91bff09d-7e03-4677-8adb-54cec54cd553)
2026-08-11 09:28:04  INFO          Descargado (0.4 MB)
2026-08-11 09:28:04  INFO    [194/210] 3. build_a_tree_map_starter (v2)
2026-08-11 09:28:04  INFO          Proyecto: Development/Formacion Information Labs
2026-08-11 09:28:05  INFO  Downloaded workbook revision None to C:\tabcmd\TableauGitHub\Tableau Workbooks\Development\Formacion Information Labs\3. build_a_tree_map_starter_v2.twbx (ID: 558e913b-e7fe-41b7-9d00-13bff6e49cd3)
2026-08-11 09:28:05  INFO          Descargado (2.1 MB)
2026-08-11 09:28:05  INFO    [195/210] 2.1 build_a_symbol_map_starter (v1)
2026-08-11 09:28:05  INFO          Proyecto: Development/Formacion Information Labs
2026-08-11 09:28:06  INFO  Downloaded workbook revision None to C:\tabcmd\TableauGitHub\Tableau Workbooks\Development\Formacion Information Labs\2.1 build_a_symbol_map_starter_v1.twbx (ID: 37e4752b-e537-4206-b4b1-0b91b04d0795)
2026-08-11 09:28:06  INFO          Descargado (6.8 MB)
2026-08-11 09:28:06  INFO    [196/210] 3. filter_percent_of_sales_starter (v1)
2026-08-11 09:28:06  INFO          Proyecto: Development/Formacion Information Labs
2026-08-11 09:28:07  INFO  Downloaded workbook revision None to C:\tabcmd\TableauGitHub\Tableau Workbooks\Development\Formacion Information Labs\3. filter_percent_of_sales_starter_v1.twbx (ID: 6a5d784d-ae0a-4c6e-98f4-ad1653458b98)
2026-08-11 09:28:07  INFO          Descargado (5.7 MB)
2026-08-11 09:28:07  INFO    [197/210] 1.  apply_custom_dates_starter (v1)
2026-08-11 09:28:07  INFO          Proyecto: Development/Formacion Information Labs
2026-08-11 09:28:08  INFO  Downloaded workbook revision None to C:\tabcmd\TableauGitHub\Tableau Workbooks\Development\Formacion Information Labs\1.  apply_custom_dates_starter_v1.twbx (ID: e22aca7d-810b-4c7c-97ef-68570d657689)
2026-08-11 09:28:08  INFO          Descargado (7.4 MB)
2026-08-11 09:28:08  INFO    [198/210] 2.1 create_a_date_calculation_starter (v2)
2026-08-11 09:28:08  INFO          Proyecto: Development/Formacion Information Labs
2026-08-11 09:28:08  INFO  Downloaded workbook revision None to C:\tabcmd\TableauGitHub\Tableau Workbooks\Development\Formacion Information Labs\2.1 create_a_date_calculation_starter_v2.twbx (ID: 126a0640-e14c-4bf7-b57f-d7367de2725f)
2026-08-11 09:28:08  INFO          Descargado (2.1 MB)
2026-08-11 09:28:08  INFO    [199/210] 1. create_a_group_starter (v1)
2026-08-11 09:28:08  INFO          Proyecto: Development/Formacion Information Labs
2026-08-11 09:28:09  INFO  Downloaded workbook revision None to C:\tabcmd\TableauGitHub\Tableau Workbooks\Development\Formacion Information Labs\1. create_a_group_starter_v1.twbx (ID: 39577468-5863-47ec-9a42-93a344888d42)
2026-08-11 09:28:09  INFO          Descargado (5.7 MB)
2026-08-11 09:28:09  INFO    [200/210] 2.1 Build a combined axis chart started (26092024) (v1)
2026-08-11 09:28:09  INFO          Proyecto: Development/Formacion Information Labs
2026-08-11 09:28:09  INFO  Downloaded workbook revision None to C:\tabcmd\TableauGitHub\Tableau Workbooks\Development\Formacion Information Labs\2.1 Build a combined axis chart started (26092024)_v1.twbx (ID: 05776610-411a-48c9-b038-be913c2b0c16)
2026-08-11 09:28:09  INFO          Descargado (0.0 MB)
2026-08-11 09:28:09  INFO    [201/210] 2. apply_a_rank_table_calculation_starter (v2)
2026-08-11 09:28:09  INFO          Proyecto: Development/Formacion Information Labs
2026-08-11 09:28:10  INFO  Downloaded workbook revision None to C:\tabcmd\TableauGitHub\Tableau Workbooks\Development\Formacion Information Labs\2. apply_a_rank_table_calculation_starter_v2.twbx (ID: 5b2cc427-72cd-4e34-8358-e7d0603e65fb)
2026-08-11 09:28:10  INFO          Descargado (5.7 MB)
2026-08-11 09:28:10  INFO    [202/210] 3. build_an_interactive_dashboard_starter (v1)
2026-08-11 09:28:10  INFO          Proyecto: Development/Formacion Information Labs
2026-08-11 09:28:11  INFO  Downloaded workbook revision None to C:\tabcmd\TableauGitHub\Tableau Workbooks\Development\Formacion Information Labs\3. build_an_interactive_dashboard_starter_v1.twbx (ID: 5b57dfb9-8664-4928-9127-c1fa5e6d0032)
2026-08-11 09:28:11  INFO          Descargado (2.1 MB)
2026-08-11 09:28:11  INFO    [203/210] 4. use_a_histogram_to_view_distributions_starter (v2)
2026-08-11 09:28:11  INFO          Proyecto: Development/Formacion Information Labs
2026-08-11 09:28:11  INFO  Downloaded workbook revision None to C:\tabcmd\TableauGitHub\Tableau Workbooks\Development\Formacion Information Labs\4. use_a_histogram_to_view_distributions_starter_v2.twbx (ID: 13d9c47d-da83-4d89-8341-64d7c7599423)
2026-08-11 09:28:11  INFO          Descargado (4.3 MB)
2026-08-11 09:28:11  INFO    [204/210] 1. build_a_combo_chart_starter (v1)
2026-08-11 09:28:11  INFO          Proyecto: Development/Formacion Information Labs
2026-08-11 09:28:12  INFO  Downloaded workbook revision None to C:\tabcmd\TableauGitHub\Tableau Workbooks\Development\Formacion Information Labs\1. build_a_combo_chart_starter_v1.twbx (ID: 20242ea4-83af-40f3-956b-e717cef89bcc)
2026-08-11 09:28:12  INFO          Descargado (0.2 MB)
2026-08-11 09:28:12  INFO    [205/210] 4. use_an_aggregated_dimension_in_a_calculation_starter (v2)
2026-08-11 09:28:12  INFO          Proyecto: Development/Formacion Information Labs
2026-08-11 09:28:13  INFO  Downloaded workbook revision None to C:\tabcmd\TableauGitHub\Tableau Workbooks\Development\Formacion Information Labs\4. use_an_aggregated_dimension_in_a_calculation_starter_v2.twbx (ID: 80c6e611-b31a-400d-a295-ffb14d01250b)
2026-08-11 09:28:13  INFO          Descargado (5.9 MB)
2026-08-11 09:28:13  INFO    [206/210] 3. build_a_pie_chart_starter (v2)
2026-08-11 09:28:13  INFO          Proyecto: Development/Formacion Information Labs
2026-08-11 09:28:14  INFO  Downloaded workbook revision None to C:\tabcmd\TableauGitHub\Tableau Workbooks\Development\Formacion Information Labs\3. build_a_pie_chart_starter_v2.twbx (ID: a365f21b-7682-49ef-90a1-212cbdf31f6e)
2026-08-11 09:28:14  INFO          Descargado (2.1 MB)
2026-08-11 09:28:14  INFO    [207/210] 2. build_a_scatter_plot_starter (v1)
2026-08-11 09:28:14  INFO          Proyecto: Development/Formacion Information Labs
2026-08-11 09:28:14  INFO  Downloaded workbook revision None to C:\tabcmd\TableauGitHub\Tableau Workbooks\Development\Formacion Information Labs\2. build_a_scatter_plot_starter_v1.twbx (ID: c9f1b1cb-a435-4e24-a296-5f29733f5bdc)
2026-08-11 09:28:14  INFO          Descargado (0.5 MB)
2026-08-11 09:28:14  INFO    [208/210] 1. Actividad Global Library (v1)
2026-08-11 09:28:14  INFO          Proyecto: Development/Formacion Information Labs
2026-08-11 09:28:15  INFO  Downloaded workbook revision None to C:\tabcmd\TableauGitHub\Tableau Workbooks\Development\Formacion Information Labs\1. Actividad Global Library_v1.twbx (ID: b6b7f3c5-b086-4fca-959b-374531d13f30)
2026-08-11 09:28:15  INFO          Descargado (0.0 MB)
2026-08-11 09:28:15  INFO    [209/210] 3. create_trend_lines_with_small_multiples_starter (v2)
2026-08-11 09:28:15  INFO          Proyecto: Development/Formacion Information Labs
2026-08-11 09:28:16  INFO  Downloaded workbook revision None to C:\tabcmd\TableauGitHub\Tableau Workbooks\Development\Formacion Information Labs\3. create_trend_lines_with_small_multiples_starter_v2.twbx (ID: 2e65365e-21ef-4e68-9026-f51030f86c51)
2026-08-11 09:28:16  INFO          Descargado (5.9 MB)
2026-08-11 09:28:16  INFO    [210/210] 3. add_two_types_of_reference__lines_starter (v1)
2026-08-11 09:28:16  INFO          Proyecto: Development/Formacion Information Labs
2026-08-11 09:28:16  INFO  Downloaded workbook revision None to C:\tabcmd\TableauGitHub\Tableau Workbooks\Development\Formacion Information Labs\3. add_two_types_of_reference__lines_starter_v1.twbx (ID: 2848053c-fe8f-49fa-8624-4f04aaa8d71a)
2026-08-11 09:28:16  INFO          Descargado (2.1 MB)
2026-08-11 09:28:16  INFO  Signed out
2026-08-11 09:28:16  INFO  [8/8] Resumen
2026-08-11 09:28:16  INFO  ============================================================
2026-08-11 09:28:16  INFO  RESUMEN DE LA EJECUCION
2026-08-11 09:28:16  INFO  ============================================================
2026-08-11 09:28:16  INFO  Workbooks con version nueva ... 210
2026-08-11 09:28:16  INFO  Descargados correctamente ..... 210
2026-08-11 09:28:16  INFO  Con error ...................... 0
2026-08-11 09:28:16  INFO  Versiones retiradas ............ 0
2026-08-11 09:28:16  INFO  Lotes subidos a GitHub ......... 0
2026-08-11 09:28:16  INFO  Lotes fallidos ................. 0
2026-08-11 09:28:16  INFO  Tiempo total ................... 2m 57s
2026-08-11 09:28:16  INFO  ============================================================
2026-08-11 09:28:16  INFO  BACKUP COMPLETADO SIN ERRORES
2026-08-11 09:28:16  INFO  ============================================================
2026-08-12 03:00:06  INFO  ============================================================
2026-08-12 03:00:06  INFO  BACKUP TABLEAU -> GITHUB
2026-08-12 03:00:06  INFO  ============================================================
2026-08-12 03:00:06  INFO  Configuracion cargada y validada
2026-08-12 03:00:06  INFO  [1/8] Borrando las listas anteriores
2026-08-12 03:00:06  INFO        Listo
2026-08-12 03:00:06  INFO  [2/8] Consultando Oracle (versionado + lista de descarga)
2026-08-12 03:00:16  INFO        Listas generadas
2026-08-12 03:00:16  INFO  [3/8] Leyendo las listas
2026-08-12 03:00:16  INFO        210 workbooks con version nueva que descargar
2026-08-12 03:00:16  INFO        0 versiones marcadas para retirar de GitHub hoy
2026-08-12 03:00:16  INFO  [4/8] Sincronizando con GitHub
2026-08-13 03:00:06  INFO  ============================================================
2026-08-13 03:00:06  INFO  BACKUP TABLEAU -> GITHUB
2026-08-13 03:00:06  INFO  ============================================================
2026-08-13 03:00:06  INFO  Configuracion cargada y validada
2026-08-13 03:00:06  INFO  [1/8] Borrando las listas anteriores
2026-08-13 03:00:06  INFO        Listo
2026-08-13 03:00:06  INFO  [2/8] Consultando Oracle (versionado + lista de descarga)
2026-08-13 03:00:15  INFO        Listas generadas
2026-08-13 03:00:15  INFO  [3/8] Leyendo las listas
2026-08-13 03:00:15  INFO        210 workbooks con version nueva que descargar
2026-08-13 03:00:15  INFO        0 versiones marcadas para retirar de GitHub hoy
2026-08-13 03:00:15  INFO  [4/8] Sincronizando con GitHub
2026-08-14 03:00:06  INFO  ============================================================
2026-08-14 03:00:06  INFO  BACKUP TABLEAU -> GITHUB
2026-08-14 03:00:06  INFO  ============================================================
2026-08-14 03:00:06  INFO  Configuracion cargada y validada
2026-08-14 03:00:06  INFO  [1/8] Borrando las listas anteriores
2026-08-14 03:00:06  INFO        Listo
2026-08-14 03:00:06  INFO  [2/8] Consultando Oracle (versionado + lista de descarga)
2026-08-14 03:00:14  INFO        Listas generadas
2026-08-14 03:00:14  INFO  [3/8] Leyendo las listas
2026-08-14 03:00:14  INFO        210 workbooks con version nueva que descargar
2026-08-14 03:00:14  INFO        0 versiones marcadas para retirar de GitHub hoy
2026-08-14 03:00:14  INFO  [4/8] Sincronizando con GitHub
2026-08-15 03:00:06  INFO  ============================================================
2026-08-15 03:00:06  INFO  BACKUP TABLEAU -> GITHUB
2026-08-15 03:00:06  INFO  ============================================================
2026-08-15 03:00:06  INFO  Configuracion cargada y validada
2026-08-15 03:00:06  INFO  [1/8] Borrando las listas anteriores
2026-08-15 03:00:06  INFO        Listo
2026-08-15 03:00:06  INFO  [2/8] Consultando Oracle (versionado + lista de descarga)
2026-08-15 03:00:13  INFO        Listas generadas
2026-08-15 03:00:13  INFO  [3/8] Leyendo las listas
2026-08-15 03:00:13  INFO        210 workbooks con version nueva que descargar
2026-08-15 03:00:13  INFO        0 versiones marcadas para retirar de GitHub hoy
2026-08-15 03:00:13  INFO  [4/8] Sincronizando con GitHub
2026-08-16 03:00:06  INFO  ============================================================
2026-08-16 03:00:06  INFO  BACKUP TABLEAU -> GITHUB
2026-08-16 03:00:06  INFO  ============================================================
2026-08-16 03:00:06  INFO  Configuracion cargada y validada
2026-08-16 03:00:06  INFO  [1/8] Borrando las listas anteriores
2026-08-16 03:00:06  INFO        Listo
2026-08-16 03:00:06  INFO  [2/8] Consultando Oracle (versionado + lista de descarga)
2026-08-16 03:00:11  INFO        Listas generadas
2026-08-16 03:00:11  INFO  [3/8] Leyendo las listas
2026-08-16 03:00:11  INFO        210 workbooks con version nueva que descargar
2026-08-16 03:00:11  INFO        0 versiones marcadas para retirar de GitHub hoy
2026-08-16 03:00:11  INFO  [4/8] Sincronizando con GitHub
2026-08-17 03:00:06  INFO  ============================================================
2026-08-17 03:00:06  INFO  BACKUP TABLEAU -> GITHUB
2026-08-17 03:00:06  INFO  ============================================================
2026-08-17 03:00:06  INFO  Configuracion cargada y validada
2026-08-17 03:00:06  INFO  [1/8] Borrando las listas anteriores
2026-08-17 03:00:06  INFO        Listo
2026-08-17 03:00:06  INFO  [2/8] Consultando Oracle (versionado + lista de descarga)
2026-08-17 03:00:14  INFO        Listas generadas
2026-08-17 03:00:14  INFO  [3/8] Leyendo las listas
2026-08-17 03:00:14  INFO        210 workbooks con version nueva que descargar
2026-08-17 03:00:14  INFO        0 versiones marcadas para retirar de GitHub hoy
2026-08-17 03:00:14  INFO  [4/8] Sincronizando con GitHub
2026-08-18 03:00:06  INFO  ============================================================
2026-08-18 03:00:06  INFO  BACKUP TABLEAU -> GITHUB
2026-08-18 03:00:06  INFO  ============================================================
2026-08-18 03:00:06  INFO  Configuracion cargada y validada
2026-08-18 03:00:06  INFO  [1/8] Borrando las listas anteriores
2026-08-18 03:00:06  INFO        Listo
2026-08-18 03:00:06  INFO  [2/8] Consultando Oracle (versionado + lista de descarga)
2026-08-18 03:00:12  INFO        Listas generadas
2026-08-18 03:00:12  INFO  [3/8] Leyendo las listas
2026-08-18 03:00:12  INFO        210 workbooks con version nueva que descargar
2026-08-18 03:00:12  INFO        0 versiones marcadas para retirar de GitHub hoy
2026-08-18 03:00:12  INFO  [4/8] Sincronizando con GitHub
2026-08-18 10:29:16  INFO  ============================================================
2026-08-18 10:29:16  INFO  BACKUP TABLEAU -> GITHUB
2026-08-18 10:29:16  INFO  ============================================================
2026-08-18 10:29:16  INFO  Configuracion cargada y validada
2026-08-18 10:29:16  INFO  [1/8] Borrando las listas anteriores
2026-08-18 10:29:16  INFO        Listo
2026-08-18 10:29:16  INFO  [2/8] Consultando Oracle (versionado + lista de descarga)
2026-08-18 10:29:19  INFO        Listas generadas
2026-08-18 10:29:19  INFO  [3/8] Leyendo las listas
2026-08-18 10:29:19  INFO        210 workbooks con version nueva que descargar
2026-08-18 10:29:19  INFO        0 versiones marcadas para retirar de GitHub hoy
2026-08-18 10:29:19  INFO  [4/8] Sincronizando con GitHub
2026-08-18 10:30:10  INFO        Carpeta local alineada con el repositorio
2026-08-18 10:30:10  INFO  [5/8] Preparando la carpeta de descargas
2026-08-18 10:30:10  INFO        Nada que retirar hoy
2026-08-18 10:30:10  INFO  [6/8] Conectando con Tableau
2026-08-18 10:30:11  INFO  Signed into https://dub01.online.tableau.com as user with id ae9b04e0-08c6-4b88-9bb9-595a9d2d1fa3
2026-08-18 10:30:11  INFO        Conectado
2026-08-18 10:30:11  INFO  [7/8] Descargando y subiendo en lotes de 8
2026-08-18 10:30:11  INFO    [1/210] Admin Insights Starter (v319)
2026-08-18 10:30:11  INFO          Proyecto: Admin Insights
2026-08-18 10:30:11  INFO          Ya existe en disco, no se descarga de nuevo
2026-08-18 10:30:11  INFO    [2/210] GroupsDescarga (v3)
2026-08-18 10:30:11  INFO          Proyecto: Admin Insights/Control Interno
2026-08-18 10:30:11  INFO          Ya existe en disco, no se descarga de nuevo
2026-08-18 10:30:11  INFO    [3/210] AdminInsightsStarter (v1)
2026-08-18 10:30:11  INFO          Proyecto: Admin Insights/Control Interno
2026-08-18 10:30:11  INFO          Ya existe en disco, no se descarga de nuevo
2026-08-18 10:30:11  INFO    [4/210] SiteContentDescarga (v4)
2026-08-18 10:30:11  INFO          Proyecto: Admin Insights/Control Interno
2026-08-18 10:30:11  INFO          Ya existe en disco, no se descarga de nuevo
2026-08-18 10:30:11  INFO    [5/210] Control (v1)
2026-08-18 10:30:11  INFO          Proyecto: Admin Insights/Control Interno
2026-08-18 10:30:11  INFO          Ya existe en disco, no se descarga de nuevo
2026-08-18 10:30:11  INFO    [6/210] PermissionsDescarga (v4)
2026-08-18 10:30:11  INFO          Proyecto: Admin Insights/Control Interno
2026-08-18 10:30:11  INFO          Ya existe en disco, no se descarga de nuevo
2026-08-18 10:30:11  INFO    [7/210] TS Event Descarga (v6)
2026-08-18 10:30:11  INFO          Proyecto: Admin Insights/Control Interno
2026-08-18 10:30:11  INFO          Ya existe en disco, no se descarga de nuevo
2026-08-18 10:30:11  INFO    [8/210] SharepointEmployeesList (v1)
2026-08-18 10:30:11  INFO          Proyecto: Admin Insights/Control Interno
2026-08-18 10:30:11  INFO          Ya existe en disco, no se descarga de nuevo
2026-08-18 10:30:11  INFO    --- Subiendo lote (8/210 workbooks procesados) ---
2026-08-18 10:30:12  ERROR         No se pudo crear el commit
2026-08-18 10:30:12  ERROR         On branch main
Your branch is up to date with 'origin/main'.
Untracked files:
  (use "git add <file>..." to include in what will be committed)
	../lista_workbooks_eliminar.csv
nothing added to commit but untracked files present (use "git add" to track)
2026-08-18 10:30:12  WARNING         Lote fallido: sus ficheros iran en el siguiente
2026-08-18 10:30:12  INFO    [9/210] Venta Interna PRO Anonimizado (v2)
2026-08-18 10:30:12  INFO          Proyecto: Admin Insights/Control Interno
2026-08-18 10:30:12  INFO          Ya existe en disco, no se descarga de nuevo
2026-08-18 10:30:12  INFO    [10/210] Control Grupos, usuarios y actividad (v23)
2026-08-18 10:30:12  INFO          Proyecto: Admin Insights/Control Interno
2026-08-18 10:30:12  INFO          Ya existe en disco, no se descarga de nuevo
2026-08-18 10:30:12  INFO    [11/210] Control Pedidos (v3)
2026-08-18 10:30:12  INFO          Proyecto: Admin Insights/Control Interno
2026-08-18 10:30:12  INFO          Ya existe en disco, no se descarga de nuevo
2026-08-18 10:30:12  INFO    [12/210] Tableau Volume (v7)
2026-08-18 10:30:12  INFO          Proyecto: Admin Insights/Control Interno
2026-08-18 10:30:12  INFO          Ya existe en disco, no se descarga de nuevo
2026-08-18 10:30:12  INFO    [13/210] Tableau Usage (v24)
2026-08-18 10:30:12  INFO          Proyecto: Admin Insights/Control Interno
2026-08-18 10:30:12  INFO          Ya existe en disco, no se descarga de nuevo
2026-08-18 10:30:12  INFO    [14/210] PlantillaEmpleados (v1)
2026-08-18 10:30:12  INFO          Proyecto: Admin Insights/Control Interno
2026-08-18 10:30:12  INFO          Ya existe en disco, no se descarga de nuevo
2026-08-18 10:30:12  INFO    [15/210] Self Service PRO Anonimizado (v2)
2026-08-18 10:30:12  INFO          Proyecto: Admin Insights/Control Interno
2026-08-18 10:30:12  INFO          Ya existe en disco, no se descarga de nuevo
2026-08-18 10:30:12  INFO    [16/210] Estado_Procesos (v26)
2026-08-18 10:30:12  INFO          Proyecto: Admin Insights/Control Interno
2026-08-18 10:30:12  INFO          Ya existe en disco, no se descarga de nuevo
2026-08-18 10:30:12  INFO    --- Subiendo lote (16/210 workbooks procesados) ---
2026-08-18 10:30:12  ERROR         No se pudo crear el commit
2026-08-18 10:30:12  ERROR         On branch main
Your branch is up to date with 'origin/main'.
Untracked files:
  (use "git add <file>..." to include in what will be committed)
	../lista_workbooks_eliminar.csv
nothing added to commit but untracked files present (use "git add" to track)
2026-08-18 10:30:12  WARNING         Lote fallido: sus ficheros iran en el siguiente
2026-08-18 10:30:12  INFO    [17/210] Home (v244)
2026-08-18 10:30:12  INFO          Proyecto: Production
2026-08-18 10:30:12  INFO          Ya existe en disco, no se descarga de nuevo
2026-08-18 10:30:12  INFO    [18/210] Pharma Visits Mex (v6)
2026-08-18 10:30:12  INFO          Proyecto: Production/Dashboards/Hexagono
2026-08-18 10:30:12  INFO          Ya existe en disco, no se descarga de nuevo
2026-08-18 10:30:12  INFO    [19/210] Training & Learning (v34)
2026-08-18 10:30:12  INFO          Proyecto: Production/Dashboards/Hexagono
2026-08-18 10:30:12  INFO          Ya existe en disco, no se descarga de nuevo
2026-08-18 10:30:12  INFO    [20/210] VF Dashboard (v25)
2026-08-18 10:30:12  INFO          Proyecto: Production/Dashboards/Hexagono
2026-08-18 10:30:12  INFO          Ya existe en disco, no se descarga de nuevo
2026-08-18 10:30:12  INFO    [21/210] Order to Cash PRO (v29)
2026-08-18 10:30:12  INFO          Proyecto: Production/Dashboards/Hexagono
2026-08-18 10:30:12  INFO          Ya existe en disco, no se descarga de nuevo
2026-08-18 10:30:12  INFO    [22/210] Home Hexagon (v13)
2026-08-18 10:30:12  INFO          Proyecto: Production/Dashboards/Hexagono
2026-08-18 10:30:12  INFO          Ya existe en disco, no se descarga de nuevo
2026-08-18 10:30:12  INFO    [23/210] Digital Marketing PRO (v13)
2026-08-18 10:30:12  INFO          Proyecto: Production/Dashboards/Hexagono
2026-08-18 10:30:12  INFO          Ya existe en disco, no se descarga de nuevo
2026-08-18 10:30:12  INFO    [24/210] Seguimiento Presupuesto (v2)
2026-08-18 10:30:12  INFO          Proyecto: Production/Dashboards/Performance Sell In
2026-08-18 10:30:12  INFO          Ya existe en disco, no se descarga de nuevo
2026-08-18 10:30:12  INFO    --- Subiendo lote (24/210 workbooks procesados) ---
2026-08-18 10:30:12  ERROR         No se pudo crear el commit
2026-08-18 10:30:12  ERROR         On branch main
Your branch is up to date with 'origin/main'.
Untracked files:
  (use "git add <file>..." to include in what will be committed)
	../lista_workbooks_eliminar.csv
nothing added to commit but untracked files present (use "git add" to track)
2026-08-18 10:30:12  WARNING         Lote fallido: sus ficheros iran en el siguiente
2026-08-18 10:30:12  INFO    [25/210] Zoom VN (v37)
2026-08-18 10:30:12  INFO          Proyecto: Production/Dashboards/Performance Sell In
2026-08-18 10:30:12  INFO          Ya existe en disco, no se descarga de nuevo
2026-08-18 10:30:12  INFO    [26/210] Daily Net Sales (v9)
2026-08-18 10:30:12  INFO          Proyecto: Production/Dashboards/Performance Sell In
2026-08-18 10:30:12  INFO          Ya existe en disco, no se descarga de nuevo
2026-08-18 10:30:12  INFO    [27/210] Seguimiento Performance Sell In (v37)
2026-08-18 10:30:12  INFO          Proyecto: Production/Dashboards/Performance Sell In
2026-08-18 10:30:12  INFO          Ya existe en disco, no se descarga de nuevo
2026-08-18 10:30:12  INFO    [28/210] Ceco Cuenta (v6)
2026-08-18 10:30:12  INFO          Proyecto: Production/Dashboards/Performance Sell In
2026-08-18 10:30:12  INFO          Ya existe en disco, no se descarga de nuevo
2026-08-18 10:30:12  INFO    [29/210] Self Service PRO (v100)
2026-08-18 10:30:12  INFO          Proyecto: Production/Dashboards/Performance Sell In
2026-08-18 10:30:12  INFO          Ya existe en disco, no se descarga de nuevo
2026-08-18 10:30:12  INFO    [30/210] Termometro Ventas Diarias (v46)
2026-08-18 10:30:12  INFO          Proyecto: Production/Dashboards/Performance Sell In
2026-08-18 10:30:12  INFO          Ya existe en disco, no se descarga de nuevo
2026-08-18 10:30:12  INFO    [31/210] Zoom Dtos BU (v11)
2026-08-18 10:30:12  INFO          Proyecto: Production/Dashboards/Performance Sell In
2026-08-18 10:30:12  INFO          Ya existe en disco, no se descarga de nuevo
2026-08-18 10:30:12  INFO    [32/210] Termometro Ventas Mensuales (v47)
2026-08-18 10:30:12  INFO          Proyecto: Production/Dashboards/Performance Sell In
2026-08-18 10:30:12  INFO          Ya existe en disco, no se descarga de nuevo
2026-08-18 10:30:12  INFO    --- Subiendo lote (32/210 workbooks procesados) ---
2026-08-18 10:30:13  ERROR         No se pudo crear el commit
2026-08-18 10:30:13  ERROR         On branch main
Your branch is up to date with 'origin/main'.
Untracked files:
  (use "git add <file>..." to include in what will be committed)
	../lista_workbooks_eliminar.csv
nothing added to commit but untracked files present (use "git add" to track)
2026-08-18 10:30:13  WARNING         Lote fallido: sus ficheros iran en el siguiente
2026-08-18 10:30:13  INFO    [33/210] Venta Interna - YTD (v1)
2026-08-18 10:30:13  INFO          Proyecto: Production/Dashboards/Performance Sell In
2026-08-18 10:30:13  INFO          Ya existe en disco, no se descarga de nuevo
2026-08-18 10:30:13  INFO    [34/210] PL (v36)
2026-08-18 10:30:13  INFO          Proyecto: Production/Dashboards/Performance Sell In
2026-08-18 10:30:13  INFO          Ya existe en disco, no se descarga de nuevo
2026-08-18 10:30:13  INFO    [35/210] Venta Interna - MTD (v1)
2026-08-18 10:30:13  INFO          Proyecto: Production/Dashboards/Performance Sell In
2026-08-18 10:30:13  INFO          Ya existe en disco, no se descarga de nuevo
2026-08-18 10:30:13  INFO    [36/210] Venta Interna PRO (v69)
2026-08-18 10:30:13  INFO          Proyecto: Production/Dashboards/Performance Sell In
2026-08-18 10:30:13  INFO          Ya existe en disco, no se descarga de nuevo
2026-08-18 10:30:13  INFO    [37/210] Informe Actividad por Tipo Centro (v24)
2026-08-18 10:30:13  INFO          Proyecto: Production/Dashboards/Ad hoc Reports/BI Local/BI España
2026-08-18 10:30:13  INFO          Ya existe en disco, no se descarga de nuevo
2026-08-18 10:30:13  INFO    [38/210] Proyeccion Preventa Heliocare (v5)
2026-08-18 10:30:13  INFO          Proyecto: Production/Dashboards/Ad hoc Reports/BI Local/BI España
2026-08-18 10:30:13  INFO          Ya existe en disco, no se descarga de nuevo
2026-08-18 10:30:13  INFO    [39/210] Rankings (v69)
2026-08-18 10:30:13  INFO          Proyecto: Production/Dashboards/Ad hoc Reports/BI Local/BI España
2026-08-18 10:30:13  INFO          Ya existe en disco, no se descarga de nuevo
2026-08-18 10:30:13  INFO    [40/210] Analisis por Tipo Venta (v18)
2026-08-18 10:30:13  INFO          Proyecto: Production/Dashboards/Ad hoc Reports/BI Local/BI España
2026-08-18 10:30:13  INFO          Ya existe en disco, no se descarga de nuevo
2026-08-18 10:30:13  INFO    --- Subiendo lote (40/210 workbooks procesados) ---
2026-08-18 10:30:13  ERROR         No se pudo crear el commit
2026-08-18 10:30:13  ERROR         On branch main
Your branch is up to date with 'origin/main'.
Untracked files:
  (use "git add <file>..." to include in what will be committed)
	../lista_workbooks_eliminar.csv
nothing added to commit but untracked files present (use "git add" to track)
2026-08-18 10:30:13  WARNING         Lote fallido: sus ficheros iran en el siguiente
2026-08-18 10:30:13  INFO    [41/210] CdM Informes Delegado (v59)
2026-08-18 10:30:13  INFO          Proyecto: Production/Dashboards/Ad hoc Reports/BI Local/BI España
2026-08-18 10:30:13  INFO          Ya existe en disco, no se descarga de nuevo
2026-08-18 10:30:13  INFO    [42/210] CdM Area Clientes (v349)
2026-08-18 10:30:13  INFO          Proyecto: Production/Dashboards/Ad hoc Reports/BI Local/BI España
2026-08-18 10:30:13  INFO          Ya existe en disco, no se descarga de nuevo
2026-08-18 10:30:13  INFO    [43/210] CdM Rankings-Area Clientes (v28)
2026-08-18 10:30:13  INFO          Proyecto: Production/Dashboards/Ad hoc Reports/BI Local/BI España
2026-08-18 10:30:13  INFO          Ya existe en disco, no se descarga de nuevo
2026-08-18 10:30:13  INFO    [44/210] CdM PLUS Incentivos (v111)
2026-08-18 10:30:13  INFO          Proyecto: Production/Dashboards/Ad hoc Reports/BI Local/BI España
2026-08-18 10:30:13  INFO          Ya existe en disco, no se descarga de nuevo
2026-08-18 10:30:13  INFO    [45/210] CdM Matrices (v94)
2026-08-18 10:30:13  INFO          Proyecto: Production/Dashboards/Ad hoc Reports/BI Local/BI España
2026-08-18 10:30:13  INFO          Ya existe en disco, no se descarga de nuevo
2026-08-18 10:30:13  INFO    [46/210] CdM Venta Interna (v235)
2026-08-18 10:30:13  INFO          Proyecto: Production/Dashboards/Ad hoc Reports/BI Local/BI España
2026-08-18 10:30:13  INFO          Ya existe en disco, no se descarga de nuevo
2026-08-18 10:30:13  INFO    [47/210] IAD Salesforce (v113)
2026-08-18 10:30:13  INFO          Proyecto: Production/Dashboards/Ad hoc Reports/BI Local/BI España
2026-08-18 10:30:13  INFO          Ya existe en disco, no se descarga de nuevo
2026-08-18 10:30:13  INFO    [48/210] Informe Provision Rappel (v36)
2026-08-18 10:30:13  INFO          Proyecto: Production/Dashboards/Ad hoc Reports/BI Local/BI España
2026-08-18 10:30:13  INFO          Ya existe en disco, no se descarga de nuevo
2026-08-18 10:30:13  INFO    --- Subiendo lote (48/210 workbooks procesados) ---
2026-08-18 10:30:13  ERROR         No se pudo crear el commit
2026-08-18 10:30:13  ERROR         On branch main
Your branch is up to date with 'origin/main'.
Untracked files:
  (use "git add <file>..." to include in what will be committed)
	../lista_workbooks_eliminar.csv
nothing added to commit but untracked files present (use "git add" to track)
2026-08-18 10:30:13  WARNING         Lote fallido: sus ficheros iran en el siguiente
2026-08-18 10:30:13  INFO    [49/210] CdM Unidades Regulatorio (v7)
2026-08-18 10:30:13  INFO          Proyecto: Production/Dashboards/Ad hoc Reports/BI Local/BI España
2026-08-18 10:30:13  INFO          Ya existe en disco, no se descarga de nuevo
2026-08-18 10:30:13  INFO    [50/210] Informe Clientes sin Venta (con Prop.) (v3)
2026-08-18 10:30:13  INFO          Proyecto: Production/Dashboards/Ad hoc Reports/BI Local/BI España
2026-08-18 10:30:13  INFO          Ya existe en disco, no se descarga de nuevo
2026-08-18 10:30:13  INFO    [51/210] CdM DERM Incentivos (v90)
2026-08-18 10:30:13  INFO          Proyecto: Production/Dashboards/Ad hoc Reports/BI Local/BI España
2026-08-18 10:30:13  INFO          Ya existe en disco, no se descarga de nuevo
2026-08-18 10:30:13  INFO    [52/210] CdM COACH Incentivos (v58)
2026-08-18 10:30:13  INFO          Proyecto: Production/Dashboards/Ad hoc Reports/BI Local/BI España
2026-08-18 10:30:13  INFO          Ya existe en disco, no se descarga de nuevo
2026-08-18 10:30:13  INFO    [53/210] Uds Proyectadas (v39)
2026-08-18 10:30:13  INFO          Proyecto: Production/Dashboards/Ad hoc Reports/BI Local/BI España
2026-08-18 10:30:13  INFO          Ya existe en disco, no se descarga de nuevo
2026-08-18 10:30:13  INFO    [54/210] CdM Redención (v61)
2026-08-18 10:30:13  INFO          Proyecto: Production/Dashboards/Ad hoc Reports/BI Local/BI España
2026-08-18 10:30:13  INFO          Ya existe en disco, no se descarga de nuevo
2026-08-18 10:30:13  INFO    [55/210] CdM NEO Incentivos (v84)
2026-08-18 10:30:13  INFO          Proyecto: Production/Dashboards/Ad hoc Reports/BI Local/BI España
2026-08-18 10:30:13  INFO          Ya existe en disco, no se descarga de nuevo
2026-08-18 10:30:13  INFO    [56/210] CdM Preventas (v52)
2026-08-18 10:30:13  INFO          Proyecto: Production/Dashboards/Ad hoc Reports/BI Local/BI España
2026-08-18 10:30:13  INFO          Ya existe en disco, no se descarga de nuevo
2026-08-18 10:30:13  INFO    --- Subiendo lote (56/210 workbooks procesados) ---
2026-08-18 10:30:13  ERROR         No se pudo crear el commit
2026-08-18 10:30:13  ERROR         On branch main
Your branch is up to date with 'origin/main'.
Untracked files:
  (use "git add <file>..." to include in what will be committed)
	../lista_workbooks_eliminar.csv
nothing added to commit but untracked files present (use "git add" to track)
2026-08-18 10:30:13  WARNING         Lote fallido: sus ficheros iran en el siguiente
2026-08-18 10:30:13  INFO    [57/210] CdM Tarifa de Precios y Uds Caja (v26)
2026-08-18 10:30:13  INFO          Proyecto: Production/Dashboards/Ad hoc Reports/BI Local/BI España
2026-08-18 10:30:13  INFO          Ya existe en disco, no se descarga de nuevo
2026-08-18 10:30:13  INFO    [58/210] Analisis de Mercados (v35)
2026-08-18 10:30:13  INFO          Proyecto: Production/Dashboards/Ad hoc Reports/BI Local/BI España
2026-08-18 10:30:13  INFO          Ya existe en disco, no se descarga de nuevo
2026-08-18 10:30:13  INFO    [59/210] Seguridad Dashboards (v12)
2026-08-18 10:30:13  INFO          Proyecto: Production/Dashboards/Ad hoc Reports/BI Local/BI España
2026-08-18 10:30:13  INFO          Ya existe en disco, no se descarga de nuevo
2026-08-18 10:30:13  INFO    [60/210] CdM Integral - Actividad (v131)
2026-08-18 10:30:13  INFO          Proyecto: Production/Dashboards/Ad hoc Reports/BI Local/BI España
2026-08-18 10:30:13  INFO          Ya existe en disco, no se descarga de nuevo
2026-08-18 10:30:13  INFO    [61/210] CdM Matrices Cosm (v13)
2026-08-18 10:30:13  INFO          Proyecto: Production/Dashboards/Ad hoc Reports/BI Local/BI España
2026-08-18 10:30:13  INFO          Ya existe en disco, no se descarga de nuevo
2026-08-18 10:30:13  INFO    [62/210] Analisis Packs (v13)
2026-08-18 10:30:13  INFO          Proyecto: Production/Dashboards/Ad hoc Reports/BI Local/BI España
2026-08-18 10:30:13  INFO          Ya existe en disco, no se descarga de nuevo
2026-08-18 10:30:13  INFO    [63/210] CdM Area Clientes Self Service (v115)
2026-08-18 10:30:13  INFO          Proyecto: Production/Dashboards/Ad hoc Reports/BI Local/BI España
2026-08-18 10:30:13  INFO          Ya existe en disco, no se descarga de nuevo
2026-08-18 10:30:13  INFO    [64/210] Presupuesto Internas (v34)
2026-08-18 10:30:13  INFO          Proyecto: Production/Dashboards/Ad hoc Reports/BI Local/BI España
2026-08-18 10:30:13  INFO          Ya existe en disco, no se descarga de nuevo
2026-08-18 10:30:13  INFO    --- Subiendo lote (64/210 workbooks procesados) ---
2026-08-18 10:30:13  ERROR         No se pudo crear el commit
2026-08-18 10:30:13  ERROR         On branch main
Your branch is up to date with 'origin/main'.
Untracked files:
  (use "git add <file>..." to include in what will be committed)
	../lista_workbooks_eliminar.csv
nothing added to commit but untracked files present (use "git add" to track)
2026-08-18 10:30:13  WARNING         Lote fallido: sus ficheros iran en el siguiente
2026-08-18 10:30:13  INFO    [65/210] Informe Incentivos Cobrados (v6)
2026-08-18 10:30:13  INFO          Proyecto: Production/Dashboards/Ad hoc Reports/BI Local/BI España
2026-08-18 10:30:13  INFO          Ya existe en disco, no se descarga de nuevo
2026-08-18 10:30:13  INFO    [66/210] CdM SKIN Incentivos (v85)
2026-08-18 10:30:13  INFO          Proyecto: Production/Dashboards/Ad hoc Reports/BI Local/BI España
2026-08-18 10:30:13  INFO          Ya existe en disco, no se descarga de nuevo
2026-08-18 10:30:13  INFO    [67/210] CdM Select Self Service (v24)
2026-08-18 10:30:13  INFO          Proyecto: Production/Dashboards/Ad hoc Reports/BI Local/BI España
2026-08-18 10:30:13  INFO          Ya existe en disco, no se descarga de nuevo
2026-08-18 10:30:13  INFO    [68/210] CdM Integral Self Service AA (v58)
2026-08-18 10:30:13  INFO          Proyecto: Production/Dashboards/Ad hoc Reports/BI Local/BI España
2026-08-18 10:30:14  INFO          Ya existe en disco, no se descarga de nuevo
2026-08-18 10:30:14  INFO    [69/210] CdM Incentivos Global (v16)
2026-08-18 10:30:14  INFO          Proyecto: Production/Dashboards/Ad hoc Reports/BI Local/BI España
2026-08-18 10:30:14  INFO          Ya existe en disco, no se descarga de nuevo
2026-08-18 10:30:14  INFO    [70/210] CdM Sell out (v62)
2026-08-18 10:30:14  INFO          Proyecto: Production/Dashboards/Ad hoc Reports/BI Local/BI España
2026-08-18 10:30:14  INFO          Ya existe en disco, no se descarga de nuevo
2026-08-18 10:30:14  INFO    [71/210] CdM AP Incentivos (v25)
2026-08-18 10:30:14  INFO          Proyecto: Production/Dashboards/Ad hoc Reports/BI Local/BI España
2026-08-18 10:30:14  INFO          Ya existe en disco, no se descarga de nuevo
2026-08-18 10:30:14  INFO    [72/210] KPIs Estrategicos (v6)
2026-08-18 10:30:14  INFO          Proyecto: Production/Dashboards/Ad hoc Reports/BI Local/BI España
2026-08-18 10:30:14  INFO          Ya existe en disco, no se descarga de nuevo
2026-08-18 10:30:14  INFO    --- Subiendo lote (72/210 workbooks procesados) ---
2026-08-18 10:30:14  ERROR         No se pudo crear el commit
2026-08-18 10:30:14  ERROR         On branch main
Your branch is up to date with 'origin/main'.
Untracked files:
  (use "git add <file>..." to include in what will be committed)
	../lista_workbooks_eliminar.csv
nothing added to commit but untracked files present (use "git add" to track)
2026-08-18 10:30:14  WARNING         Lote fallido: sus ficheros iran en el siguiente
2026-08-18 10:30:14  INFO    [73/210] CdM Clientes - Filtro Facturacion (v31)
2026-08-18 10:30:14  INFO          Proyecto: Production/Dashboards/Ad hoc Reports/BI Local/BI España
2026-08-18 10:30:14  INFO          Ya existe en disco, no se descarga de nuevo
2026-08-18 10:30:14  INFO    [74/210] Estrategia Ciclo (v24)
2026-08-18 10:30:14  INFO          Proyecto: Production/Dashboards/Ad hoc Reports/BI Local/BI España
2026-08-18 10:30:14  INFO          Ya existe en disco, no se descarga de nuevo
2026-08-18 10:30:14  INFO    [75/210] CdM Red Select Ejecutivo (v59)
2026-08-18 10:30:14  INFO          Proyecto: Production/Dashboards/Ad hoc Reports/BI Local/BI España
2026-08-18 10:30:14  INFO          Ya existe en disco, no se descarga de nuevo
2026-08-18 10:30:14  INFO    [76/210] Seguimiento Acuerdos Comerciales (v34)
2026-08-18 10:30:14  INFO          Proyecto: Production/Dashboards/Ad hoc Reports/BI Local/BI España
2026-08-18 10:30:14  INFO          Ya existe en disco, no se descarga de nuevo
2026-08-18 10:30:14  INFO    [77/210] CdM Gastos Red Comercial (v27)
2026-08-18 10:30:14  INFO          Proyecto: Production/Dashboards/Ad hoc Reports/BI Local/BI España
2026-08-18 10:30:14  INFO          Ya existe en disco, no se descarga de nuevo
2026-08-18 10:30:14  INFO    [78/210] CdM Campañas (v30)
2026-08-18 10:30:14  INFO          Proyecto: Production/Dashboards/Ad hoc Reports/BI Local/BI España
2026-08-18 10:30:14  INFO          Ya existe en disco, no se descarga de nuevo
2026-08-18 10:30:14  INFO    [79/210] Analisis Importe Pendiente (v11)
2026-08-18 10:30:14  INFO          Proyecto: Production/Dashboards/Ad hoc Reports/BI Local/BI España
2026-08-18 10:30:14  INFO          Ya existe en disco, no se descarga de nuevo
2026-08-18 10:30:14  INFO    [80/210] CdM CARE Incentivos (v21)
2026-08-18 10:30:14  INFO          Proyecto: Production/Dashboards/Ad hoc Reports/BI Local/BI España
2026-08-18 10:30:14  INFO          Ya existe en disco, no se descarga de nuevo
2026-08-18 10:30:14  INFO    --- Subiendo lote (80/210 workbooks procesados) ---
2026-08-18 10:30:14  ERROR         No se pudo crear el commit
2026-08-18 10:30:14  ERROR         On branch main
Your branch is up to date with 'origin/main'.
Untracked files:
  (use "git add <file>..." to include in what will be committed)
	../lista_workbooks_eliminar.csv
nothing added to commit but untracked files present (use "git add" to track)
2026-08-18 10:30:14  WARNING         Lote fallido: sus ficheros iran en el siguiente
2026-08-18 10:30:14  INFO    [81/210] Auditoria Cod JDE - Cod SF (v9)
2026-08-18 10:30:14  INFO          Proyecto: Production/Dashboards/Ad hoc Reports/BI Local/BI España/Informes Automaticos
2026-08-18 10:30:14  INFO          Ya existe en disco, no se descarga de nuevo
2026-08-18 10:30:14  INFO    [82/210] CdM SRI Producto Agrupado YTD (v3)
2026-08-18 10:30:14  INFO          Proyecto: Production/Dashboards/Ad hoc Reports/BI Local/BI España/Informes Automaticos
2026-08-18 10:30:14  INFO          Ya existe en disco, no se descarga de nuevo
2026-08-18 10:30:14  INFO    [83/210] CdM Venta Interna Detalle Marca MTD (v5)
2026-08-18 10:30:14  INFO          Proyecto: Production/Dashboards/Ad hoc Reports/BI Local/BI España/Informes Automaticos
2026-08-18 10:30:14  INFO          Ya existe en disco, no se descarga de nuevo
2026-08-18 10:30:14  INFO    [84/210] CdM Venta Interna Detalle Producto Agrupado MTD (v5)
2026-08-18 10:30:14  INFO          Proyecto: Production/Dashboards/Ad hoc Reports/BI Local/BI España/Informes Automaticos
2026-08-18 10:30:14  INFO          Ya existe en disco, no se descarga de nuevo
2026-08-18 10:30:14  INFO    [85/210] CdM SRI Marca MTD (v2)
2026-08-18 10:30:14  INFO          Proyecto: Production/Dashboards/Ad hoc Reports/BI Local/BI España/Informes Automaticos
2026-08-18 10:30:14  INFO          Ya existe en disco, no se descarga de nuevo
2026-08-18 10:30:14  INFO    [86/210] CdM Venta Interna Detalle Producto Agrupado YTD (v6)
2026-08-18 10:30:14  INFO          Proyecto: Production/Dashboards/Ad hoc Reports/BI Local/BI España/Informes Automaticos
2026-08-18 10:30:14  INFO          Ya existe en disco, no se descarga de nuevo
2026-08-18 10:30:14  INFO    [87/210] CdM SRI Marca YTD (v3)
2026-08-18 10:30:14  INFO          Proyecto: Production/Dashboards/Ad hoc Reports/BI Local/BI España/Informes Automaticos
2026-08-18 10:30:14  INFO          Ya existe en disco, no se descarga de nuevo
2026-08-18 10:30:14  INFO    [88/210] CdM Venta Interna Detalle Marca YTD (v10)
2026-08-18 10:30:14  INFO          Proyecto: Production/Dashboards/Ad hoc Reports/BI Local/BI España/Informes Automaticos
2026-08-18 10:30:14  INFO          Ya existe en disco, no se descarga de nuevo
2026-08-18 10:30:14  INFO    --- Subiendo lote (88/210 workbooks procesados) ---
2026-08-18 10:30:14  ERROR         No se pudo crear el commit
2026-08-18 10:30:14  ERROR         On branch main
Your branch is up to date with 'origin/main'.
Untracked files:
  (use "git add <file>..." to include in what will be committed)
	../lista_workbooks_eliminar.csv
nothing added to commit but untracked files present (use "git add" to track)
2026-08-18 10:30:14  WARNING         Lote fallido: sus ficheros iran en el siguiente
2026-08-18 10:30:14  INFO    [89/210] CdM SRI Producto Agrupado MTD (v2)
2026-08-18 10:30:14  INFO          Proyecto: Production/Dashboards/Ad hoc Reports/BI Local/BI España/Informes Automaticos
2026-08-18 10:30:14  INFO          Ya existe en disco, no se descarga de nuevo
2026-08-18 10:30:14  INFO    [90/210] CdM Clinics Visits - 2024 (v7)
2026-08-18 10:30:14  INFO          Proyecto: Production/Dashboards/Ad hoc Reports/BI Local/BI Portugal
2026-08-18 10:30:14  INFO          Ya existe en disco, no se descarga de nuevo
2026-08-18 10:30:14  INFO    [91/210] Cdm Sellin (v95)
2026-08-18 10:30:14  INFO          Proyecto: Production/Dashboards/Ad hoc Reports/BI Local/BI Portugal
2026-08-18 10:30:14  INFO          Ya existe en disco, no se descarga de nuevo
2026-08-18 10:30:14  INFO    [92/210] CdM Pharmacy Visits (v23)
2026-08-18 10:30:14  INFO          Proyecto: Production/Dashboards/Ad hoc Reports/BI Local/BI Portugal
2026-08-18 10:30:14  INFO          Ya existe en disco, no se descarga de nuevo
2026-08-18 10:30:14  INFO    [93/210] CdM Clinics Visits (v82)
2026-08-18 10:30:14  INFO          Proyecto: Production/Dashboards/Ad hoc Reports/BI Local/BI Portugal
2026-08-18 10:30:14  INFO          Ya existe en disco, no se descarga de nuevo
2026-08-18 10:30:14  INFO    [94/210] CdM Clinics Visits - 2025 (v4)
2026-08-18 10:30:14  INFO          Proyecto: Production/Dashboards/Ad hoc Reports/BI Local/BI Portugal
2026-08-18 10:30:14  INFO          Ya existe en disco, no se descarga de nuevo
2026-08-18 10:30:14  INFO    [95/210] Cdm Sellin SS (v12)
2026-08-18 10:30:14  INFO          Proyecto: Production/Dashboards/Ad hoc Reports/BI Local/BI Portugal
2026-08-18 10:30:14  INFO          Ya existe en disco, no se descarga de nuevo
2026-08-18 10:30:14  INFO    [96/210] Rankings (v27)
2026-08-18 10:30:14  INFO          Proyecto: Production/Dashboards/Ad hoc Reports/BI Local/BI Portugal
2026-08-18 10:30:14  INFO          Ya existe en disco, no se descarga de nuevo
2026-08-18 10:30:14  INFO    --- Subiendo lote (96/210 workbooks procesados) ---
2026-08-18 10:30:14  ERROR         No se pudo crear el commit
2026-08-18 10:30:14  ERROR         On branch main
Your branch is up to date with 'origin/main'.
Untracked files:
  (use "git add <file>..." to include in what will be committed)
	../lista_workbooks_eliminar.csv
nothing added to commit but untracked files present (use "git add" to track)
2026-08-18 10:30:14  WARNING         Lote fallido: sus ficheros iran en el siguiente
2026-08-18 10:30:14  INFO    [97/210] Report Portugal (v11)
2026-08-18 10:30:14  INFO          Proyecto: Production/Dashboards/Ad hoc Reports/BI Local/BI Portugal
2026-08-18 10:30:14  INFO          Ya existe en disco, no se descarga de nuevo
2026-08-18 10:30:14  INFO    [98/210] Kam Review (v130)
2026-08-18 10:30:14  INFO          Proyecto: Production/Dashboards/Ad hoc Reports/BI Local/BI International
2026-08-18 10:30:14  INFO          Ya existe en disco, no se descarga de nuevo
2026-08-18 10:30:14  INFO    [99/210] Kam Review Histórico (v31)
2026-08-18 10:30:14  INFO          Proyecto: Production/Dashboards/Ad hoc Reports/BI Local/BI International
2026-08-18 10:30:14  INFO          Ya existe en disco, no se descarga de nuevo
2026-08-18 10:30:14  INFO    [100/210] Uds Proyectadas Internacional (v13)
2026-08-18 10:30:14  INFO          Proyecto: Production/Dashboards/Ad hoc Reports/BI Local/BI International
2026-08-18 10:30:14  INFO          Ya existe en disco, no se descarga de nuevo
2026-08-18 10:30:14  INFO    [101/210] Andromedapp (v15)
2026-08-18 10:30:14  INFO          Proyecto: Production/Dashboards/Ad hoc Reports/BI Local/BI México
2026-08-18 10:30:14  INFO          Ya existe en disco, no se descarga de nuevo
2026-08-18 10:30:14  INFO    [102/210] Reporte Diario de Ventas (v28)
2026-08-18 10:30:14  INFO          Proyecto: Production/Dashboards/Ad hoc Reports/BI Local/BI México/Mockups IBS
2026-08-18 10:30:17  INFO  Downloaded workbook revision None to C:\tabcmd\TableauGitHub\Tableau Workbooks\Production\Dashboards\Ad hoc Reports\BI Local\BI México\Mockups IBS\Reporte Diario de Ventas_v28.twbx (ID: 89465930-7806-4389-9d4f-185fc8952b91)
2026-08-18 10:30:17  INFO          Descargado (1.3 MB)
2026-08-18 10:30:17  INFO    [103/210] Fill Rate a Detalle (v21)
2026-08-18 10:30:17  INFO          Proyecto: Production/Dashboards/Ad hoc Reports/BI Local/BI México/Mockups IBS
2026-08-18 10:30:18  INFO  Downloaded workbook revision None to C:\tabcmd\TableauGitHub\Tableau Workbooks\Production\Dashboards\Ad hoc Reports\BI Local\BI México\Mockups IBS\Fill Rate a Detalle_v21.twbx (ID: 401c2f5f-11e7-4a22-a4b4-a4af310a6835)
2026-08-18 10:30:18  INFO          Descargado (1.1 MB)
2026-08-18 10:30:18  INFO    [104/210] Tablero rentabilidad (v2)
2026-08-18 10:30:18  INFO          Proyecto: Production/Dashboards/Ad hoc Reports/BI Local/BI México/Mockups IBS
2026-08-18 10:30:18  INFO          Ya existe en disco, no se descarga de nuevo
2026-08-18 10:30:18  INFO    --- Subiendo lote (104/210 workbooks procesados) ---
2026-08-18 10:30:22  INFO          Locking support detected on remote "origin". Consider enabling it with:
2026-08-18 10:30:22  INFO            $ git config lfs.https://cantabrialabs.ghe.com/cantabrialabs-it/CLabs-Tableau.git/info/lfs.locksverify true
2026-08-18 10:30:25  INFO          Uploading LFS objects: 100% (2/2), 2.5 MB | 0 B/s, done.
2026-08-18 10:30:25  INFO          To https://cantabrialabs.ghe.com/cantabrialabs-it/CLabs-Tableau.git
2026-08-18 10:30:25  INFO             fadd6a9..357efe2  main -> main
2026-08-18 10:30:25  INFO          Lote subido
2026-08-18 10:30:26  INFO          8 version(es) marcadas como subidas en Oracle
2026-08-18 10:30:26  INFO    [105/210] Plan de inventarios (v2)
2026-08-18 10:30:26  INFO          Proyecto: Production/Dashboards/Ad hoc Reports/BI Local/BI México/Mockups IBS
2026-08-18 10:30:26  INFO          Ya existe en disco, no se descarga de nuevo
2026-08-18 10:30:26  INFO    [106/210] Plan de la Demanda (v3)
2026-08-18 10:30:26  INFO          Proyecto: Production/Dashboards/Ad hoc Reports/BI Local/BI México/Mockups IBS
2026-08-18 10:30:26  INFO          Ya existe en disco, no se descarga de nuevo
2026-08-18 10:30:26  INFO    [107/210] Conciliacion_Financiera (v2)
2026-08-18 10:30:26  INFO          Proyecto: Production/Dashboards/Ad hoc Reports/BI Local/BI México/Mockups IBS
2026-08-18 10:30:26  INFO          Ya existe en disco, no se descarga de nuevo
2026-08-18 10:30:26  INFO    [108/210] CdM Stangest (v15)
2026-08-18 10:30:26  INFO          Proyecto: Production/Dashboards/Ad hoc Reports/BI Local/BI Stangest
2026-08-18 10:30:26  INFO          Ya existe en disco, no se descarga de nuevo
2026-08-18 10:30:26  INFO    [109/210] CdM Sell out TOTY (v6)
2026-08-18 10:30:26  INFO          Proyecto: Production/Dashboards/Ad hoc Reports/BI Local/BI Toty
2026-08-18 10:30:26  INFO          Ya existe en disco, no se descarga de nuevo
2026-08-18 10:30:26  INFO    [110/210] Client Corporate Catalog (v3)
2026-08-18 10:30:26  INFO          Proyecto: Production/Dashboards/MDM
2026-08-18 10:30:26  INFO          Ya existe en disco, no se descarga de nuevo
2026-08-18 10:30:26  INFO    [111/210] JDE Product Catalog (v41)
2026-08-18 10:30:26  INFO          Proyecto: Production/Dashboards/MDM
2026-08-18 10:30:26  INFO          Ya existe en disco, no se descarga de nuevo
2026-08-18 10:30:26  INFO    [112/210] CdM Data Source y Workbook (v22)
2026-08-18 10:30:26  INFO          Proyecto: Production/Dashboards/MDM
2026-08-18 10:30:26  INFO          Ya existe en disco, no se descarga de nuevo
2026-08-18 10:30:26  INFO    --- Subiendo lote (112/210 workbooks procesados) ---
2026-08-18 10:30:26  ERROR         No se pudo crear el commit
2026-08-18 10:30:26  ERROR         On branch main
Your branch is ahead of 'origin/main' by 1 commit.
  (use "git push" to publish your local commits)
Untracked files:
  (use "git add <file>..." to include in what will be committed)
	../lista_workbooks_eliminar.csv
nothing added to commit but untracked files present (use "git add" to track)
2026-08-18 10:30:26  WARNING         Lote fallido: sus ficheros iran en el siguiente
2026-08-18 10:30:26  INFO    [113/210] Product Corporate Catalog (v106)
2026-08-18 10:30:26  INFO          Proyecto: Production/Dashboards/MDM
2026-08-18 10:30:26  INFO          Ya existe en disco, no se descarga de nuevo
2026-08-18 10:30:26  INFO    [114/210] Dashboard Catalog (v1)
2026-08-18 10:30:26  INFO          Proyecto: Production/Dashboards/MDM
2026-08-18 10:30:26  INFO          Ya existe en disco, no se descarga de nuevo
2026-08-18 10:30:26  INFO    [115/210] JDE Logistics Product Catalog (v8)
2026-08-18 10:30:26  INFO          Proyecto: Production/Dashboards/MDM
2026-08-18 10:30:26  INFO          Ya existe en disco, no se descarga de nuevo
2026-08-18 10:30:26  INFO    [116/210] Glossary (v12)
2026-08-18 10:30:26  INFO          Proyecto: Production/Dashboards/MDM
2026-08-18 10:30:26  INFO          Ya existe en disco, no se descarga de nuevo
2026-08-18 10:30:26  INFO    [117/210] Tableau Usage (v7)
2026-08-18 10:30:26  INFO          Proyecto: Production/Dashboards/MDM
2026-08-18 10:30:26  INFO          Ya existe en disco, no se descarga de nuevo
2026-08-18 10:30:26  INFO    [118/210] Lanzamientos (v146)
2026-08-18 10:30:26  INFO          Proyecto: Production/Dashboards/Supply Chain
2026-08-18 10:30:26  INFO          Ya existe en disco, no se descarga de nuevo
2026-08-18 10:30:26  INFO    [119/210] KPIs Demand (v10)
2026-08-18 10:30:26  INFO          Proyecto: Production/Dashboards/Supply Chain
2026-08-18 10:30:26  INFO          Ya existe en disco, no se descarga de nuevo
2026-08-18 10:30:26  INFO    [120/210] Apro vs Demanda (v4)
2026-08-18 10:30:26  INFO          Proyecto: Production/Dashboards/Supply Chain
2026-08-18 10:30:26  INFO          Ya existe en disco, no se descarga de nuevo
2026-08-18 10:30:26  INFO    --- Subiendo lote (120/210 workbooks procesados) ---
2026-08-18 10:30:26  ERROR         No se pudo crear el commit
2026-08-18 10:30:26  ERROR         On branch main
Your branch is ahead of 'origin/main' by 1 commit.
  (use "git push" to publish your local commits)
Untracked files:
  (use "git add <file>..." to include in what will be committed)
	../lista_workbooks_eliminar.csv
nothing added to commit but untracked files present (use "git add" to track)
2026-08-18 10:30:26  WARNING         Lote fallido: sus ficheros iran en el siguiente
2026-08-18 10:30:26  INFO    [121/210] Pedidos (v45)
2026-08-18 10:30:26  INFO          Proyecto: Production/Dashboards/Supply Chain
2026-08-18 10:30:26  INFO          Ya existe en disco, no se descarga de nuevo
2026-08-18 10:30:26  INFO    [122/210] Triangulo Previsiones (v14)
2026-08-18 10:30:26  INFO          Proyecto: Production/Dashboards/Supply Chain
2026-08-18 10:30:26  INFO          Ya existe en disco, no se descarga de nuevo
2026-08-18 10:30:26  INFO    [123/210] Inventario (v16)
2026-08-18 10:30:26  INFO          Proyecto: Production/Dashboards/Supply Chain
2026-08-18 10:30:26  INFO          Ya existe en disco, no se descarga de nuevo
2026-08-18 10:30:26  INFO    [124/210] Aprovisionamiento Interno (v1)
2026-08-18 10:30:26  INFO          Proyecto: Production/Dashboards/Supply Chain
2026-08-18 10:30:26  INFO          Ya existe en disco, no se descarga de nuevo
2026-08-18 10:30:26  INFO    [125/210] Stocks (v51)
2026-08-18 10:30:26  INFO          Proyecto: Production/Dashboards/Supply Chain
2026-08-18 10:30:26  INFO          Ya existe en disco, no se descarga de nuevo
2026-08-18 10:30:26  INFO    [126/210] Unhealthy Stock Detail Table (v21)
2026-08-18 10:30:26  INFO          Proyecto: Production/Dashboards/Supply Chain
2026-08-18 10:30:26  INFO          Ya existe en disco, no se descarga de nuevo
2026-08-18 10:30:26  INFO    [127/210] CdM Supply (v31)
2026-08-18 10:30:26  INFO          Proyecto: Production/Dashboards/Supply Chain
2026-08-18 10:30:26  INFO          Ya existe en disco, no se descarga de nuevo
2026-08-18 10:30:26  INFO    [128/210] CdM Logistica (v9)
2026-08-18 10:30:26  INFO          Proyecto: Production/Dashboards/Supply Chain
2026-08-18 10:30:28  INFO  Downloaded workbook revision None to C:\tabcmd\TableauGitHub\Tableau Workbooks\Production\Dashboards\Supply Chain\CdM Logistica_v9.twbx (ID: daa62578-322f-42a8-b849-4280d101c96b)
2026-08-18 10:30:28  INFO          Descargado (0.4 MB)
2026-08-18 10:30:28  INFO    --- Subiendo lote (128/210 workbooks procesados) ---
2026-08-18 10:30:32  INFO          Locking support detected on remote "origin". Consider enabling it with:
2026-08-18 10:30:32  INFO            $ git config lfs.https://cantabrialabs.ghe.com/cantabrialabs-it/CLabs-Tableau.git/info/lfs.locksverify true
2026-08-18 10:30:33  INFO          Uploading LFS objects: 100% (1/1), 455 KB | 0 B/s, done.
2026-08-18 10:30:34  INFO          To https://cantabrialabs.ghe.com/cantabrialabs-it/CLabs-Tableau.git
2026-08-18 10:30:34  INFO             357efe2..860422f  main -> main
2026-08-18 10:30:34  INFO          Lote subido
2026-08-18 10:30:34  INFO          8 version(es) marcadas como subidas en Oracle
2026-08-18 10:30:34  INFO    [129/210] Forecast Grouped (v4)
2026-08-18 10:30:34  INFO          Proyecto: Production/Dashboards/Supply Chain
2026-08-18 10:30:34  INFO          Ya existe en disco, no se descarga de nuevo
2026-08-18 10:30:34  INFO    [130/210] Unhealthy Stock (v64)
2026-08-18 10:30:34  INFO          Proyecto: Production/Dashboards/Supply Chain
2026-08-18 10:30:34  INFO          Ya existe en disco, no se descarga de nuevo
2026-08-18 10:30:34  INFO    [131/210] Pallets (v70)
2026-08-18 10:30:34  INFO          Proyecto: Production/Dashboards/Supply Chain
2026-08-18 10:30:34  INFO          Ya existe en disco, no se descarga de nuevo
2026-08-18 10:30:34  INFO    [132/210] Compras (v73)
2026-08-18 10:30:34  INFO          Proyecto: Production/Dashboards/Supply Chain
2026-08-18 10:30:34  INFO          Ya existe en disco, no se descarga de nuevo
2026-08-18 10:30:34  INFO    [133/210] CdM Demand (v39)
2026-08-18 10:30:34  INFO          Proyecto: Production/Dashboards/Supply Chain
2026-08-18 10:30:34  INFO          Ya existe en disco, no se descarga de nuevo
2026-08-18 10:30:34  INFO    [134/210] Stock Cuarentena (v9)
2026-08-18 10:30:34  INFO          Proyecto: Production/Dashboards/Supply Chain
2026-08-18 10:30:34  INFO          Ya existe en disco, no se descarga de nuevo
2026-08-18 10:30:34  INFO    [135/210] Coberturas (v12)
2026-08-18 10:30:34  INFO          Proyecto: Production/Dashboards/Supply Chain
2026-08-18 10:30:34  INFO          Ya existe en disco, no se descarga de nuevo
2026-08-18 10:30:34  INFO    [136/210] Recepciones (v25)
2026-08-18 10:30:34  INFO          Proyecto: Production/Dashboards/Supply Chain
2026-08-18 10:30:34  INFO          Ya existe en disco, no se descarga de nuevo
2026-08-18 10:30:34  INFO    --- Subiendo lote (136/210 workbooks procesados) ---
2026-08-18 10:30:35  ERROR         No se pudo crear el commit
2026-08-18 10:30:35  ERROR         On branch main
Your branch is ahead of 'origin/main' by 2 commits.
  (use "git push" to publish your local commits)
Untracked files:
  (use "git add <file>..." to include in what will be committed)
	../lista_workbooks_eliminar.csv
nothing added to commit but untracked files present (use "git add" to track)
2026-08-18 10:30:35  WARNING         Lote fallido: sus ficheros iran en el siguiente
2026-08-18 10:30:35  INFO    [137/210] Consumos (v9)
2026-08-18 10:30:35  INFO          Proyecto: Production/Dashboards/Supply Chain
2026-08-18 10:30:35  INFO          Ya existe en disco, no se descarga de nuevo
2026-08-18 10:30:35  INFO    [138/210] Servicio (v16)
2026-08-18 10:30:35  INFO          Proyecto: Production/Dashboards/Supply Chain
2026-08-18 10:30:35  INFO          Ya existe en disco, no se descarga de nuevo
2026-08-18 10:30:35  INFO    [139/210] Aprovisionamiento Semanal (v27)
2026-08-18 10:30:35  INFO          Proyecto: Production/Dashboards/Supply Chain
2026-08-18 10:30:35  INFO          Ya existe en disco, no se descarga de nuevo
2026-08-18 10:30:35  INFO    [140/210] CdM Compras (v23)
2026-08-18 10:30:35  INFO          Proyecto: Production/Dashboards/Supply Chain
2026-08-18 10:30:35  INFO          Ya existe en disco, no se descarga de nuevo
2026-08-18 10:30:35  INFO    [141/210] ModuloKajalForecasting (v199)
2026-08-18 10:30:35  INFO          Proyecto: Production/Dashboards/Supply Chain/Demand Planning
2026-08-18 10:30:35  INFO          Ya existe en disco, no se descarga de nuevo
2026-08-18 10:30:35  INFO    [142/210] Kajal Home (v2)
2026-08-18 10:30:35  INFO          Proyecto: Production/Dashboards/Supply Chain/Demand Planning
2026-08-18 10:30:35  INFO          Ya existe en disco, no se descarga de nuevo
2026-08-18 10:30:35  INFO    [143/210] ModuloKajalAnalytics (v138)
2026-08-18 10:30:35  INFO          Proyecto: Production/Dashboards/Supply Chain/Demand Planning
2026-08-18 10:30:35  INFO          Ya existe en disco, no se descarga de nuevo
2026-08-18 10:30:35  INFO    [144/210] Presupuesto (v40)
2026-08-18 10:30:35  INFO          Proyecto: Production/Dashboards/Supply Chain/Demand Planning
2026-08-18 10:30:35  INFO          Ya existe en disco, no se descarga de nuevo
2026-08-18 10:30:35  INFO    --- Subiendo lote (144/210 workbooks procesados) ---
2026-08-18 10:30:35  ERROR         No se pudo crear el commit
2026-08-18 10:30:35  ERROR         On branch main
Your branch is ahead of 'origin/main' by 2 commits.
  (use "git push" to publish your local commits)
Untracked files:
  (use "git add <file>..." to include in what will be committed)
	../lista_workbooks_eliminar.csv
nothing added to commit but untracked files present (use "git add" to track)
2026-08-18 10:30:35  WARNING         Lote fallido: sus ficheros iran en el siguiente
2026-08-18 10:30:35  INFO    [145/210] ModuloKajalInventory (v85)
2026-08-18 10:30:35  INFO          Proyecto: Production/Dashboards/Supply Chain/Demand Planning
2026-08-18 10:30:35  INFO          Ya existe en disco, no se descarga de nuevo
2026-08-18 10:30:35  INFO    [146/210] Self service (v60)
2026-08-18 10:30:35  INFO          Proyecto: Production/Dashboards/Supply Chain/Demand Planning
2026-08-18 10:30:35  INFO          Ya existe en disco, no se descarga de nuevo
2026-08-18 10:30:35  INFO    [147/210] CdM Calidad (v45)
2026-08-18 10:30:35  INFO          Proyecto: Production/Dashboards/Industrial
2026-08-18 10:30:35  INFO          Ya existe en disco, no se descarga de nuevo
2026-08-18 10:30:35  INFO    [148/210] CdM Industrial Torrejon (v43)
2026-08-18 10:30:35  INFO          Proyecto: Production/Dashboards/Industrial
2026-08-18 10:30:35  INFO          Ya existe en disco, no se descarga de nuevo
2026-08-18 10:30:35  INFO    [149/210] CdM Produccion (v39)
2026-08-18 10:30:35  INFO          Proyecto: Production/Dashboards/Industrial
2026-08-18 10:30:35  INFO          Ya existe en disco, no se descarga de nuevo
2026-08-18 10:30:35  INFO    [150/210] CdM Summary (v16)
2026-08-18 10:30:35  INFO          Proyecto: Production/Dashboards/Industrial
2026-08-18 10:30:35  INFO          Ya existe en disco, no se descarga de nuevo
2026-08-18 10:30:35  INFO    [151/210] CdM Ingenieria (v38)
2026-08-18 10:30:35  INFO          Proyecto: Production/Dashboards/Industrial
2026-08-18 10:30:35  INFO          Ya existe en disco, no se descarga de nuevo
2026-08-18 10:30:35  INFO    [152/210] CdM Financiero (v35)
2026-08-18 10:30:35  INFO          Proyecto: Production/Dashboards/Industrial
2026-08-18 10:30:35  INFO          Ya existe en disco, no se descarga de nuevo
2026-08-18 10:30:35  INFO    --- Subiendo lote (152/210 workbooks procesados) ---
2026-08-18 10:30:35  ERROR         No se pudo crear el commit
2026-08-18 10:30:35  ERROR         On branch main
Your branch is ahead of 'origin/main' by 2 commits.
  (use "git push" to publish your local commits)
Untracked files:
  (use "git add <file>..." to include in what will be committed)
	../lista_workbooks_eliminar.csv
nothing added to commit but untracked files present (use "git add" to track)
2026-08-18 10:30:35  WARNING         Lote fallido: sus ficheros iran en el siguiente
2026-08-18 10:30:35  INFO    [153/210] CdM Industrial La Concha (v8)
2026-08-18 10:30:35  INFO          Proyecto: Production/Dashboards/Industrial
2026-08-18 10:30:35  INFO          Ya existe en disco, no se descarga de nuevo
2026-08-18 10:30:35  INFO    [154/210] Observatorio Heliocare - ShopperTec (v23)
2026-08-18 10:30:35  INFO          Proyecto: Production/Dashboards/Clientes
2026-08-18 10:30:35  INFO          Ya existe en disco, no se descarga de nuevo
2026-08-18 10:30:35  INFO    [155/210] CdM Commercial Performance (v58)
2026-08-18 10:30:35  INFO          Proyecto: Production/Dashboards/Commercial Performance
2026-08-18 10:30:35  INFO          Ya existe en disco, no se descarga de nuevo
2026-08-18 10:30:35  INFO    [156/210] Mockup VF/KAM/e-KAM v3 (v5)
2026-08-18 10:30:35  INFO          Proyecto: Development/Mockups
2026-08-18 10:30:35  INFO          Ya existe en disco, no se descarga de nuevo
2026-08-18 10:30:35  INFO    [157/210] Observatorio Heliocare - ShopperTec v2 (v1)
2026-08-18 10:30:35  INFO          Proyecto: Development/Mockups
2026-08-18 10:30:35  INFO          Ya existe en disco, no se descarga de nuevo
2026-08-18 10:30:35  INFO    [158/210] Template Tableau (v1)
2026-08-18 10:30:35  INFO          Proyecto: Development/Ad hoc Reports
2026-08-18 10:30:35  INFO          Ya existe en disco, no se descarga de nuevo
2026-08-18 10:30:35  INFO    [159/210] CdM Area Clientes_Ranking Gerentes y Propietarios_Cambios v2 (v10)
2026-08-18 10:30:35  INFO          Proyecto: Development/Ad hoc Reports/Spain
2026-08-18 10:30:35  INFO          Ya existe en disco, no se descarga de nuevo
2026-08-18 10:30:35  INFO    [160/210] CdM Area Clientes_BACKUP (v1)
2026-08-18 10:30:35  INFO          Proyecto: Development/Ad hoc Reports/Spain
2026-08-18 10:30:35  INFO          Ya existe en disco, no se descarga de nuevo
2026-08-18 10:30:35  INFO    --- Subiendo lote (160/210 workbooks procesados) ---
2026-08-18 10:30:35  ERROR         No se pudo crear el commit
2026-08-18 10:30:35  ERROR         On branch main
Your branch is ahead of 'origin/main' by 2 commits.
  (use "git push" to publish your local commits)
Untracked files:
  (use "git add <file>..." to include in what will be committed)
	../lista_workbooks_eliminar.csv
nothing added to commit but untracked files present (use "git add" to track)
2026-08-18 10:30:35  WARNING         Lote fallido: sus ficheros iran en el siguiente
2026-08-18 10:30:35  INFO    [161/210] Consulta filtrado por Importe a nivel MARCA-PEDIDO (v2)
2026-08-18 10:30:35  INFO          Proyecto: Development/Ad hoc Reports/Spain
2026-08-18 10:30:35  INFO          Ya existe en disco, no se descarga de nuevo
2026-08-18 10:30:35  INFO    [162/210] 3. GOLD_20/01/2025_Añadir Importe pendiente (v1)
2026-08-18 10:30:35  INFO          Proyecto: Development/Ad hoc Reports/Spain
2026-08-18 10:30:35  INFO          Ya existe en disco, no se descarga de nuevo
2026-08-18 10:30:35  INFO    [163/210] Clientes en crecimiento (v10)
2026-08-18 10:30:35  INFO          Proyecto: Development/Ad hoc Reports/Italy
2026-08-18 10:30:35  INFO          Ya existe en disco, no se descarga de nuevo
2026-08-18 10:30:35  INFO    [164/210] Progetto_v3 (v3)
2026-08-18 10:30:35  INFO          Proyecto: Development/Ad hoc Reports/Italy
2026-08-18 10:30:35  INFO          Ya existe en disco, no se descarga de nuevo
2026-08-18 10:30:35  INFO    [165/210] PROGETTO_V2 (v1)
2026-08-18 10:30:35  INFO          Proyecto: Development/Ad hoc Reports/Italy
2026-08-18 10:30:35  INFO          Ya existe en disco, no se descarga de nuevo
2026-08-18 10:30:35  INFO    [166/210] CdM Sell In (v34)
2026-08-18 10:30:35  INFO          Proyecto: Development/Ad hoc Reports/Stangest
2026-08-18 10:30:35  INFO          Ya existe en disco, no se descarga de nuevo
2026-08-18 10:30:35  INFO    [167/210] Dashboard Ventas Por Distrito & Ano (v1)
2026-08-18 10:30:35  INFO          Proyecto: Development/Ad hoc Reports/Portugal
2026-08-18 10:30:35  INFO          Ya existe en disco, no se descarga de nuevo
2026-08-18 10:30:35  INFO    [168/210] Dashboard Ventas Marca Por Distrito (v1)
2026-08-18 10:30:35  INFO          Proyecto: Development/Ad hoc Reports/Portugal
2026-08-18 10:30:35  INFO          Ya existe en disco, no se descarga de nuevo
2026-08-18 10:30:35  INFO    --- Subiendo lote (168/210 workbooks procesados) ---
2026-08-18 10:30:36  ERROR         No se pudo crear el commit
2026-08-18 10:30:36  ERROR         On branch main
Your branch is ahead of 'origin/main' by 2 commits.
  (use "git push" to publish your local commits)
Untracked files:
  (use "git add <file>..." to include in what will be committed)
	../lista_workbooks_eliminar.csv
nothing added to commit but untracked files present (use "git add" to track)
2026-08-18 10:30:36  WARNING         Lote fallido: sus ficheros iran en el siguiente
2026-08-18 10:30:36  INFO    [169/210] Dashboard Ventas Marca Por Delegada (v1)
2026-08-18 10:30:36  INFO          Proyecto: Development/Ad hoc Reports/Portugal
2026-08-18 10:30:36  INFO          Ya existe en disco, no se descarga de nuevo
2026-08-18 10:30:36  INFO    [170/210] CdM Logistica (v9)
2026-08-18 10:30:36  INFO          Proyecto: Development/Ad hoc Reports/Supply
2026-08-18 10:30:36  INFO          Ya existe en disco, no se descarga de nuevo
2026-08-18 10:30:36  INFO    [171/210] 2. show_sales_totals_in_a_crosstab_starter (v1)
2026-08-18 10:30:36  INFO          Proyecto: Development/Formacion Information Labs
2026-08-18 10:30:36  INFO          Ya existe en disco, no se descarga de nuevo
2026-08-18 10:30:36  INFO    [172/210] New- 2.1 create_a_date_calculation_starter (v2)
2026-08-18 10:30:36  INFO          Proyecto: Development/Formacion Information Labs
2026-08-18 10:30:36  INFO          Ya existe en disco, no se descarga de nuevo
2026-08-18 10:30:36  INFO    [173/210] 1. sort_by_fields_in_a_view_starter (v2)
2026-08-18 10:30:36  INFO          Proyecto: Development/Formacion Information Labs
2026-08-18 10:30:36  INFO          Ya existe en disco, no se descarga de nuevo
2026-08-18 10:30:36  INFO    [174/210] 3. add_a_filter_to_context_starter (v2)
2026-08-18 10:30:36  INFO          Proyecto: Development/Formacion Information Labs
2026-08-18 10:30:36  INFO          Ya existe en disco, no se descarga de nuevo
2026-08-18 10:30:36  INFO    [175/210] 2.1 create_a_calculation_with_aggregation_starter (v2)
2026-08-18 10:30:36  INFO          Proyecto: Development/Formacion Information Labs
2026-08-18 10:30:36  INFO          Ya existe en disco, no se descarga de nuevo
2026-08-18 10:30:36  INFO    [176/210] 3. add_a_forecast_to_a_view_starter (v2)
2026-08-18 10:30:36  INFO          Proyecto: Development/Formacion Information Labs
2026-08-18 10:30:36  INFO          Ya existe en disco, no se descarga de nuevo
2026-08-18 10:30:36  INFO    --- Subiendo lote (176/210 workbooks procesados) ---
2026-08-18 10:30:36  ERROR         No se pudo crear el commit
2026-08-18 10:30:36  ERROR         On branch main
Your branch is ahead of 'origin/main' by 2 commits.
  (use "git push" to publish your local commits)
Untracked files:
  (use "git add <file>..." to include in what will be committed)
	../lista_workbooks_eliminar.csv
nothing added to commit but untracked files present (use "git add" to track)
2026-08-18 10:30:36  WARNING         Lote fallido: sus ficheros iran en el siguiente
2026-08-18 10:30:36  INFO    [177/210] 2. apply_a_year_over_year_table_calculation_starter (v3)
2026-08-18 10:30:36  INFO          Proyecto: Development/Formacion Information Labs
2026-08-18 10:30:36  INFO          Ya existe en disco, no se descarga de nuevo
2026-08-18 10:30:36  INFO    [178/210] 4.  create_a_bar-in-bar_chart_starter (v2)
2026-08-18 10:30:36  INFO          Proyecto: Development/Formacion Information Labs
2026-08-18 10:30:36  INFO          Ya existe en disco, no se descarga de nuevo
2026-08-18 10:30:36  INFO    [179/210] 2.1 create_a_weighted_average_starter (v1)
2026-08-18 10:30:36  INFO          Proyecto: Development/Formacion Information Labs
2026-08-18 10:30:36  INFO          Ya existe en disco, no se descarga de nuevo
2026-08-18 10:30:36  INFO    [180/210] 3. apply_a_rank_table_calculation_starter (v2)
2026-08-18 10:30:36  INFO          Proyecto: Development/Formacion Information Labs
2026-08-18 10:30:36  INFO          Ya existe en disco, no se descarga de nuevo
2026-08-18 10:30:36  INFO    [181/210] 3. add_actions_to_a_dashboard_starter (v1)
2026-08-18 10:30:36  INFO          Proyecto: Development/Formacion Information Labs
2026-08-18 10:30:36  INFO          Ya existe en disco, no se descarga de nuevo
2026-08-18 10:30:36  INFO    [182/210] 2. build_a_heat_map_starter (v1)
2026-08-18 10:30:36  INFO          Proyecto: Development/Formacion Information Labs
2026-08-18 10:30:36  INFO          Ya existe en disco, no se descarga de nuevo
2026-08-18 10:30:36  INFO    [183/210] 4. calculate_the_average_product_profit_by_category_starter (v2)
2026-08-18 10:30:36  INFO          Proyecto: Development/Formacion Information Labs
2026-08-18 10:30:36  INFO          Ya existe en disco, no se descarga de nuevo
2026-08-18 10:30:36  INFO    [184/210] Solución - Sample Superstore Dashboard (v1)
2026-08-18 10:30:36  INFO          Proyecto: Development/Formacion Information Labs
2026-08-18 10:30:36  INFO          Ya existe en disco, no se descarga de nuevo
2026-08-18 10:30:36  INFO    --- Subiendo lote (184/210 workbooks procesados) ---
2026-08-18 10:30:36  ERROR         No se pudo crear el commit
2026-08-18 10:30:36  ERROR         On branch main
Your branch is ahead of 'origin/main' by 2 commits.
  (use "git push" to publish your local commits)
Untracked files:
  (use "git add <file>..." to include in what will be committed)
	../lista_workbooks_eliminar.csv
nothing added to commit but untracked files present (use "git add" to track)
2026-08-18 10:30:36  WARNING         Lote fallido: sus ficheros iran en el siguiente
2026-08-18 10:30:36  INFO    [185/210] 4. create_a_parameter_for_switching_measures_ and filter_starter (v2)
2026-08-18 10:30:36  INFO          Proyecto: Development/Formacion Information Labs
2026-08-18 10:30:36  INFO          Ya existe en disco, no se descarga de nuevo
2026-08-18 10:30:36  INFO    [186/210] Ejercicio Final - Sample Superstore Dashboard (v1)
2026-08-18 10:30:36  INFO          Proyecto: Development/Formacion Information Labs
2026-08-18 10:30:36  INFO          Ya existe en disco, no se descarga de nuevo
2026-08-18 10:30:36  INFO    [187/210] 3. build_a_tree_map_starter (v2)
2026-08-18 10:30:36  INFO          Proyecto: Development/Formacion Information Labs
2026-08-18 10:30:36  INFO          Ya existe en disco, no se descarga de nuevo
2026-08-18 10:30:36  INFO    [188/210] 2.1 build_a_symbol_map_starter (v1)
2026-08-18 10:30:36  INFO          Proyecto: Development/Formacion Information Labs
2026-08-18 10:30:36  INFO          Ya existe en disco, no se descarga de nuevo
2026-08-18 10:30:36  INFO    [189/210] 3. filter_percent_of_sales_starter (v1)
2026-08-18 10:30:36  INFO          Proyecto: Development/Formacion Information Labs
2026-08-18 10:30:36  INFO          Ya existe en disco, no se descarga de nuevo
2026-08-18 10:30:36  INFO    [190/210] 1.  apply_custom_dates_starter (v1)
2026-08-18 10:30:36  INFO          Proyecto: Development/Formacion Information Labs
2026-08-18 10:30:36  INFO          Ya existe en disco, no se descarga de nuevo
2026-08-18 10:30:36  INFO    [191/210] 2.1 create_a_date_calculation_starter (v2)
2026-08-18 10:30:36  INFO          Proyecto: Development/Formacion Information Labs
2026-08-18 10:30:36  INFO          Ya existe en disco, no se descarga de nuevo
2026-08-18 10:30:36  INFO    [192/210] 1. create_a_group_starter (v1)
2026-08-18 10:30:36  INFO          Proyecto: Development/Formacion Information Labs
2026-08-18 10:30:36  INFO          Ya existe en disco, no se descarga de nuevo
2026-08-18 10:30:36  INFO    --- Subiendo lote (192/210 workbooks procesados) ---
2026-08-18 10:30:36  ERROR         No se pudo crear el commit
2026-08-18 10:30:36  ERROR         On branch main
Your branch is ahead of 'origin/main' by 2 commits.
  (use "git push" to publish your local commits)
Untracked files:
  (use "git add <file>..." to include in what will be committed)
	../lista_workbooks_eliminar.csv
nothing added to commit but untracked files present (use "git add" to track)
2026-08-18 10:30:36  WARNING         Lote fallido: sus ficheros iran en el siguiente
2026-08-18 10:30:36  INFO    [193/210] 2.1 Build a combined axis chart started (26092024) (v1)
2026-08-18 10:30:36  INFO          Proyecto: Development/Formacion Information Labs
2026-08-18 10:30:36  INFO          Ya existe en disco, no se descarga de nuevo
2026-08-18 10:30:36  INFO    [194/210] 2. apply_a_rank_table_calculation_starter (v2)
2026-08-18 10:30:36  INFO          Proyecto: Development/Formacion Information Labs
2026-08-18 10:30:36  INFO          Ya existe en disco, no se descarga de nuevo
2026-08-18 10:30:36  INFO    [195/210] 3. build_an_interactive_dashboard_starter (v1)
2026-08-18 10:30:36  INFO          Proyecto: Development/Formacion Information Labs
2026-08-18 10:30:36  INFO          Ya existe en disco, no se descarga de nuevo
2026-08-18 10:30:36  INFO    [196/210] 4. use_a_histogram_to_view_distributions_starter (v2)
2026-08-18 10:30:36  INFO          Proyecto: Development/Formacion Information Labs
2026-08-18 10:30:36  INFO          Ya existe en disco, no se descarga de nuevo
2026-08-18 10:30:36  INFO    [197/210] 1. build_a_combo_chart_starter (v1)
2026-08-18 10:30:36  INFO          Proyecto: Development/Formacion Information Labs
2026-08-18 10:30:36  INFO          Ya existe en disco, no se descarga de nuevo
2026-08-18 10:30:36  INFO    [198/210] 4. use_an_aggregated_dimension_in_a_calculation_starter (v2)
2026-08-18 10:30:36  INFO          Proyecto: Development/Formacion Information Labs
2026-08-18 10:30:36  INFO          Ya existe en disco, no se descarga de nuevo
2026-08-18 10:30:36  INFO    [199/210] 3. build_a_pie_chart_starter (v2)
2026-08-18 10:30:36  INFO          Proyecto: Development/Formacion Information Labs
2026-08-18 10:30:36  INFO          Ya existe en disco, no se descarga de nuevo
2026-08-18 10:30:36  INFO    [200/210] 2. build_a_scatter_plot_starter (v1)
2026-08-18 10:30:36  INFO          Proyecto: Development/Formacion Information Labs
2026-08-18 10:30:36  INFO          Ya existe en disco, no se descarga de nuevo
2026-08-18 10:30:36  INFO    --- Subiendo lote (200/210 workbooks procesados) ---
2026-08-18 10:30:36  ERROR         No se pudo crear el commit
2026-08-18 10:30:36  ERROR         On branch main
Your branch is ahead of 'origin/main' by 2 commits.
  (use "git push" to publish your local commits)
Untracked files:
  (use "git add <file>..." to include in what will be committed)
	../lista_workbooks_eliminar.csv
nothing added to commit but untracked files present (use "git add" to track)
2026-08-18 10:30:36  WARNING         Lote fallido: sus ficheros iran en el siguiente
2026-08-18 10:30:36  INFO    [201/210] 1. Actividad Global Library (v1)
2026-08-18 10:30:36  INFO          Proyecto: Development/Formacion Information Labs
2026-08-18 10:30:36  INFO          Ya existe en disco, no se descarga de nuevo
2026-08-18 10:30:36  INFO    [202/210] 3. create_trend_lines_with_small_multiples_starter (v2)
2026-08-18 10:30:36  INFO          Proyecto: Development/Formacion Information Labs
2026-08-18 10:30:36  INFO          Ya existe en disco, no se descarga de nuevo
2026-08-18 10:30:36  INFO    [203/210] 3. add_two_types_of_reference__lines_starter (v1)
2026-08-18 10:30:36  INFO          Proyecto: Development/Formacion Information Labs
2026-08-18 10:30:36  INFO          Ya existe en disco, no se descarga de nuevo
2026-08-18 10:30:36  INFO    [204/210] 1. create_a_hierarchy_starter (v1)
2026-08-18 10:30:36  INFO          Proyecto: Development/Formacion Information Labs
2026-08-18 10:30:37  INFO          Ya existe en disco, no se descarga de nuevo
2026-08-18 10:30:37  INFO    [205/210] 3. Box and Whisker Plot Starter (v1)
2026-08-18 10:30:37  INFO          Proyecto: Development/Formacion Information Labs
2026-08-18 10:30:37  INFO          Ya existe en disco, no se descarga de nuevo
2026-08-18 10:30:37  INFO    [206/210] 2.1 manipulate_strings_starter (v1)
2026-08-18 10:30:37  INFO          Proyecto: Development/Formacion Information Labs
2026-08-18 10:30:37  INFO          Ya existe en disco, no se descarga de nuevo
2026-08-18 10:30:37  INFO    [207/210] 1. show_data_across_discrete_and_continuous_months (v1)
2026-08-18 10:30:37  INFO          Proyecto: Development/Formacion Information Labs
2026-08-18 10:30:37  INFO          Ya existe en disco, no se descarga de nuevo
2026-08-18 10:30:37  INFO    [208/210] 2. build_a_highlight_table_starter (v1)
2026-08-18 10:30:37  INFO          Proyecto: Development/Formacion Information Labs
2026-08-18 10:30:37  INFO          Ya existe en disco, no se descarga de nuevo
2026-08-18 10:30:37  INFO    --- Subiendo lote (208/210 workbooks procesados) ---
2026-08-18 10:30:37  ERROR         No se pudo crear el commit
2026-08-18 10:30:37  ERROR         On branch main
Your branch is ahead of 'origin/main' by 2 commits.
  (use "git push" to publish your local commits)
Untracked files:
  (use "git add <file>..." to include in what will be committed)
	../lista_workbooks_eliminar.csv
nothing added to commit but untracked files present (use "git add" to track)
2026-08-18 10:30:37  WARNING         Lote fallido: sus ficheros iran en el siguiente
2026-08-18 10:30:37  INFO    [209/210] 1. create_and_customize_filters_starter (v1)
2026-08-18 10:30:37  INFO          Proyecto: Development/Formacion Information Labs
2026-08-18 10:30:37  INFO          Ya existe en disco, no se descarga de nuevo
2026-08-18 10:30:37  INFO    [210/210] 1. build_a_combined_axis_chart_starter (v1)
2026-08-18 10:30:37  INFO          Proyecto: Development/Formacion Information Labs
2026-08-18 10:30:37  INFO          Ya existe en disco, no se descarga de nuevo
2026-08-18 10:30:37  INFO    --- Subiendo lote (210/210 workbooks procesados) ---
2026-08-18 10:30:37  ERROR         No se pudo crear el commit
2026-08-18 10:30:37  ERROR         On branch main
Your branch is ahead of 'origin/main' by 2 commits.
  (use "git push" to publish your local commits)
Untracked files:
  (use "git add <file>..." to include in what will be committed)
	../lista_workbooks_eliminar.csv
nothing added to commit but untracked files present (use "git add" to track)
2026-08-18 10:30:37  WARNING         Lote fallido: sus ficheros iran en el siguiente
2026-08-18 10:30:37  INFO  Signed out
2026-08-18 10:30:38  INFO  [8/8] Resumen
2026-08-18 10:30:38  INFO  ============================================================
2026-08-18 10:30:38  INFO  RESUMEN DE LA EJECUCION
2026-08-18 10:30:38  INFO  ============================================================
2026-08-18 10:30:38  INFO  Workbooks con version nueva ... 210
2026-08-18 10:30:38  INFO  Descargados correctamente ..... 210
2026-08-18 10:30:38  INFO  Con error ...................... 0
2026-08-18 10:30:38  INFO  Versiones retiradas ............ 0
2026-08-18 10:30:38  INFO  Lotes subidos a GitHub ......... 2
2026-08-18 10:30:38  INFO  Lotes fallidos ................. 25
2026-08-18 10:30:38  INFO  Tiempo total ................... 1m 21s
2026-08-18 10:30:38  INFO  ============================================================
2026-08-18 10:30:38  WARNING BACKUP COMPLETADO CON INCIDENCIAS - revisa el log
2026-08-18 10:30:38  INFO  ============================================================
2026-08-18 10:43:40  INFO  ============================================================
2026-08-18 10:43:40  INFO  BACKUP TABLEAU -> GITHUB
2026-08-18 10:43:40  INFO  ============================================================
2026-08-18 10:43:40  INFO  Configuracion cargada y validada
2026-08-18 10:43:40  INFO  [1/8] Borrando las listas anteriores
2026-08-18 10:43:40  INFO        Listo
2026-08-18 10:43:40  INFO  [2/8] Consultando Oracle (versionado + lista de descarga)
2026-08-18 10:43:42  INFO        Listas generadas
2026-08-18 10:43:42  INFO  [3/8] Leyendo las listas
2026-08-18 10:43:42  INFO        194 workbooks con version nueva que descargar
2026-08-18 10:43:42  INFO        0 versiones marcadas para retirar de GitHub hoy
2026-08-18 10:43:42  INFO  [4/8] Sincronizando con GitHub
2026-08-18 10:43:44  INFO        Carpeta local alineada con el repositorio
2026-08-18 10:43:44  INFO  [5/8] Preparando la carpeta de descargas
2026-08-18 10:43:44  INFO        Nada que retirar hoy
2026-08-18 10:43:44  INFO  [6/8] Conectando con Tableau
2026-08-18 10:43:44  INFO  Signed into https://dub01.online.tableau.com as user with id ae9b04e0-08c6-4b88-9bb9-595a9d2d1fa3
2026-08-18 10:43:44  INFO        Conectado
2026-08-18 10:43:44  INFO  [7/8] Descargando y subiendo en lotes de 8
2026-08-18 10:43:44  INFO    [1/194] Admin Insights Starter (v319)
2026-08-18 10:43:44  INFO          Proyecto: Admin Insights
2026-08-18 10:43:44  INFO          Ya existe en disco, no se descarga de nuevo
2026-08-18 10:43:44  INFO    [2/194] AdminInsightsStarter (v1)
2026-08-18 10:43:44  INFO          Proyecto: Admin Insights/Control Interno
2026-08-18 10:43:44  INFO          Ya existe en disco, no se descarga de nuevo
2026-08-18 10:43:44  INFO    [3/194] SiteContentDescarga (v4)
2026-08-18 10:43:44  INFO          Proyecto: Admin Insights/Control Interno
2026-08-18 10:43:44  INFO          Ya existe en disco, no se descarga de nuevo
2026-08-18 10:43:44  INFO    [4/194] Control (v1)
2026-08-18 10:43:44  INFO          Proyecto: Admin Insights/Control Interno
2026-08-18 10:43:44  INFO          Ya existe en disco, no se descarga de nuevo
2026-08-18 10:43:44  INFO    [5/194] PermissionsDescarga (v4)
2026-08-18 10:43:44  INFO          Proyecto: Admin Insights/Control Interno
2026-08-18 10:43:44  INFO          Ya existe en disco, no se descarga de nuevo
2026-08-18 10:43:44  INFO    [6/194] PlantillaEmpleados (v1)
2026-08-18 10:43:44  INFO          Proyecto: Admin Insights/Control Interno
2026-08-18 10:43:44  INFO          Ya existe en disco, no se descarga de nuevo
2026-08-18 10:43:44  INFO    [7/194] Self Service PRO Anonimizado (v2)
2026-08-18 10:43:44  INFO          Proyecto: Admin Insights/Control Interno
2026-08-18 10:43:44  INFO          Ya existe en disco, no se descarga de nuevo
2026-08-18 10:43:44  INFO    [8/194] Estado_Procesos (v26)
2026-08-18 10:43:44  INFO          Proyecto: Admin Insights/Control Interno
2026-08-18 10:43:44  INFO          Ya existe en disco, no se descarga de nuevo
2026-08-18 10:43:44  INFO    --- Subiendo lote (8/194 workbooks procesados) ---
2026-08-18 10:43:45  ERROR         No se pudo crear el commit
2026-08-18 10:43:45  ERROR         On branch main
Your branch is up to date with 'origin/main'.
Untracked files:
  (use "git add <file>..." to include in what will be committed)
	../lista_workbooks_eliminar.csv
nothing added to commit but untracked files present (use "git add" to track)
2026-08-18 10:43:45  WARNING         Lote fallido: sus ficheros iran en el siguiente
2026-08-18 10:43:45  INFO    [9/194] TS Event Descarga (v6)
2026-08-18 10:43:45  INFO          Proyecto: Admin Insights/Control Interno
2026-08-18 10:43:45  INFO          Ya existe en disco, no se descarga de nuevo
2026-08-18 10:43:45  INFO    [10/194] SharepointEmployeesList (v1)
2026-08-18 10:43:45  INFO          Proyecto: Admin Insights/Control Interno
2026-08-18 10:43:45  INFO          Ya existe en disco, no se descarga de nuevo
2026-08-18 10:43:45  INFO    [11/194] Venta Interna PRO Anonimizado (v2)
2026-08-18 10:43:45  INFO          Proyecto: Admin Insights/Control Interno
2026-08-18 10:43:45  INFO          Ya existe en disco, no se descarga de nuevo
2026-08-18 10:43:45  INFO    [12/194] Control Grupos, usuarios y actividad (v23)
2026-08-18 10:43:45  INFO          Proyecto: Admin Insights/Control Interno
2026-08-18 10:43:45  INFO          Ya existe en disco, no se descarga de nuevo
2026-08-18 10:43:45  INFO    [13/194] Control Pedidos (v3)
2026-08-18 10:43:45  INFO          Proyecto: Admin Insights/Control Interno
2026-08-18 10:43:45  INFO          Ya existe en disco, no se descarga de nuevo
2026-08-18 10:43:45  INFO    [14/194] Tableau Volume (v7)
2026-08-18 10:43:45  INFO          Proyecto: Admin Insights/Control Interno
2026-08-18 10:43:45  INFO          Ya existe en disco, no se descarga de nuevo
2026-08-18 10:43:45  INFO    [15/194] Tableau Usage (v24)
2026-08-18 10:43:45  INFO          Proyecto: Admin Insights/Control Interno
2026-08-18 10:43:45  INFO          Ya existe en disco, no se descarga de nuevo
2026-08-18 10:43:45  INFO    [16/194] GroupsDescarga (v3)
2026-08-18 10:43:45  INFO          Proyecto: Admin Insights/Control Interno
2026-08-18 10:43:45  INFO          Ya existe en disco, no se descarga de nuevo
2026-08-18 10:43:45  INFO    --- Subiendo lote (16/194 workbooks procesados) ---
2026-08-18 10:43:45  ERROR         No se pudo crear el commit
2026-08-18 10:43:45  ERROR         On branch main
Your branch is up to date with 'origin/main'.
Untracked files:
  (use "git add <file>..." to include in what will be committed)
	../lista_workbooks_eliminar.csv
nothing added to commit but untracked files present (use "git add" to track)
2026-08-18 10:43:45  WARNING         Lote fallido: sus ficheros iran en el siguiente
2026-08-18 10:43:45  INFO    [17/194] Home (v244)
2026-08-18 10:43:45  INFO          Proyecto: Production
2026-08-18 10:43:45  INFO          Ya existe en disco, no se descarga de nuevo
2026-08-18 10:43:45  INFO    [18/194] Pharma Visits Mex (v6)
2026-08-18 10:43:45  INFO          Proyecto: Production/Dashboards/Hexagono
2026-08-18 10:43:45  INFO          Ya existe en disco, no se descarga de nuevo
2026-08-18 10:43:45  INFO    [19/194] Training & Learning (v34)
2026-08-18 10:43:45  INFO          Proyecto: Production/Dashboards/Hexagono
2026-08-18 10:43:45  INFO          Ya existe en disco, no se descarga de nuevo
2026-08-18 10:43:45  INFO    [20/194] VF Dashboard (v25)
2026-08-18 10:43:45  INFO          Proyecto: Production/Dashboards/Hexagono
2026-08-18 10:43:45  INFO          Ya existe en disco, no se descarga de nuevo
2026-08-18 10:43:45  INFO    [21/194] Digital Marketing PRO (v13)
2026-08-18 10:43:45  INFO          Proyecto: Production/Dashboards/Hexagono
2026-08-18 10:43:45  INFO          Ya existe en disco, no se descarga de nuevo
2026-08-18 10:43:45  INFO    [22/194] Order to Cash PRO (v29)
2026-08-18 10:43:45  INFO          Proyecto: Production/Dashboards/Hexagono
2026-08-18 10:43:45  INFO          Ya existe en disco, no se descarga de nuevo
2026-08-18 10:43:45  INFO    [23/194] Home Hexagon (v13)
2026-08-18 10:43:45  INFO          Proyecto: Production/Dashboards/Hexagono
2026-08-18 10:43:45  INFO          Ya existe en disco, no se descarga de nuevo
2026-08-18 10:43:45  INFO    [24/194] Zoom VN (v37)
2026-08-18 10:43:45  INFO          Proyecto: Production/Dashboards/Performance Sell In
2026-08-18 10:43:45  INFO          Ya existe en disco, no se descarga de nuevo
2026-08-18 10:43:45  INFO    --- Subiendo lote (24/194 workbooks procesados) ---
2026-08-18 10:43:45  ERROR         No se pudo crear el commit
2026-08-18 10:43:45  ERROR         On branch main
Your branch is up to date with 'origin/main'.
Untracked files:
  (use "git add <file>..." to include in what will be committed)
	../lista_workbooks_eliminar.csv
nothing added to commit but untracked files present (use "git add" to track)
2026-08-18 10:43:45  WARNING         Lote fallido: sus ficheros iran en el siguiente
2026-08-18 10:43:45  INFO    [25/194] Daily Net Sales (v9)
2026-08-18 10:43:45  INFO          Proyecto: Production/Dashboards/Performance Sell In
2026-08-18 10:43:45  INFO          Ya existe en disco, no se descarga de nuevo
2026-08-18 10:43:45  INFO    [26/194] Seguimiento Performance Sell In (v37)
2026-08-18 10:43:45  INFO          Proyecto: Production/Dashboards/Performance Sell In
2026-08-18 10:43:45  INFO          Ya existe en disco, no se descarga de nuevo
2026-08-18 10:43:45  INFO    [27/194] Ceco Cuenta (v6)
2026-08-18 10:43:45  INFO          Proyecto: Production/Dashboards/Performance Sell In
2026-08-18 10:43:45  INFO          Ya existe en disco, no se descarga de nuevo
2026-08-18 10:43:45  INFO    [28/194] Self Service PRO (v100)
2026-08-18 10:43:45  INFO          Proyecto: Production/Dashboards/Performance Sell In
2026-08-18 10:43:45  INFO          Ya existe en disco, no se descarga de nuevo
2026-08-18 10:43:45  INFO    [29/194] Termometro Ventas Diarias (v46)
2026-08-18 10:43:45  INFO          Proyecto: Production/Dashboards/Performance Sell In
2026-08-18 10:43:45  INFO          Ya existe en disco, no se descarga de nuevo
2026-08-18 10:43:45  INFO    [30/194] Venta Interna PRO (v69)
2026-08-18 10:43:45  INFO          Proyecto: Production/Dashboards/Performance Sell In
2026-08-18 10:43:45  INFO          Ya existe en disco, no se descarga de nuevo
2026-08-18 10:43:45  INFO    [31/194] Zoom Dtos BU (v11)
2026-08-18 10:43:45  INFO          Proyecto: Production/Dashboards/Performance Sell In
2026-08-18 10:43:45  INFO          Ya existe en disco, no se descarga de nuevo
2026-08-18 10:43:45  INFO    [32/194] Termometro Ventas Mensuales (v47)
2026-08-18 10:43:45  INFO          Proyecto: Production/Dashboards/Performance Sell In
2026-08-18 10:43:45  INFO          Ya existe en disco, no se descarga de nuevo
2026-08-18 10:43:45  INFO    --- Subiendo lote (32/194 workbooks procesados) ---
2026-08-18 10:43:45  ERROR         No se pudo crear el commit
2026-08-18 10:43:45  ERROR         On branch main
Your branch is up to date with 'origin/main'.
Untracked files:
  (use "git add <file>..." to include in what will be committed)
	../lista_workbooks_eliminar.csv
nothing added to commit but untracked files present (use "git add" to track)
2026-08-18 10:43:45  WARNING         Lote fallido: sus ficheros iran en el siguiente
2026-08-18 10:43:45  INFO    [33/194] Venta Interna - YTD (v1)
2026-08-18 10:43:45  INFO          Proyecto: Production/Dashboards/Performance Sell In
2026-08-18 10:43:45  INFO          Ya existe en disco, no se descarga de nuevo
2026-08-18 10:43:45  INFO    [34/194] PL (v36)
2026-08-18 10:43:45  INFO          Proyecto: Production/Dashboards/Performance Sell In
2026-08-18 10:43:45  INFO          Ya existe en disco, no se descarga de nuevo
2026-08-18 10:43:45  INFO    [35/194] Venta Interna - MTD (v1)
2026-08-18 10:43:45  INFO          Proyecto: Production/Dashboards/Performance Sell In
2026-08-18 10:43:45  INFO          Ya existe en disco, no se descarga de nuevo
2026-08-18 10:43:45  INFO    [36/194] Seguimiento Presupuesto (v2)
2026-08-18 10:43:45  INFO          Proyecto: Production/Dashboards/Performance Sell In
2026-08-18 10:43:45  INFO          Ya existe en disco, no se descarga de nuevo
2026-08-18 10:43:45  INFO    [37/194] CdM Informes Delegado (v59)
2026-08-18 10:43:45  INFO          Proyecto: Production/Dashboards/Ad hoc Reports/BI Local/BI España
2026-08-18 10:43:45  INFO          Ya existe en disco, no se descarga de nuevo
2026-08-18 10:43:45  INFO    [38/194] CdM Area Clientes (v349)
2026-08-18 10:43:45  INFO          Proyecto: Production/Dashboards/Ad hoc Reports/BI Local/BI España
2026-08-18 10:43:45  INFO          Ya existe en disco, no se descarga de nuevo
2026-08-18 10:43:45  INFO    [39/194] CdM Rankings-Area Clientes (v28)
2026-08-18 10:43:45  INFO          Proyecto: Production/Dashboards/Ad hoc Reports/BI Local/BI España
2026-08-18 10:43:45  INFO          Ya existe en disco, no se descarga de nuevo
2026-08-18 10:43:45  INFO    [40/194] CdM PLUS Incentivos (v111)
2026-08-18 10:43:45  INFO          Proyecto: Production/Dashboards/Ad hoc Reports/BI Local/BI España
2026-08-18 10:43:45  INFO          Ya existe en disco, no se descarga de nuevo
2026-08-18 10:43:45  INFO    --- Subiendo lote (40/194 workbooks procesados) ---
2026-08-18 10:43:46  ERROR         No se pudo crear el commit
2026-08-18 10:43:46  ERROR         On branch main
Your branch is up to date with 'origin/main'.
Untracked files:
  (use "git add <file>..." to include in what will be committed)
	../lista_workbooks_eliminar.csv
nothing added to commit but untracked files present (use "git add" to track)
2026-08-18 10:43:46  WARNING         Lote fallido: sus ficheros iran en el siguiente
2026-08-18 10:43:46  INFO    [41/194] CdM Matrices (v94)
2026-08-18 10:43:46  INFO          Proyecto: Production/Dashboards/Ad hoc Reports/BI Local/BI España
2026-08-18 10:43:46  INFO          Ya existe en disco, no se descarga de nuevo
2026-08-18 10:43:46  INFO    [42/194] CdM Venta Interna (v235)
2026-08-18 10:43:46  INFO          Proyecto: Production/Dashboards/Ad hoc Reports/BI Local/BI España
2026-08-18 10:43:46  INFO          Ya existe en disco, no se descarga de nuevo
2026-08-18 10:43:46  INFO    [43/194] IAD Salesforce (v113)
2026-08-18 10:43:46  INFO          Proyecto: Production/Dashboards/Ad hoc Reports/BI Local/BI España
2026-08-18 10:43:46  INFO          Ya existe en disco, no se descarga de nuevo
2026-08-18 10:43:46  INFO    [44/194] Informe Provision Rappel (v36)
2026-08-18 10:43:46  INFO          Proyecto: Production/Dashboards/Ad hoc Reports/BI Local/BI España
2026-08-18 10:43:46  INFO          Ya existe en disco, no se descarga de nuevo
2026-08-18 10:43:46  INFO    [45/194] CdM Unidades Regulatorio (v7)
2026-08-18 10:43:46  INFO          Proyecto: Production/Dashboards/Ad hoc Reports/BI Local/BI España
2026-08-18 10:43:46  INFO          Ya existe en disco, no se descarga de nuevo
2026-08-18 10:43:46  INFO    [46/194] CdM Sell out (v62)
2026-08-18 10:43:46  INFO          Proyecto: Production/Dashboards/Ad hoc Reports/BI Local/BI España
2026-08-18 10:43:46  INFO          Ya existe en disco, no se descarga de nuevo
2026-08-18 10:43:46  INFO    [47/194] CdM AP Incentivos (v25)
2026-08-18 10:43:46  INFO          Proyecto: Production/Dashboards/Ad hoc Reports/BI Local/BI España
2026-08-18 10:43:46  INFO          Ya existe en disco, no se descarga de nuevo
2026-08-18 10:43:46  INFO    [48/194] KPIs Estrategicos (v6)
2026-08-18 10:43:46  INFO          Proyecto: Production/Dashboards/Ad hoc Reports/BI Local/BI España
2026-08-18 10:43:46  INFO          Ya existe en disco, no se descarga de nuevo
2026-08-18 10:43:46  INFO    --- Subiendo lote (48/194 workbooks procesados) ---
2026-08-18 10:43:46  ERROR         No se pudo crear el commit
2026-08-18 10:43:46  ERROR         On branch main
Your branch is up to date with 'origin/main'.
Untracked files:
  (use "git add <file>..." to include in what will be committed)
	../lista_workbooks_eliminar.csv
nothing added to commit but untracked files present (use "git add" to track)
2026-08-18 10:43:46  WARNING         Lote fallido: sus ficheros iran en el siguiente
2026-08-18 10:43:46  INFO    [49/194] CdM Clientes - Filtro Facturacion (v31)
2026-08-18 10:43:46  INFO          Proyecto: Production/Dashboards/Ad hoc Reports/BI Local/BI España
2026-08-18 10:43:46  INFO          Ya existe en disco, no se descarga de nuevo
2026-08-18 10:43:46  INFO    [50/194] Estrategia Ciclo (v24)
2026-08-18 10:43:46  INFO          Proyecto: Production/Dashboards/Ad hoc Reports/BI Local/BI España
2026-08-18 10:43:46  INFO          Ya existe en disco, no se descarga de nuevo
2026-08-18 10:43:46  INFO    [51/194] CdM Red Select Ejecutivo (v59)
2026-08-18 10:43:46  INFO          Proyecto: Production/Dashboards/Ad hoc Reports/BI Local/BI España
2026-08-18 10:43:46  INFO          Ya existe en disco, no se descarga de nuevo
2026-08-18 10:43:46  INFO    [52/194] Seguimiento Acuerdos Comerciales (v34)
2026-08-18 10:43:46  INFO          Proyecto: Production/Dashboards/Ad hoc Reports/BI Local/BI España
2026-08-18 10:43:46  INFO          Ya existe en disco, no se descarga de nuevo
2026-08-18 10:43:46  INFO    [53/194] CdM Gastos Red Comercial (v27)
2026-08-18 10:43:46  INFO          Proyecto: Production/Dashboards/Ad hoc Reports/BI Local/BI España
2026-08-18 10:43:46  INFO          Ya existe en disco, no se descarga de nuevo
2026-08-18 10:43:46  INFO    [54/194] CdM Campañas (v30)
2026-08-18 10:43:46  INFO          Proyecto: Production/Dashboards/Ad hoc Reports/BI Local/BI España
2026-08-18 10:43:46  INFO          Ya existe en disco, no se descarga de nuevo
2026-08-18 10:43:46  INFO    [55/194] Analisis Importe Pendiente (v11)
2026-08-18 10:43:46  INFO          Proyecto: Production/Dashboards/Ad hoc Reports/BI Local/BI España
2026-08-18 10:43:46  INFO          Ya existe en disco, no se descarga de nuevo
2026-08-18 10:43:46  INFO    [56/194] CdM CARE Incentivos (v21)
2026-08-18 10:43:46  INFO          Proyecto: Production/Dashboards/Ad hoc Reports/BI Local/BI España
2026-08-18 10:43:46  INFO          Ya existe en disco, no se descarga de nuevo
2026-08-18 10:43:46  INFO    --- Subiendo lote (56/194 workbooks procesados) ---
2026-08-18 10:43:46  ERROR         No se pudo crear el commit
2026-08-18 10:43:46  ERROR         On branch main
Your branch is up to date with 'origin/main'.
Untracked files:
  (use "git add <file>..." to include in what will be committed)
	../lista_workbooks_eliminar.csv
nothing added to commit but untracked files present (use "git add" to track)
2026-08-18 10:43:46  WARNING         Lote fallido: sus ficheros iran en el siguiente
2026-08-18 10:43:46  INFO    [57/194] Informe Clientes sin Venta (con Prop.) (v3)
2026-08-18 10:43:46  INFO          Proyecto: Production/Dashboards/Ad hoc Reports/BI Local/BI España
2026-08-18 10:43:46  INFO          Ya existe en disco, no se descarga de nuevo
2026-08-18 10:43:46  INFO    [58/194] CdM DERM Incentivos (v90)
2026-08-18 10:43:46  INFO          Proyecto: Production/Dashboards/Ad hoc Reports/BI Local/BI España
2026-08-18 10:43:46  INFO          Ya existe en disco, no se descarga de nuevo
2026-08-18 10:43:46  INFO    [59/194] CdM COACH Incentivos (v58)
2026-08-18 10:43:46  INFO          Proyecto: Production/Dashboards/Ad hoc Reports/BI Local/BI España
2026-08-18 10:43:46  INFO          Ya existe en disco, no se descarga de nuevo
2026-08-18 10:43:46  INFO    [60/194] Uds Proyectadas (v39)
2026-08-18 10:43:46  INFO          Proyecto: Production/Dashboards/Ad hoc Reports/BI Local/BI España
2026-08-18 10:43:46  INFO          Ya existe en disco, no se descarga de nuevo
2026-08-18 10:43:46  INFO    [61/194] CdM Redención (v61)
2026-08-18 10:43:46  INFO          Proyecto: Production/Dashboards/Ad hoc Reports/BI Local/BI España
2026-08-18 10:43:46  INFO          Ya existe en disco, no se descarga de nuevo
2026-08-18 10:43:46  INFO    [62/194] CdM NEO Incentivos (v84)
2026-08-18 10:43:46  INFO          Proyecto: Production/Dashboards/Ad hoc Reports/BI Local/BI España
2026-08-18 10:43:46  INFO          Ya existe en disco, no se descarga de nuevo
2026-08-18 10:43:46  INFO    [63/194] CdM Preventas (v52)
2026-08-18 10:43:46  INFO          Proyecto: Production/Dashboards/Ad hoc Reports/BI Local/BI España
2026-08-18 10:43:46  INFO          Ya existe en disco, no se descarga de nuevo
2026-08-18 10:43:46  INFO    [64/194] CdM Tarifa de Precios y Uds Caja (v26)
2026-08-18 10:43:46  INFO          Proyecto: Production/Dashboards/Ad hoc Reports/BI Local/BI España
2026-08-18 10:43:46  INFO          Ya existe en disco, no se descarga de nuevo
2026-08-18 10:43:46  INFO    --- Subiendo lote (64/194 workbooks procesados) ---
2026-08-18 10:43:47  ERROR         No se pudo crear el commit
2026-08-18 10:43:47  ERROR         On branch main
Your branch is up to date with 'origin/main'.
Untracked files:
  (use "git add <file>..." to include in what will be committed)
	../lista_workbooks_eliminar.csv
nothing added to commit but untracked files present (use "git add" to track)
2026-08-18 10:43:47  WARNING         Lote fallido: sus ficheros iran en el siguiente
2026-08-18 10:43:47  INFO    [65/194] Analisis de Mercados (v35)
2026-08-18 10:43:47  INFO          Proyecto: Production/Dashboards/Ad hoc Reports/BI Local/BI España
2026-08-18 10:43:47  INFO          Ya existe en disco, no se descarga de nuevo
2026-08-18 10:43:47  INFO    [66/194] Seguridad Dashboards (v12)
2026-08-18 10:43:47  INFO          Proyecto: Production/Dashboards/Ad hoc Reports/BI Local/BI España
2026-08-18 10:43:47  INFO          Ya existe en disco, no se descarga de nuevo
2026-08-18 10:43:47  INFO    [67/194] CdM Integral - Actividad (v131)
2026-08-18 10:43:47  INFO          Proyecto: Production/Dashboards/Ad hoc Reports/BI Local/BI España
2026-08-18 10:43:47  INFO          Ya existe en disco, no se descarga de nuevo
2026-08-18 10:43:47  INFO    [68/194] CdM Matrices Cosm (v13)
2026-08-18 10:43:47  INFO          Proyecto: Production/Dashboards/Ad hoc Reports/BI Local/BI España
2026-08-18 10:43:47  INFO          Ya existe en disco, no se descarga de nuevo
2026-08-18 10:43:47  INFO    [69/194] Analisis Packs (v13)
2026-08-18 10:43:47  INFO          Proyecto: Production/Dashboards/Ad hoc Reports/BI Local/BI España
2026-08-18 10:43:47  INFO          Ya existe en disco, no se descarga de nuevo
2026-08-18 10:43:47  INFO    [70/194] CdM Area Clientes Self Service (v115)
2026-08-18 10:43:47  INFO          Proyecto: Production/Dashboards/Ad hoc Reports/BI Local/BI España
2026-08-18 10:43:47  INFO          Ya existe en disco, no se descarga de nuevo
2026-08-18 10:43:47  INFO    [71/194] Presupuesto Internas (v34)
2026-08-18 10:43:47  INFO          Proyecto: Production/Dashboards/Ad hoc Reports/BI Local/BI España
2026-08-18 10:43:47  INFO          Ya existe en disco, no se descarga de nuevo
2026-08-18 10:43:47  INFO    [72/194] Informe Incentivos Cobrados (v6)
2026-08-18 10:43:47  INFO          Proyecto: Production/Dashboards/Ad hoc Reports/BI Local/BI España
2026-08-18 10:43:47  INFO          Ya existe en disco, no se descarga de nuevo
2026-08-18 10:43:47  INFO    --- Subiendo lote (72/194 workbooks procesados) ---
2026-08-18 10:43:47  ERROR         No se pudo crear el commit
2026-08-18 10:43:47  ERROR         On branch main
Your branch is up to date with 'origin/main'.
Untracked files:
  (use "git add <file>..." to include in what will be committed)
	../lista_workbooks_eliminar.csv
nothing added to commit but untracked files present (use "git add" to track)
2026-08-18 10:43:47  WARNING         Lote fallido: sus ficheros iran en el siguiente
2026-08-18 10:43:47  INFO    [73/194] CdM SKIN Incentivos (v85)
2026-08-18 10:43:47  INFO          Proyecto: Production/Dashboards/Ad hoc Reports/BI Local/BI España
2026-08-18 10:43:47  INFO          Ya existe en disco, no se descarga de nuevo
2026-08-18 10:43:47  INFO    [74/194] CdM Select Self Service (v24)
2026-08-18 10:43:47  INFO          Proyecto: Production/Dashboards/Ad hoc Reports/BI Local/BI España
2026-08-18 10:43:47  INFO          Ya existe en disco, no se descarga de nuevo
2026-08-18 10:43:47  INFO    [75/194] CdM Integral Self Service AA (v58)
2026-08-18 10:43:47  INFO          Proyecto: Production/Dashboards/Ad hoc Reports/BI Local/BI España
2026-08-18 10:43:47  INFO          Ya existe en disco, no se descarga de nuevo
2026-08-18 10:43:47  INFO    [76/194] CdM Incentivos Global (v16)
2026-08-18 10:43:47  INFO          Proyecto: Production/Dashboards/Ad hoc Reports/BI Local/BI España
2026-08-18 10:43:47  INFO          Ya existe en disco, no se descarga de nuevo
2026-08-18 10:43:47  INFO    [77/194] Informe Actividad por Tipo Centro (v24)
2026-08-18 10:43:47  INFO          Proyecto: Production/Dashboards/Ad hoc Reports/BI Local/BI España
2026-08-18 10:43:47  INFO          Ya existe en disco, no se descarga de nuevo
2026-08-18 10:43:47  INFO    [78/194] Proyeccion Preventa Heliocare (v5)
2026-08-18 10:43:47  INFO          Proyecto: Production/Dashboards/Ad hoc Reports/BI Local/BI España
2026-08-18 10:43:47  INFO          Ya existe en disco, no se descarga de nuevo
2026-08-18 10:43:47  INFO    [79/194] Rankings (v69)
2026-08-18 10:43:47  INFO          Proyecto: Production/Dashboards/Ad hoc Reports/BI Local/BI España
2026-08-18 10:43:47  INFO          Ya existe en disco, no se descarga de nuevo
2026-08-18 10:43:47  INFO    [80/194] Analisis por Tipo Venta (v18)
2026-08-18 10:43:47  INFO          Proyecto: Production/Dashboards/Ad hoc Reports/BI Local/BI España
2026-08-18 10:43:47  INFO          Ya existe en disco, no se descarga de nuevo
2026-08-18 10:43:47  INFO    --- Subiendo lote (80/194 workbooks procesados) ---
2026-08-18 10:43:47  ERROR         No se pudo crear el commit
2026-08-18 10:43:47  ERROR         On branch main
Your branch is up to date with 'origin/main'.
Untracked files:
  (use "git add <file>..." to include in what will be committed)
	../lista_workbooks_eliminar.csv
nothing added to commit but untracked files present (use "git add" to track)
2026-08-18 10:43:47  WARNING         Lote fallido: sus ficheros iran en el siguiente
2026-08-18 10:43:47  INFO    [81/194] CdM SRI Producto Agrupado YTD (v3)
2026-08-18 10:43:47  INFO          Proyecto: Production/Dashboards/Ad hoc Reports/BI Local/BI España/Informes Automaticos
2026-08-18 10:43:47  INFO          Ya existe en disco, no se descarga de nuevo
2026-08-18 10:43:47  INFO    [82/194] CdM Venta Interna Detalle Marca MTD (v5)
2026-08-18 10:43:47  INFO          Proyecto: Production/Dashboards/Ad hoc Reports/BI Local/BI España/Informes Automaticos
2026-08-18 10:43:47  INFO          Ya existe en disco, no se descarga de nuevo
2026-08-18 10:43:47  INFO    [83/194] CdM Venta Interna Detalle Producto Agrupado YTD (v6)
2026-08-18 10:43:47  INFO          Proyecto: Production/Dashboards/Ad hoc Reports/BI Local/BI España/Informes Automaticos
2026-08-18 10:43:47  INFO          Ya existe en disco, no se descarga de nuevo
2026-08-18 10:43:47  INFO    [84/194] CdM SRI Marca YTD (v3)
2026-08-18 10:43:47  INFO          Proyecto: Production/Dashboards/Ad hoc Reports/BI Local/BI España/Informes Automaticos
2026-08-18 10:43:47  INFO          Ya existe en disco, no se descarga de nuevo
2026-08-18 10:43:47  INFO    [85/194] CdM Venta Interna Detalle Marca YTD (v10)
2026-08-18 10:43:47  INFO          Proyecto: Production/Dashboards/Ad hoc Reports/BI Local/BI España/Informes Automaticos
2026-08-18 10:43:47  INFO          Ya existe en disco, no se descarga de nuevo
2026-08-18 10:43:47  INFO    [86/194] CdM SRI Producto Agrupado MTD (v2)
2026-08-18 10:43:47  INFO          Proyecto: Production/Dashboards/Ad hoc Reports/BI Local/BI España/Informes Automaticos
2026-08-18 10:43:47  INFO          Ya existe en disco, no se descarga de nuevo
2026-08-18 10:43:47  INFO    [87/194] CdM Venta Interna Detalle Producto Agrupado MTD (v5)
2026-08-18 10:43:47  INFO          Proyecto: Production/Dashboards/Ad hoc Reports/BI Local/BI España/Informes Automaticos
2026-08-18 10:43:47  INFO          Ya existe en disco, no se descarga de nuevo
2026-08-18 10:43:47  INFO    [88/194] CdM SRI Marca MTD (v2)
2026-08-18 10:43:47  INFO          Proyecto: Production/Dashboards/Ad hoc Reports/BI Local/BI España/Informes Automaticos
2026-08-18 10:43:47  INFO          Ya existe en disco, no se descarga de nuevo
2026-08-18 10:43:47  INFO    --- Subiendo lote (88/194 workbooks procesados) ---
2026-08-18 10:43:47  ERROR         No se pudo crear el commit
2026-08-18 10:43:47  ERROR         On branch main
Your branch is up to date with 'origin/main'.
Untracked files:
  (use "git add <file>..." to include in what will be committed)
	../lista_workbooks_eliminar.csv
nothing added to commit but untracked files present (use "git add" to track)
2026-08-18 10:43:47  WARNING         Lote fallido: sus ficheros iran en el siguiente
2026-08-18 10:43:47  INFO    [89/194] Auditoria Cod JDE - Cod SF (v9)
2026-08-18 10:43:47  INFO          Proyecto: Production/Dashboards/Ad hoc Reports/BI Local/BI España/Informes Automaticos
2026-08-18 10:43:47  INFO          Ya existe en disco, no se descarga de nuevo
2026-08-18 10:43:47  INFO    [90/194] Cdm Sellin (v95)
2026-08-18 10:43:47  INFO          Proyecto: Production/Dashboards/Ad hoc Reports/BI Local/BI Portugal
2026-08-18 10:43:47  INFO          Ya existe en disco, no se descarga de nuevo
2026-08-18 10:43:47  INFO    [91/194] Rankings (v27)
2026-08-18 10:43:47  INFO          Proyecto: Production/Dashboards/Ad hoc Reports/BI Local/BI Portugal
2026-08-18 10:43:47  INFO          Ya existe en disco, no se descarga de nuevo
2026-08-18 10:43:47  INFO    [92/194] CdM Pharmacy Visits (v23)
2026-08-18 10:43:47  INFO          Proyecto: Production/Dashboards/Ad hoc Reports/BI Local/BI Portugal
2026-08-18 10:43:47  INFO          Ya existe en disco, no se descarga de nuevo
2026-08-18 10:43:47  INFO    [93/194] CdM Clinics Visits (v82)
2026-08-18 10:43:47  INFO          Proyecto: Production/Dashboards/Ad hoc Reports/BI Local/BI Portugal
2026-08-18 10:43:47  INFO          Ya existe en disco, no se descarga de nuevo
2026-08-18 10:43:47  INFO    [94/194] CdM Clinics Visits - 2025 (v4)
2026-08-18 10:43:47  INFO          Proyecto: Production/Dashboards/Ad hoc Reports/BI Local/BI Portugal
2026-08-18 10:43:47  INFO          Ya existe en disco, no se descarga de nuevo
2026-08-18 10:43:47  INFO    [95/194] Cdm Sellin SS (v12)
2026-08-18 10:43:47  INFO          Proyecto: Production/Dashboards/Ad hoc Reports/BI Local/BI Portugal
2026-08-18 10:43:47  INFO          Ya existe en disco, no se descarga de nuevo
2026-08-18 10:43:47  INFO    [96/194] CdM Clinics Visits - 2024 (v7)
2026-08-18 10:43:47  INFO          Proyecto: Production/Dashboards/Ad hoc Reports/BI Local/BI Portugal
2026-08-18 10:43:47  INFO          Ya existe en disco, no se descarga de nuevo
2026-08-18 10:43:47  INFO    --- Subiendo lote (96/194 workbooks procesados) ---
2026-08-18 10:43:48  ERROR         No se pudo crear el commit
2026-08-18 10:43:48  ERROR         On branch main
Your branch is up to date with 'origin/main'.
Untracked files:
  (use "git add <file>..." to include in what will be committed)
	../lista_workbooks_eliminar.csv
nothing added to commit but untracked files present (use "git add" to track)
2026-08-18 10:43:48  WARNING         Lote fallido: sus ficheros iran en el siguiente
2026-08-18 10:43:48  INFO    [97/194] Plan de la Demanda (v3)
2026-08-18 10:43:48  INFO          Proyecto: Production/Dashboards/Ad hoc Reports/BI Local/BI México/Mockups IBS
2026-08-18 10:43:48  INFO          Ya existe en disco, no se descarga de nuevo
2026-08-18 10:43:48  INFO    [98/194] Conciliacion_Financiera (v2)
2026-08-18 10:43:48  INFO          Proyecto: Production/Dashboards/Ad hoc Reports/BI Local/BI México/Mockups IBS
2026-08-18 10:43:48  INFO          Ya existe en disco, no se descarga de nuevo
2026-08-18 10:43:48  INFO    [99/194] Plan de inventarios (v2)
2026-08-18 10:43:48  INFO          Proyecto: Production/Dashboards/Ad hoc Reports/BI Local/BI México/Mockups IBS
2026-08-18 10:43:48  INFO          Ya existe en disco, no se descarga de nuevo
2026-08-18 10:43:48  INFO    [100/194] CdM Stangest (v15)
2026-08-18 10:43:48  INFO          Proyecto: Production/Dashboards/Ad hoc Reports/BI Local/BI Stangest
2026-08-18 10:43:48  INFO          Ya existe en disco, no se descarga de nuevo
2026-08-18 10:43:48  INFO    [101/194] CdM Sell out TOTY (v6)
2026-08-18 10:43:48  INFO          Proyecto: Production/Dashboards/Ad hoc Reports/BI Local/BI Toty
2026-08-18 10:43:48  INFO          Ya existe en disco, no se descarga de nuevo
2026-08-18 10:43:48  INFO    [102/194] Client Corporate Catalog (v3)
2026-08-18 10:43:48  INFO          Proyecto: Production/Dashboards/MDM
2026-08-18 10:43:48  INFO          Ya existe en disco, no se descarga de nuevo
2026-08-18 10:43:48  INFO    [103/194] JDE Product Catalog (v41)
2026-08-18 10:43:48  INFO          Proyecto: Production/Dashboards/MDM
2026-08-18 10:43:48  INFO          Ya existe en disco, no se descarga de nuevo
2026-08-18 10:43:48  INFO    [104/194] CdM Data Source y Workbook (v22)
2026-08-18 10:43:48  INFO          Proyecto: Production/Dashboards/MDM
2026-08-18 10:43:48  INFO          Ya existe en disco, no se descarga de nuevo
2026-08-18 10:43:48  INFO    --- Subiendo lote (104/194 workbooks procesados) ---
2026-08-18 10:43:48  ERROR         No se pudo crear el commit
2026-08-18 10:43:48  ERROR         On branch main
Your branch is up to date with 'origin/main'.
Untracked files:
  (use "git add <file>..." to include in what will be committed)
	../lista_workbooks_eliminar.csv
nothing added to commit but untracked files present (use "git add" to track)
2026-08-18 10:43:48  WARNING         Lote fallido: sus ficheros iran en el siguiente
2026-08-18 10:43:48  INFO    [105/194] Product Corporate Catalog (v106)
2026-08-18 10:43:48  INFO          Proyecto: Production/Dashboards/MDM
2026-08-18 10:43:48  INFO          Ya existe en disco, no se descarga de nuevo
2026-08-18 10:43:48  INFO    [106/194] JDE Logistics Product Catalog (v8)
2026-08-18 10:43:48  INFO          Proyecto: Production/Dashboards/MDM
2026-08-18 10:43:48  INFO          Ya existe en disco, no se descarga de nuevo
2026-08-18 10:43:48  INFO    [107/194] Glossary (v12)
2026-08-18 10:43:48  INFO          Proyecto: Production/Dashboards/MDM
2026-08-18 10:43:48  INFO          Ya existe en disco, no se descarga de nuevo
2026-08-18 10:43:48  INFO    [108/194] Tableau Usage (v7)
2026-08-18 10:43:48  INFO          Proyecto: Production/Dashboards/MDM
2026-08-18 10:43:48  INFO          Ya existe en disco, no se descarga de nuevo
2026-08-18 10:43:48  INFO    [109/194] Dashboard Catalog (v1)
2026-08-18 10:43:48  INFO          Proyecto: Production/Dashboards/MDM
2026-08-18 10:43:48  INFO          Ya existe en disco, no se descarga de nuevo
2026-08-18 10:43:48  INFO    [110/194] Consumos (v9)
2026-08-18 10:43:48  INFO          Proyecto: Production/Dashboards/Supply Chain
2026-08-18 10:43:48  INFO          Ya existe en disco, no se descarga de nuevo
2026-08-18 10:43:48  INFO    [111/194] Servicio (v16)
2026-08-18 10:43:48  INFO          Proyecto: Production/Dashboards/Supply Chain
2026-08-18 10:43:48  INFO          Ya existe en disco, no se descarga de nuevo
2026-08-18 10:43:48  INFO    [112/194] Aprovisionamiento Semanal (v27)
2026-08-18 10:43:48  INFO          Proyecto: Production/Dashboards/Supply Chain
2026-08-18 10:43:48  INFO          Ya existe en disco, no se descarga de nuevo
2026-08-18 10:43:48  INFO    --- Subiendo lote (112/194 workbooks procesados) ---
2026-08-18 10:43:48  ERROR         No se pudo crear el commit
2026-08-18 10:43:48  ERROR         On branch main
Your branch is up to date with 'origin/main'.
Untracked files:
  (use "git add <file>..." to include in what will be committed)
	../lista_workbooks_eliminar.csv
nothing added to commit but untracked files present (use "git add" to track)
2026-08-18 10:43:48  WARNING         Lote fallido: sus ficheros iran en el siguiente
2026-08-18 10:43:48  INFO    [113/194] CdM Compras (v23)
2026-08-18 10:43:48  INFO          Proyecto: Production/Dashboards/Supply Chain
2026-08-18 10:43:48  INFO          Ya existe en disco, no se descarga de nuevo
2026-08-18 10:43:48  INFO    [114/194] Forecast Grouped (v4)
2026-08-18 10:43:48  INFO          Proyecto: Production/Dashboards/Supply Chain
2026-08-18 10:43:48  INFO          Ya existe en disco, no se descarga de nuevo
2026-08-18 10:43:48  INFO    [115/194] Unhealthy Stock (v64)
2026-08-18 10:43:48  INFO          Proyecto: Production/Dashboards/Supply Chain
2026-08-18 10:43:48  INFO          Ya existe en disco, no se descarga de nuevo
2026-08-18 10:43:48  INFO    [116/194] Pallets (v70)
2026-08-18 10:43:48  INFO          Proyecto: Production/Dashboards/Supply Chain
2026-08-18 10:43:48  INFO          Ya existe en disco, no se descarga de nuevo
2026-08-18 10:43:48  INFO    [117/194] Compras (v73)
2026-08-18 10:43:48  INFO          Proyecto: Production/Dashboards/Supply Chain
2026-08-18 10:43:48  INFO          Ya existe en disco, no se descarga de nuevo
2026-08-18 10:43:48  INFO    [118/194] CdM Demand (v39)
2026-08-18 10:43:48  INFO          Proyecto: Production/Dashboards/Supply Chain
2026-08-18 10:43:48  INFO          Ya existe en disco, no se descarga de nuevo
2026-08-18 10:43:48  INFO    [119/194] Stock Cuarentena (v9)
2026-08-18 10:43:48  INFO          Proyecto: Production/Dashboards/Supply Chain
2026-08-18 10:43:48  INFO          Ya existe en disco, no se descarga de nuevo
2026-08-18 10:43:48  INFO    [120/194] Coberturas (v12)
2026-08-18 10:43:48  INFO          Proyecto: Production/Dashboards/Supply Chain
2026-08-18 10:43:48  INFO          Ya existe en disco, no se descarga de nuevo
2026-08-18 10:43:48  INFO    --- Subiendo lote (120/194 workbooks procesados) ---
2026-08-18 10:43:48  ERROR         No se pudo crear el commit
2026-08-18 10:43:48  ERROR         On branch main
Your branch is up to date with 'origin/main'.
Untracked files:
  (use "git add <file>..." to include in what will be committed)
	../lista_workbooks_eliminar.csv
nothing added to commit but untracked files present (use "git add" to track)
2026-08-18 10:43:48  WARNING         Lote fallido: sus ficheros iran en el siguiente
2026-08-18 10:43:48  INFO    [121/194] Recepciones (v25)
2026-08-18 10:43:48  INFO          Proyecto: Production/Dashboards/Supply Chain
2026-08-18 10:43:48  INFO          Ya existe en disco, no se descarga de nuevo
2026-08-18 10:43:48  INFO    [122/194] Lanzamientos (v146)
2026-08-18 10:43:48  INFO          Proyecto: Production/Dashboards/Supply Chain
2026-08-18 10:43:48  INFO          Ya existe en disco, no se descarga de nuevo
2026-08-18 10:43:48  INFO    [123/194] KPIs Demand (v10)
2026-08-18 10:43:48  INFO          Proyecto: Production/Dashboards/Supply Chain
2026-08-18 10:43:48  INFO          Ya existe en disco, no se descarga de nuevo
2026-08-18 10:43:48  INFO    [124/194] Apro vs Demanda (v4)
2026-08-18 10:43:48  INFO          Proyecto: Production/Dashboards/Supply Chain
2026-08-18 10:43:48  INFO          Ya existe en disco, no se descarga de nuevo
2026-08-18 10:43:48  INFO    [125/194] Kajal Home (v2)
2026-08-18 10:43:48  INFO          Proyecto: Production/Dashboards/Supply Chain/Demand Planning
2026-08-18 10:43:48  INFO          Ya existe en disco, no se descarga de nuevo
2026-08-18 10:43:48  INFO    [126/194] Self service (v60)
2026-08-18 10:43:48  INFO          Proyecto: Production/Dashboards/Supply Chain/Demand Planning
2026-08-18 10:43:48  INFO          Ya existe en disco, no se descarga de nuevo
2026-08-18 10:43:48  INFO    [127/194] ModuloKajalAnalytics (v138)
2026-08-18 10:43:48  INFO          Proyecto: Production/Dashboards/Supply Chain/Demand Planning
2026-08-18 10:43:48  INFO          Ya existe en disco, no se descarga de nuevo
2026-08-18 10:43:48  INFO    [128/194] Presupuesto (v40)
2026-08-18 10:43:48  INFO          Proyecto: Production/Dashboards/Supply Chain/Demand Planning
2026-08-18 10:43:48  INFO          Ya existe en disco, no se descarga de nuevo
2026-08-18 10:43:48  INFO    --- Subiendo lote (128/194 workbooks procesados) ---
2026-08-18 10:43:49  ERROR         No se pudo crear el commit
2026-08-18 10:43:49  ERROR         On branch main
Your branch is up to date with 'origin/main'.
Untracked files:
  (use "git add <file>..." to include in what will be committed)
	../lista_workbooks_eliminar.csv
nothing added to commit but untracked files present (use "git add" to track)
2026-08-18 10:43:49  WARNING         Lote fallido: sus ficheros iran en el siguiente
2026-08-18 10:43:49  INFO    [129/194] ModuloKajalInventory (v85)
2026-08-18 10:43:49  INFO          Proyecto: Production/Dashboards/Supply Chain/Demand Planning
2026-08-18 10:43:49  INFO          Ya existe en disco, no se descarga de nuevo
2026-08-18 10:43:49  INFO    [130/194] ModuloKajalForecasting (v199)
2026-08-18 10:43:49  INFO          Proyecto: Production/Dashboards/Supply Chain/Demand Planning
2026-08-18 10:43:49  INFO          Ya existe en disco, no se descarga de nuevo
2026-08-18 10:43:49  INFO    [131/194] CdM Industrial Torrejon (v43)
2026-08-18 10:43:49  INFO          Proyecto: Production/Dashboards/Industrial
2026-08-18 10:43:49  INFO          Ya existe en disco, no se descarga de nuevo
2026-08-18 10:43:49  INFO    [132/194] CdM Financiero (v35)
2026-08-18 10:43:49  INFO          Proyecto: Production/Dashboards/Industrial
2026-08-18 10:43:49  INFO          Ya existe en disco, no se descarga de nuevo
2026-08-18 10:43:49  INFO    [133/194] CdM Industrial La Concha (v8)
2026-08-18 10:43:49  INFO          Proyecto: Production/Dashboards/Industrial
2026-08-18 10:43:49  INFO          Ya existe en disco, no se descarga de nuevo
2026-08-18 10:43:49  INFO    [134/194] CdM Produccion (v39)
2026-08-18 10:43:49  INFO          Proyecto: Production/Dashboards/Industrial
2026-08-18 10:43:49  INFO          Ya existe en disco, no se descarga de nuevo
2026-08-18 10:43:49  INFO    [135/194] CdM Summary (v16)
2026-08-18 10:43:49  INFO          Proyecto: Production/Dashboards/Industrial
2026-08-18 10:43:49  INFO          Ya existe en disco, no se descarga de nuevo
2026-08-18 10:43:49  INFO    [136/194] CdM Ingenieria (v38)
2026-08-18 10:43:49  INFO          Proyecto: Production/Dashboards/Industrial
2026-08-18 10:43:49  INFO          Ya existe en disco, no se descarga de nuevo
2026-08-18 10:43:49  INFO    --- Subiendo lote (136/194 workbooks procesados) ---
2026-08-18 10:43:49  ERROR         No se pudo crear el commit
2026-08-18 10:43:49  ERROR         On branch main
Your branch is up to date with 'origin/main'.
Untracked files:
  (use "git add <file>..." to include in what will be committed)
	../lista_workbooks_eliminar.csv
nothing added to commit but untracked files present (use "git add" to track)
2026-08-18 10:43:49  WARNING         Lote fallido: sus ficheros iran en el siguiente
2026-08-18 10:43:49  INFO    [137/194] CdM Calidad (v45)
2026-08-18 10:43:49  INFO          Proyecto: Production/Dashboards/Industrial
2026-08-18 10:43:49  INFO          Ya existe en disco, no se descarga de nuevo
2026-08-18 10:43:49  INFO    [138/194] Observatorio Heliocare - ShopperTec (v23)
2026-08-18 10:43:49  INFO          Proyecto: Production/Dashboards/Clientes
2026-08-18 10:43:49  INFO          Ya existe en disco, no se descarga de nuevo
2026-08-18 10:43:49  INFO    [139/194] CdM Commercial Performance (v58)
2026-08-18 10:43:49  INFO          Proyecto: Production/Dashboards/Commercial Performance
2026-08-18 10:43:49  INFO          Ya existe en disco, no se descarga de nuevo
2026-08-18 10:43:49  INFO    [140/194] Observatorio Heliocare - ShopperTec v2 (v1)
2026-08-18 10:43:49  INFO          Proyecto: Development/Mockups
2026-08-18 10:43:49  INFO          Ya existe en disco, no se descarga de nuevo
2026-08-18 10:43:49  INFO    [141/194] Mockup VF/KAM/e-KAM v3 (v5)
2026-08-18 10:43:49  INFO          Proyecto: Development/Mockups
2026-08-18 10:43:49  INFO          Ya existe en disco, no se descarga de nuevo
2026-08-18 10:43:49  INFO    [142/194] Template Tableau (v1)
2026-08-18 10:43:49  INFO          Proyecto: Development/Ad hoc Reports
2026-08-18 10:43:49  INFO          Ya existe en disco, no se descarga de nuevo
2026-08-18 10:43:49  INFO    [143/194] CdM Area Clientes_BACKUP (v1)
2026-08-18 10:43:49  INFO          Proyecto: Development/Ad hoc Reports/Spain
2026-08-18 10:43:49  INFO          Ya existe en disco, no se descarga de nuevo
2026-08-18 10:43:49  INFO    [144/194] Consulta filtrado por Importe a nivel MARCA-PEDIDO (v2)
2026-08-18 10:43:49  INFO          Proyecto: Development/Ad hoc Reports/Spain
2026-08-18 10:43:49  INFO          Ya existe en disco, no se descarga de nuevo
2026-08-18 10:43:49  INFO    --- Subiendo lote (144/194 workbooks procesados) ---
2026-08-18 10:43:49  ERROR         No se pudo crear el commit
2026-08-18 10:43:49  ERROR         On branch main
Your branch is up to date with 'origin/main'.
Untracked files:
  (use "git add <file>..." to include in what will be committed)
	../lista_workbooks_eliminar.csv
nothing added to commit but untracked files present (use "git add" to track)
2026-08-18 10:43:49  WARNING         Lote fallido: sus ficheros iran en el siguiente
2026-08-18 10:43:49  INFO    [145/194] 3. GOLD_20/01/2025_Añadir Importe pendiente (v1)
2026-08-18 10:43:49  INFO          Proyecto: Development/Ad hoc Reports/Spain
2026-08-18 10:43:49  INFO          Ya existe en disco, no se descarga de nuevo
2026-08-18 10:43:49  INFO    [146/194] CdM Area Clientes_Ranking Gerentes y Propietarios_Cambios v2 (v10)
2026-08-18 10:43:49  INFO          Proyecto: Development/Ad hoc Reports/Spain
2026-08-18 10:43:49  INFO          Ya existe en disco, no se descarga de nuevo
2026-08-18 10:43:49  INFO    [147/194] Clientes en crecimiento (v10)
2026-08-18 10:43:49  INFO          Proyecto: Development/Ad hoc Reports/Italy
2026-08-18 10:43:49  INFO          Ya existe en disco, no se descarga de nuevo
2026-08-18 10:43:49  INFO    [148/194] Progetto_v3 (v3)
2026-08-18 10:43:49  INFO          Proyecto: Development/Ad hoc Reports/Italy
2026-08-18 10:43:49  INFO          Ya existe en disco, no se descarga de nuevo
2026-08-18 10:43:49  INFO    [149/194] PROGETTO_V2 (v1)
2026-08-18 10:43:49  INFO          Proyecto: Development/Ad hoc Reports/Italy
2026-08-18 10:43:49  INFO          Ya existe en disco, no se descarga de nuevo
2026-08-18 10:43:49  INFO    [150/194] CdM Sell In (v34)
2026-08-18 10:43:49  INFO          Proyecto: Development/Ad hoc Reports/Stangest
2026-08-18 10:43:49  INFO          Ya existe en disco, no se descarga de nuevo
2026-08-18 10:43:49  INFO    [151/194] Dashboard Ventas Marca Por Delegada (v1)
2026-08-18 10:43:49  INFO          Proyecto: Development/Ad hoc Reports/Portugal
2026-08-18 10:43:49  INFO          Ya existe en disco, no se descarga de nuevo
2026-08-18 10:43:49  INFO    [152/194] Dashboard Ventas Marca Por Distrito (v1)
2026-08-18 10:43:49  INFO          Proyecto: Development/Ad hoc Reports/Portugal
2026-08-18 10:43:49  INFO          Ya existe en disco, no se descarga de nuevo
2026-08-18 10:43:49  INFO    --- Subiendo lote (152/194 workbooks procesados) ---
2026-08-18 10:43:49  ERROR         No se pudo crear el commit
2026-08-18 10:43:49  ERROR         On branch main
Your branch is up to date with 'origin/main'.
Untracked files:
  (use "git add <file>..." to include in what will be committed)
	../lista_workbooks_eliminar.csv
nothing added to commit but untracked files present (use "git add" to track)
2026-08-18 10:43:49  WARNING         Lote fallido: sus ficheros iran en el siguiente
2026-08-18 10:43:49  INFO    [153/194] Dashboard Ventas Por Distrito & Ano (v1)
2026-08-18 10:43:49  INFO          Proyecto: Development/Ad hoc Reports/Portugal
2026-08-18 10:43:49  INFO          Ya existe en disco, no se descarga de nuevo
2026-08-18 10:43:49  INFO    [154/194] CdM Logistica (v9)
2026-08-18 10:43:49  INFO          Proyecto: Development/Ad hoc Reports/Supply
2026-08-18 10:43:49  INFO          Ya existe en disco, no se descarga de nuevo
2026-08-18 10:43:49  INFO    [155/194] 3. apply_a_rank_table_calculation_starter (v2)
2026-08-18 10:43:49  INFO          Proyecto: Development/Formacion Information Labs
2026-08-18 10:43:49  INFO          Ya existe en disco, no se descarga de nuevo
2026-08-18 10:43:49  INFO    [156/194] 3. add_actions_to_a_dashboard_starter (v1)
2026-08-18 10:43:49  INFO          Proyecto: Development/Formacion Information Labs
2026-08-18 10:43:49  INFO          Ya existe en disco, no se descarga de nuevo
2026-08-18 10:43:49  INFO    [157/194] 2. build_a_heat_map_starter (v1)
2026-08-18 10:43:49  INFO          Proyecto: Development/Formacion Information Labs
2026-08-18 10:43:49  INFO          Ya existe en disco, no se descarga de nuevo
2026-08-18 10:43:49  INFO    [158/194] 4. calculate_the_average_product_profit_by_category_starter (v2)
2026-08-18 10:43:49  INFO          Proyecto: Development/Formacion Information Labs
2026-08-18 10:43:49  INFO          Ya existe en disco, no se descarga de nuevo
2026-08-18 10:43:49  INFO    [159/194] Solución - Sample Superstore Dashboard (v1)
2026-08-18 10:43:49  INFO          Proyecto: Development/Formacion Information Labs
2026-08-18 10:43:49  INFO          Ya existe en disco, no se descarga de nuevo
2026-08-18 10:43:49  INFO    [160/194] 4. create_a_parameter_for_switching_measures_ and filter_starter (v2)
2026-08-18 10:43:49  INFO          Proyecto: Development/Formacion Information Labs
2026-08-18 10:43:49  INFO          Ya existe en disco, no se descarga de nuevo
2026-08-18 10:43:49  INFO    --- Subiendo lote (160/194 workbooks procesados) ---
2026-08-18 10:43:50  ERROR         No se pudo crear el commit
2026-08-18 10:43:50  ERROR         On branch main
Your branch is up to date with 'origin/main'.
Untracked files:
  (use "git add <file>..." to include in what will be committed)
	../lista_workbooks_eliminar.csv
nothing added to commit but untracked files present (use "git add" to track)
2026-08-18 10:43:50  WARNING         Lote fallido: sus ficheros iran en el siguiente
2026-08-18 10:43:50  INFO    [161/194] 1. create_a_hierarchy_starter (v1)
2026-08-18 10:43:50  INFO          Proyecto: Development/Formacion Information Labs
2026-08-18 10:43:50  INFO          Ya existe en disco, no se descarga de nuevo
2026-08-18 10:43:50  INFO    [162/194] 3. Box and Whisker Plot Starter (v1)
2026-08-18 10:43:50  INFO          Proyecto: Development/Formacion Information Labs
2026-08-18 10:43:50  INFO          Ya existe en disco, no se descarga de nuevo
2026-08-18 10:43:50  INFO    [163/194] 2.1 manipulate_strings_starter (v1)
2026-08-18 10:43:50  INFO          Proyecto: Development/Formacion Information Labs
2026-08-18 10:43:50  INFO          Ya existe en disco, no se descarga de nuevo
2026-08-18 10:43:50  INFO    [164/194] 1. show_data_across_discrete_and_continuous_months (v1)
2026-08-18 10:43:50  INFO          Proyecto: Development/Formacion Information Labs
2026-08-18 10:43:50  INFO          Ya existe en disco, no se descarga de nuevo
2026-08-18 10:43:50  INFO    [165/194] 2. build_a_highlight_table_starter (v1)
2026-08-18 10:43:50  INFO          Proyecto: Development/Formacion Information Labs
2026-08-18 10:43:50  INFO          Ya existe en disco, no se descarga de nuevo
2026-08-18 10:43:50  INFO    [166/194] 1. create_and_customize_filters_starter (v1)
2026-08-18 10:43:50  INFO          Proyecto: Development/Formacion Information Labs
2026-08-18 10:43:50  INFO          Ya existe en disco, no se descarga de nuevo
2026-08-18 10:43:50  INFO    [167/194] 1. build_a_combined_axis_chart_starter (v1)
2026-08-18 10:43:50  INFO          Proyecto: Development/Formacion Information Labs
2026-08-18 10:43:50  INFO          Ya existe en disco, no se descarga de nuevo
2026-08-18 10:43:50  INFO    [168/194] Ejercicio Final - Sample Superstore Dashboard (v1)
2026-08-18 10:43:50  INFO          Proyecto: Development/Formacion Information Labs
2026-08-18 10:43:50  INFO          Ya existe en disco, no se descarga de nuevo
2026-08-18 10:43:50  INFO    --- Subiendo lote (168/194 workbooks procesados) ---
2026-08-18 10:43:50  ERROR         No se pudo crear el commit
2026-08-18 10:43:50  ERROR         On branch main
Your branch is up to date with 'origin/main'.
Untracked files:
  (use "git add <file>..." to include in what will be committed)
	../lista_workbooks_eliminar.csv
nothing added to commit but untracked files present (use "git add" to track)
2026-08-18 10:43:50  WARNING         Lote fallido: sus ficheros iran en el siguiente
2026-08-18 10:43:50  INFO    [169/194] 3. build_a_tree_map_starter (v2)
2026-08-18 10:43:50  INFO          Proyecto: Development/Formacion Information Labs
2026-08-18 10:43:50  INFO          Ya existe en disco, no se descarga de nuevo
2026-08-18 10:43:50  INFO    [170/194] 2.1 build_a_symbol_map_starter (v1)
2026-08-18 10:43:50  INFO          Proyecto: Development/Formacion Information Labs
2026-08-18 10:43:50  INFO          Ya existe en disco, no se descarga de nuevo
2026-08-18 10:43:50  INFO    [171/194] 3. filter_percent_of_sales_starter (v1)
2026-08-18 10:43:50  INFO          Proyecto: Development/Formacion Information Labs
2026-08-18 10:43:50  INFO          Ya existe en disco, no se descarga de nuevo
2026-08-18 10:43:50  INFO    [172/194] 1.  apply_custom_dates_starter (v1)
2026-08-18 10:43:50  INFO          Proyecto: Development/Formacion Information Labs
2026-08-18 10:43:50  INFO          Ya existe en disco, no se descarga de nuevo
2026-08-18 10:43:50  INFO    [173/194] 2.1 create_a_date_calculation_starter (v2)
2026-08-18 10:43:50  INFO          Proyecto: Development/Formacion Information Labs
2026-08-18 10:43:50  INFO          Ya existe en disco, no se descarga de nuevo
2026-08-18 10:43:50  INFO    [174/194] 1. create_a_group_starter (v1)
2026-08-18 10:43:50  INFO          Proyecto: Development/Formacion Information Labs
2026-08-18 10:43:50  INFO          Ya existe en disco, no se descarga de nuevo
2026-08-18 10:43:50  INFO    [175/194] 2.1 Build a combined axis chart started (26092024) (v1)
2026-08-18 10:43:50  INFO          Proyecto: Development/Formacion Information Labs
2026-08-18 10:43:50  INFO          Ya existe en disco, no se descarga de nuevo
2026-08-18 10:43:50  INFO    [176/194] 2. apply_a_rank_table_calculation_starter (v2)
2026-08-18 10:43:50  INFO          Proyecto: Development/Formacion Information Labs
2026-08-18 10:43:50  INFO          Ya existe en disco, no se descarga de nuevo
2026-08-18 10:43:50  INFO    --- Subiendo lote (176/194 workbooks procesados) ---
2026-08-18 10:43:50  ERROR         No se pudo crear el commit
2026-08-18 10:43:50  ERROR         On branch main
Your branch is up to date with 'origin/main'.
Untracked files:
  (use "git add <file>..." to include in what will be committed)
	../lista_workbooks_eliminar.csv
nothing added to commit but untracked files present (use "git add" to track)
2026-08-18 10:43:50  WARNING         Lote fallido: sus ficheros iran en el siguiente
2026-08-18 10:43:50  INFO    [177/194] 3. build_an_interactive_dashboard_starter (v1)
2026-08-18 10:43:50  INFO          Proyecto: Development/Formacion Information Labs
2026-08-18 10:43:50  INFO          Ya existe en disco, no se descarga de nuevo
2026-08-18 10:43:50  INFO    [178/194] 4. use_a_histogram_to_view_distributions_starter (v2)
2026-08-18 10:43:50  INFO          Proyecto: Development/Formacion Information Labs
2026-08-18 10:43:50  INFO          Ya existe en disco, no se descarga de nuevo
2026-08-18 10:43:50  INFO    [179/194] 1. build_a_combo_chart_starter (v1)
2026-08-18 10:43:50  INFO          Proyecto: Development/Formacion Information Labs
2026-08-18 10:43:50  INFO          Ya existe en disco, no se descarga de nuevo
2026-08-18 10:43:50  INFO    [180/194] 4. use_an_aggregated_dimension_in_a_calculation_starter (v2)
2026-08-18 10:43:50  INFO          Proyecto: Development/Formacion Information Labs
2026-08-18 10:43:50  INFO          Ya existe en disco, no se descarga de nuevo
2026-08-18 10:43:50  INFO    [181/194] 3. build_a_pie_chart_starter (v2)
2026-08-18 10:43:50  INFO          Proyecto: Development/Formacion Information Labs
2026-08-18 10:43:50  INFO          Ya existe en disco, no se descarga de nuevo
2026-08-18 10:43:50  INFO    [182/194] 2. build_a_scatter_plot_starter (v1)
2026-08-18 10:43:50  INFO          Proyecto: Development/Formacion Information Labs
2026-08-18 10:43:50  INFO          Ya existe en disco, no se descarga de nuevo
2026-08-18 10:43:50  INFO    [183/194] 1. Actividad Global Library (v1)
2026-08-18 10:43:50  INFO          Proyecto: Development/Formacion Information Labs
2026-08-18 10:43:50  INFO          Ya existe en disco, no se descarga de nuevo
2026-08-18 10:43:50  INFO    [184/194] 3. create_trend_lines_with_small_multiples_starter (v2)
2026-08-18 10:43:50  INFO          Proyecto: Development/Formacion Information Labs
2026-08-18 10:43:50  INFO          Ya existe en disco, no se descarga de nuevo
2026-08-18 10:43:50  INFO    --- Subiendo lote (184/194 workbooks procesados) ---
2026-08-18 10:43:51  ERROR         No se pudo crear el commit
2026-08-18 10:43:51  ERROR         On branch main
Your branch is up to date with 'origin/main'.
Untracked files:
  (use "git add <file>..." to include in what will be committed)
	../lista_workbooks_eliminar.csv
nothing added to commit but untracked files present (use "git add" to track)
2026-08-18 10:43:51  WARNING         Lote fallido: sus ficheros iran en el siguiente
2026-08-18 10:43:51  INFO    [185/194] 3. add_two_types_of_reference__lines_starter (v1)
2026-08-18 10:43:51  INFO          Proyecto: Development/Formacion Information Labs
2026-08-18 10:43:51  INFO          Ya existe en disco, no se descarga de nuevo
2026-08-18 10:43:51  INFO    [186/194] 2. show_sales_totals_in_a_crosstab_starter (v1)
2026-08-18 10:43:51  INFO          Proyecto: Development/Formacion Information Labs
2026-08-18 10:43:51  INFO          Ya existe en disco, no se descarga de nuevo
2026-08-18 10:43:51  INFO    [187/194] New- 2.1 create_a_date_calculation_starter (v2)
2026-08-18 10:43:51  INFO          Proyecto: Development/Formacion Information Labs
2026-08-18 10:43:51  INFO          Ya existe en disco, no se descarga de nuevo
2026-08-18 10:43:51  INFO    [188/194] 1. sort_by_fields_in_a_view_starter (v2)
2026-08-18 10:43:51  INFO          Proyecto: Development/Formacion Information Labs
2026-08-18 10:43:51  INFO          Ya existe en disco, no se descarga de nuevo
2026-08-18 10:43:51  INFO    [189/194] 3. add_a_filter_to_context_starter (v2)
2026-08-18 10:43:51  INFO          Proyecto: Development/Formacion Information Labs
2026-08-18 10:43:51  INFO          Ya existe en disco, no se descarga de nuevo
2026-08-18 10:43:51  INFO    [190/194] 2.1 create_a_calculation_with_aggregation_starter (v2)
2026-08-18 10:43:51  INFO          Proyecto: Development/Formacion Information Labs
2026-08-18 10:43:51  INFO          Ya existe en disco, no se descarga de nuevo
2026-08-18 10:43:51  INFO    [191/194] 3. add_a_forecast_to_a_view_starter (v2)
2026-08-18 10:43:51  INFO          Proyecto: Development/Formacion Information Labs
2026-08-18 10:43:51  INFO          Ya existe en disco, no se descarga de nuevo
2026-08-18 10:43:51  INFO    [192/194] 2. apply_a_year_over_year_table_calculation_starter (v3)
2026-08-18 10:43:51  INFO          Proyecto: Development/Formacion Information Labs
2026-08-18 10:43:51  INFO          Ya existe en disco, no se descarga de nuevo
2026-08-18 10:43:51  INFO    --- Subiendo lote (192/194 workbooks procesados) ---
2026-08-18 10:43:51  ERROR         No se pudo crear el commit
2026-08-18 10:43:51  ERROR         On branch main
Your branch is up to date with 'origin/main'.
Untracked files:
  (use "git add <file>..." to include in what will be committed)
	../lista_workbooks_eliminar.csv
nothing added to commit but untracked files present (use "git add" to track)
2026-08-18 10:43:51  WARNING         Lote fallido: sus ficheros iran en el siguiente
2026-08-18 10:43:51  INFO    [193/194] 4.  create_a_bar-in-bar_chart_starter (v2)
2026-08-18 10:43:51  INFO          Proyecto: Development/Formacion Information Labs
2026-08-18 10:43:51  INFO          Ya existe en disco, no se descarga de nuevo
2026-08-18 10:43:51  INFO    [194/194] 2.1 create_a_weighted_average_starter (v1)
2026-08-18 10:43:51  INFO          Proyecto: Development/Formacion Information Labs
2026-08-18 10:43:51  INFO          Ya existe en disco, no se descarga de nuevo
2026-08-18 10:43:51  INFO    --- Subiendo lote (194/194 workbooks procesados) ---
2026-08-18 10:43:51  ERROR         No se pudo crear el commit
2026-08-18 10:43:51  ERROR         On branch main
Your branch is up to date with 'origin/main'.
Untracked files:
  (use "git add <file>..." to include in what will be committed)
	../lista_workbooks_eliminar.csv
nothing added to commit but untracked files present (use "git add" to track)
2026-08-18 10:43:51  WARNING         Lote fallido: sus ficheros iran en el siguiente
2026-08-18 10:43:51  INFO  Signed out
2026-08-18 10:43:52  INFO  [8/8] Resumen
2026-08-18 10:43:52  INFO  ============================================================
2026-08-18 10:43:52  INFO  RESUMEN DE LA EJECUCION
2026-08-18 10:43:52  INFO  ============================================================
2026-08-18 10:43:52  INFO  Workbooks con version nueva ... 194
2026-08-18 10:43:52  INFO  Descargados correctamente ..... 194
2026-08-18 10:43:52  INFO  Con error ...................... 0
2026-08-18 10:43:52  INFO  Versiones retiradas ............ 0
2026-08-18 10:43:52  INFO  Lotes subidos a GitHub ......... 0
2026-08-18 10:43:52  INFO  Lotes fallidos ................. 25
2026-08-18 10:43:52  INFO  Tiempo total ................... 11s
2026-08-18 10:43:52  INFO  ============================================================
2026-08-18 10:43:52  WARNING BACKUP COMPLETADO CON INCIDENCIAS - revisa el log
2026-08-18 10:43:52  INFO  ============================================================
2026-08-18 10:50:19  INFO  ============================================================
2026-08-18 10:50:19  INFO  BACKUP TABLEAU -> GITHUB
2026-08-18 10:50:19  INFO  ============================================================
2026-08-18 10:50:19  INFO  Configuracion cargada y validada
2026-08-18 10:50:19  INFO  [1/8] Borrando las listas anteriores
2026-08-18 10:50:19  INFO        Listo
2026-08-18 10:50:19  INFO  [2/8] Consultando Oracle (versionado + lista de descarga)
2026-08-18 10:50:20  INFO        Listas generadas
2026-08-18 10:50:20  INFO  [3/8] Leyendo las listas
2026-08-18 10:50:20  INFO        194 workbooks con version nueva que descargar
2026-08-18 10:50:20  INFO        0 versiones marcadas para retirar de GitHub hoy
2026-08-18 10:50:20  INFO  [4/8] Sincronizando con GitHub
2026-08-18 10:50:22  INFO        Carpeta local alineada con el repositorio
2026-08-18 10:50:22  INFO  [5/8] Preparando la carpeta de descargas
2026-08-18 10:50:22  INFO        Nada que retirar hoy
2026-08-18 10:50:22  INFO  [6/8] Conectando con Tableau
2026-08-18 10:50:22  INFO  Signed into https://dub01.online.tableau.com as user with id ae9b04e0-08c6-4b88-9bb9-595a9d2d1fa3
2026-08-18 10:50:22  INFO        Conectado
2026-08-18 10:50:22  INFO  [7/8] Descargando y subiendo en lotes de 8
2026-08-18 10:50:22  INFO    [1/194] Admin Insights Starter (v319)
2026-08-18 10:50:22  INFO          Proyecto: Admin Insights
2026-08-18 10:50:22  INFO          Ya existe en disco, no se descarga de nuevo
2026-08-18 10:50:22  INFO    [2/194] GroupsDescarga (v3)
2026-08-18 10:50:22  INFO          Proyecto: Admin Insights/Control Interno
2026-08-18 10:50:22  INFO          Ya existe en disco, no se descarga de nuevo
2026-08-18 10:50:22  INFO    [3/194] AdminInsightsStarter (v1)
2026-08-18 10:50:22  INFO          Proyecto: Admin Insights/Control Interno
2026-08-18 10:50:22  INFO          Ya existe en disco, no se descarga de nuevo
2026-08-18 10:50:22  INFO    [4/194] SiteContentDescarga (v4)
2026-08-18 10:50:22  INFO          Proyecto: Admin Insights/Control Interno
2026-08-18 10:50:22  INFO          Ya existe en disco, no se descarga de nuevo
2026-08-18 10:50:22  INFO    [5/194] Control (v1)
2026-08-18 10:50:22  INFO          Proyecto: Admin Insights/Control Interno
2026-08-18 10:50:22  INFO          Ya existe en disco, no se descarga de nuevo
2026-08-18 10:50:22  INFO    [6/194] PermissionsDescarga (v4)
2026-08-18 10:50:22  INFO          Proyecto: Admin Insights/Control Interno
2026-08-18 10:50:22  INFO          Ya existe en disco, no se descarga de nuevo
2026-08-18 10:50:22  INFO    [7/194] PlantillaEmpleados (v1)
2026-08-18 10:50:22  INFO          Proyecto: Admin Insights/Control Interno
2026-08-18 10:50:22  INFO          Ya existe en disco, no se descarga de nuevo
2026-08-18 10:50:22  INFO    [8/194] Self Service PRO Anonimizado (v2)
2026-08-18 10:50:22  INFO          Proyecto: Admin Insights/Control Interno
2026-08-18 10:50:22  INFO          Ya existe en disco, no se descarga de nuevo
2026-08-18 10:50:22  INFO    --- Subiendo lote (8/194 workbooks procesados) ---
2026-08-18 10:50:23  INFO          Sin cambios que subir
2026-08-18 10:50:23  INFO          Lote subido
2026-08-18 10:50:23  INFO          8 version(es) marcadas como subidas en Oracle
2026-08-18 10:50:23  INFO    [9/194] Estado_Procesos (v26)
2026-08-18 10:50:23  INFO          Proyecto: Admin Insights/Control Interno
2026-08-18 10:50:23  INFO          Ya existe en disco, no se descarga de nuevo
2026-08-18 10:50:23  INFO    [10/194] TS Event Descarga (v6)
2026-08-18 10:50:23  INFO          Proyecto: Admin Insights/Control Interno
2026-08-18 10:50:23  INFO          Ya existe en disco, no se descarga de nuevo
2026-08-18 10:50:23  INFO    [11/194] SharepointEmployeesList (v1)
2026-08-18 10:50:23  INFO          Proyecto: Admin Insights/Control Interno
2026-08-18 10:50:23  INFO          Ya existe en disco, no se descarga de nuevo
2026-08-18 10:50:23  INFO    [12/194] Venta Interna PRO Anonimizado (v2)
2026-08-18 10:50:23  INFO          Proyecto: Admin Insights/Control Interno
2026-08-18 10:50:23  INFO          Ya existe en disco, no se descarga de nuevo
2026-08-18 10:50:23  INFO    [13/194] Control Grupos, usuarios y actividad (v23)
2026-08-18 10:50:23  INFO          Proyecto: Admin Insights/Control Interno
2026-08-18 10:50:23  INFO          Ya existe en disco, no se descarga de nuevo
2026-08-18 10:50:23  INFO    [14/194] Control Pedidos (v3)
2026-08-18 10:50:23  INFO          Proyecto: Admin Insights/Control Interno
2026-08-18 10:50:23  INFO          Ya existe en disco, no se descarga de nuevo
2026-08-18 10:50:23  INFO    [15/194] Tableau Volume (v7)
2026-08-18 10:50:23  INFO          Proyecto: Admin Insights/Control Interno
2026-08-18 10:50:23  INFO          Ya existe en disco, no se descarga de nuevo
2026-08-18 10:50:23  INFO    [16/194] Tableau Usage (v24)
2026-08-18 10:50:23  INFO          Proyecto: Admin Insights/Control Interno
2026-08-18 10:50:23  INFO          Ya existe en disco, no se descarga de nuevo
2026-08-18 10:50:23  INFO    --- Subiendo lote (16/194 workbooks procesados) ---
2026-08-18 10:50:23  INFO          Sin cambios que subir
2026-08-18 10:50:23  INFO          Lote subido
2026-08-18 10:50:24  INFO          8 version(es) marcadas como subidas en Oracle
2026-08-18 10:50:24  INFO    [17/194] Home (v244)
2026-08-18 10:50:24  INFO          Proyecto: Production
2026-08-18 10:50:24  INFO          Ya existe en disco, no se descarga de nuevo
2026-08-18 10:50:24  INFO    [18/194] Pharma Visits Mex (v6)
2026-08-18 10:50:24  INFO          Proyecto: Production/Dashboards/Hexagono
2026-08-18 10:50:24  INFO          Ya existe en disco, no se descarga de nuevo
2026-08-18 10:50:24  INFO    [19/194] Training & Learning (v34)
2026-08-18 10:50:24  INFO          Proyecto: Production/Dashboards/Hexagono
2026-08-18 10:50:24  INFO          Ya existe en disco, no se descarga de nuevo
2026-08-18 10:50:24  INFO    [20/194] VF Dashboard (v25)
2026-08-18 10:50:24  INFO          Proyecto: Production/Dashboards/Hexagono
2026-08-18 10:50:24  INFO          Ya existe en disco, no se descarga de nuevo
2026-08-18 10:50:24  INFO    [21/194] Digital Marketing PRO (v13)
2026-08-18 10:50:24  INFO          Proyecto: Production/Dashboards/Hexagono
2026-08-18 10:50:24  INFO          Ya existe en disco, no se descarga de nuevo
2026-08-18 10:50:24  INFO    [22/194] Order to Cash PRO (v29)
2026-08-18 10:50:24  INFO          Proyecto: Production/Dashboards/Hexagono
2026-08-18 10:50:24  INFO          Ya existe en disco, no se descarga de nuevo
2026-08-18 10:50:24  INFO    [23/194] Home Hexagon (v13)
2026-08-18 10:50:24  INFO          Proyecto: Production/Dashboards/Hexagono
2026-08-18 10:50:24  INFO          Ya existe en disco, no se descarga de nuevo
2026-08-18 10:50:24  INFO    [24/194] Seguimiento Presupuesto (v2)
2026-08-18 10:50:24  INFO          Proyecto: Production/Dashboards/Performance Sell In
2026-08-18 10:50:24  INFO          Ya existe en disco, no se descarga de nuevo
2026-08-18 10:50:24  INFO    --- Subiendo lote (24/194 workbooks procesados) ---
2026-08-18 10:50:24  INFO          Sin cambios que subir
2026-08-18 10:50:24  INFO          Lote subido
2026-08-18 10:50:24  INFO          8 version(es) marcadas como subidas en Oracle
2026-08-18 10:50:24  INFO    [25/194] Zoom VN (v37)
2026-08-18 10:50:24  INFO          Proyecto: Production/Dashboards/Performance Sell In
2026-08-18 10:50:24  INFO          Ya existe en disco, no se descarga de nuevo
2026-08-18 10:50:24  INFO    [26/194] Daily Net Sales (v9)
2026-08-18 10:50:24  INFO          Proyecto: Production/Dashboards/Performance Sell In
2026-08-18 10:50:24  INFO          Ya existe en disco, no se descarga de nuevo
2026-08-18 10:50:24  INFO    [27/194] Seguimiento Performance Sell In (v37)
2026-08-18 10:50:24  INFO          Proyecto: Production/Dashboards/Performance Sell In
2026-08-18 10:50:24  INFO          Ya existe en disco, no se descarga de nuevo
2026-08-18 10:50:24  INFO    [28/194] Ceco Cuenta (v6)
2026-08-18 10:50:24  INFO          Proyecto: Production/Dashboards/Performance Sell In
2026-08-18 10:50:24  INFO          Ya existe en disco, no se descarga de nuevo
2026-08-18 10:50:24  INFO    [29/194] Self Service PRO (v100)
2026-08-18 10:50:24  INFO          Proyecto: Production/Dashboards/Performance Sell In
2026-08-18 10:50:24  INFO          Ya existe en disco, no se descarga de nuevo
2026-08-18 10:50:24  INFO    [30/194] Termometro Ventas Diarias (v46)
2026-08-18 10:50:24  INFO          Proyecto: Production/Dashboards/Performance Sell In
2026-08-18 10:50:24  INFO          Ya existe en disco, no se descarga de nuevo
2026-08-18 10:50:24  INFO    [31/194] Venta Interna PRO (v69)
2026-08-18 10:50:24  INFO          Proyecto: Production/Dashboards/Performance Sell In
2026-08-18 10:50:24  INFO          Ya existe en disco, no se descarga de nuevo
2026-08-18 10:50:24  INFO    [32/194] Zoom Dtos BU (v11)
2026-08-18 10:50:24  INFO          Proyecto: Production/Dashboards/Performance Sell In
2026-08-18 10:50:24  INFO          Ya existe en disco, no se descarga de nuevo
2026-08-18 10:50:24  INFO    --- Subiendo lote (32/194 workbooks procesados) ---
2026-08-18 10:50:24  INFO          Sin cambios que subir
2026-08-18 10:50:24  INFO          Lote subido
2026-08-18 10:50:25  INFO          8 version(es) marcadas como subidas en Oracle
2026-08-18 10:50:25  INFO    [33/194] Termometro Ventas Mensuales (v47)
2026-08-18 10:50:25  INFO          Proyecto: Production/Dashboards/Performance Sell In
2026-08-18 10:50:25  INFO          Ya existe en disco, no se descarga de nuevo
2026-08-18 10:50:25  INFO    [34/194] Venta Interna - YTD (v1)
2026-08-18 10:50:25  INFO          Proyecto: Production/Dashboards/Performance Sell In
2026-08-18 10:50:25  INFO          Ya existe en disco, no se descarga de nuevo
2026-08-18 10:50:25  INFO    [35/194] PL (v36)
2026-08-18 10:50:25  INFO          Proyecto: Production/Dashboards/Performance Sell In
2026-08-18 10:50:25  INFO          Ya existe en disco, no se descarga de nuevo
2026-08-18 10:50:25  INFO    [36/194] Venta Interna - MTD (v1)
2026-08-18 10:50:25  INFO          Proyecto: Production/Dashboards/Performance Sell In
2026-08-18 10:50:25  INFO          Ya existe en disco, no se descarga de nuevo
2026-08-18 10:50:25  INFO    [37/194] Informe Actividad por Tipo Centro (v24)
2026-08-18 10:50:25  INFO          Proyecto: Production/Dashboards/Ad hoc Reports/BI Local/BI España
2026-08-18 10:50:25  INFO          Ya existe en disco, no se descarga de nuevo
2026-08-18 10:50:25  INFO    [38/194] Proyeccion Preventa Heliocare (v5)
2026-08-18 10:50:25  INFO          Proyecto: Production/Dashboards/Ad hoc Reports/BI Local/BI España
2026-08-18 10:50:25  INFO          Ya existe en disco, no se descarga de nuevo
2026-08-18 10:50:25  INFO    [39/194] Rankings (v69)
2026-08-18 10:50:25  INFO          Proyecto: Production/Dashboards/Ad hoc Reports/BI Local/BI España
2026-08-18 10:50:25  INFO          Ya existe en disco, no se descarga de nuevo
2026-08-18 10:50:25  INFO    [40/194] Analisis por Tipo Venta (v18)
2026-08-18 10:50:25  INFO          Proyecto: Production/Dashboards/Ad hoc Reports/BI Local/BI España
2026-08-18 10:50:25  INFO          Ya existe en disco, no se descarga de nuevo
2026-08-18 10:50:25  INFO    --- Subiendo lote (40/194 workbooks procesados) ---
2026-08-18 10:50:25  INFO          Sin cambios que subir
2026-08-18 10:50:25  INFO          Lote subido
2026-08-18 10:50:25  INFO          8 version(es) marcadas como subidas en Oracle
2026-08-18 10:50:25  INFO    [41/194] CdM Informes Delegado (v59)
2026-08-18 10:50:25  INFO          Proyecto: Production/Dashboards/Ad hoc Reports/BI Local/BI España
2026-08-18 10:50:25  INFO          Ya existe en disco, no se descarga de nuevo
2026-08-18 10:50:25  INFO    [42/194] CdM Area Clientes (v349)
2026-08-18 10:50:25  INFO          Proyecto: Production/Dashboards/Ad hoc Reports/BI Local/BI España
2026-08-18 10:50:25  INFO          Ya existe en disco, no se descarga de nuevo
2026-08-18 10:50:25  INFO    [43/194] CdM Rankings-Area Clientes (v28)
2026-08-18 10:50:25  INFO          Proyecto: Production/Dashboards/Ad hoc Reports/BI Local/BI España
2026-08-18 10:50:25  INFO          Ya existe en disco, no se descarga de nuevo
2026-08-18 10:50:25  INFO    [44/194] CdM PLUS Incentivos (v111)
2026-08-18 10:50:25  INFO          Proyecto: Production/Dashboards/Ad hoc Reports/BI Local/BI España
2026-08-18 10:50:25  INFO          Ya existe en disco, no se descarga de nuevo
2026-08-18 10:50:25  INFO    [45/194] CdM Matrices (v94)
2026-08-18 10:50:25  INFO          Proyecto: Production/Dashboards/Ad hoc Reports/BI Local/BI España
2026-08-18 10:50:25  INFO          Ya existe en disco, no se descarga de nuevo
2026-08-18 10:50:25  INFO    [46/194] CdM Venta Interna (v235)
2026-08-18 10:50:25  INFO          Proyecto: Production/Dashboards/Ad hoc Reports/BI Local/BI España
2026-08-18 10:50:25  INFO          Ya existe en disco, no se descarga de nuevo
2026-08-18 10:50:25  INFO    [47/194] IAD Salesforce (v113)
2026-08-18 10:50:25  INFO          Proyecto: Production/Dashboards/Ad hoc Reports/BI Local/BI España
2026-08-18 10:50:25  INFO          Ya existe en disco, no se descarga de nuevo
2026-08-18 10:50:25  INFO    [48/194] Informe Provision Rappel (v36)
2026-08-18 10:50:25  INFO          Proyecto: Production/Dashboards/Ad hoc Reports/BI Local/BI España
2026-08-18 10:50:25  INFO          Ya existe en disco, no se descarga de nuevo
2026-08-18 10:50:25  INFO    --- Subiendo lote (48/194 workbooks procesados) ---
2026-08-18 10:50:25  INFO          Sin cambios que subir
2026-08-18 10:50:25  INFO          Lote subido
2026-08-18 10:50:26  INFO          8 version(es) marcadas como subidas en Oracle
2026-08-18 10:50:26  INFO    [49/194] CdM Unidades Regulatorio (v7)
2026-08-18 10:50:26  INFO          Proyecto: Production/Dashboards/Ad hoc Reports/BI Local/BI España
2026-08-18 10:50:26  INFO          Ya existe en disco, no se descarga de nuevo
2026-08-18 10:50:26  INFO    [50/194] CdM Sell out (v62)
2026-08-18 10:50:26  INFO          Proyecto: Production/Dashboards/Ad hoc Reports/BI Local/BI España
2026-08-18 10:50:26  INFO          Ya existe en disco, no se descarga de nuevo
2026-08-18 10:50:26  INFO    [51/194] CdM AP Incentivos (v25)
2026-08-18 10:50:26  INFO          Proyecto: Production/Dashboards/Ad hoc Reports/BI Local/BI España
2026-08-18 10:50:26  INFO          Ya existe en disco, no se descarga de nuevo
2026-08-18 10:50:26  INFO    [52/194] KPIs Estrategicos (v6)
2026-08-18 10:50:26  INFO          Proyecto: Production/Dashboards/Ad hoc Reports/BI Local/BI España
2026-08-18 10:50:26  INFO          Ya existe en disco, no se descarga de nuevo
2026-08-18 10:50:26  INFO    [53/194] CdM Clientes - Filtro Facturacion (v31)
2026-08-18 10:50:26  INFO          Proyecto: Production/Dashboards/Ad hoc Reports/BI Local/BI España
2026-08-18 10:50:26  INFO          Ya existe en disco, no se descarga de nuevo
2026-08-18 10:50:26  INFO    [54/194] Estrategia Ciclo (v24)
2026-08-18 10:50:26  INFO          Proyecto: Production/Dashboards/Ad hoc Reports/BI Local/BI España
2026-08-18 10:50:26  INFO          Ya existe en disco, no se descarga de nuevo
2026-08-18 10:50:26  INFO    [55/194] CdM Red Select Ejecutivo (v59)
2026-08-18 10:50:26  INFO          Proyecto: Production/Dashboards/Ad hoc Reports/BI Local/BI España
2026-08-18 10:50:26  INFO          Ya existe en disco, no se descarga de nuevo
2026-08-18 10:50:26  INFO    [56/194] Seguimiento Acuerdos Comerciales (v34)
2026-08-18 10:50:26  INFO          Proyecto: Production/Dashboards/Ad hoc Reports/BI Local/BI España
2026-08-18 10:50:26  INFO          Ya existe en disco, no se descarga de nuevo
2026-08-18 10:50:26  INFO    --- Subiendo lote (56/194 workbooks procesados) ---
2026-08-18 10:50:26  INFO          Sin cambios que subir
2026-08-18 10:50:26  INFO          Lote subido
2026-08-18 10:50:26  INFO          8 version(es) marcadas como subidas en Oracle
2026-08-18 10:50:26  INFO    [57/194] CdM Gastos Red Comercial (v27)
2026-08-18 10:50:26  INFO          Proyecto: Production/Dashboards/Ad hoc Reports/BI Local/BI España
2026-08-18 10:50:26  INFO          Ya existe en disco, no se descarga de nuevo
2026-08-18 10:50:26  INFO    [58/194] CdM Campañas (v30)
2026-08-18 10:50:26  INFO          Proyecto: Production/Dashboards/Ad hoc Reports/BI Local/BI España
2026-08-18 10:50:26  INFO          Ya existe en disco, no se descarga de nuevo
2026-08-18 10:50:26  INFO    [59/194] Analisis Importe Pendiente (v11)
2026-08-18 10:50:26  INFO          Proyecto: Production/Dashboards/Ad hoc Reports/BI Local/BI España
2026-08-18 10:50:26  INFO          Ya existe en disco, no se descarga de nuevo
2026-08-18 10:50:26  INFO    [60/194] CdM CARE Incentivos (v21)
2026-08-18 10:50:26  INFO          Proyecto: Production/Dashboards/Ad hoc Reports/BI Local/BI España
2026-08-18 10:50:26  INFO          Ya existe en disco, no se descarga de nuevo
2026-08-18 10:50:26  INFO    [61/194] Informe Clientes sin Venta (con Prop.) (v3)
2026-08-18 10:50:26  INFO          Proyecto: Production/Dashboards/Ad hoc Reports/BI Local/BI España
2026-08-18 10:50:26  INFO          Ya existe en disco, no se descarga de nuevo
2026-08-18 10:50:26  INFO    [62/194] CdM DERM Incentivos (v90)
2026-08-18 10:50:26  INFO          Proyecto: Production/Dashboards/Ad hoc Reports/BI Local/BI España
2026-08-18 10:50:26  INFO          Ya existe en disco, no se descarga de nuevo
2026-08-18 10:50:26  INFO    [63/194] CdM COACH Incentivos (v58)
2026-08-18 10:50:26  INFO          Proyecto: Production/Dashboards/Ad hoc Reports/BI Local/BI España
2026-08-18 10:50:26  INFO          Ya existe en disco, no se descarga de nuevo
2026-08-18 10:50:26  INFO    [64/194] Uds Proyectadas (v39)
2026-08-18 10:50:26  INFO          Proyecto: Production/Dashboards/Ad hoc Reports/BI Local/BI España
2026-08-18 10:50:26  INFO          Ya existe en disco, no se descarga de nuevo
2026-08-18 10:50:26  INFO    --- Subiendo lote (64/194 workbooks procesados) ---
2026-08-18 10:50:26  INFO          Sin cambios que subir
2026-08-18 10:50:26  INFO          Lote subido
2026-08-18 10:50:27  INFO          8 version(es) marcadas como subidas en Oracle
2026-08-18 10:50:27  INFO    [65/194] CdM Redención (v61)
2026-08-18 10:50:27  INFO          Proyecto: Production/Dashboards/Ad hoc Reports/BI Local/BI España
2026-08-18 10:50:27  INFO          Ya existe en disco, no se descarga de nuevo
2026-08-18 10:50:27  INFO    [66/194] CdM NEO Incentivos (v84)
2026-08-18 10:50:27  INFO          Proyecto: Production/Dashboards/Ad hoc Reports/BI Local/BI España
2026-08-18 10:50:27  INFO          Ya existe en disco, no se descarga de nuevo
2026-08-18 10:50:27  INFO    [67/194] CdM Preventas (v52)
2026-08-18 10:50:27  INFO          Proyecto: Production/Dashboards/Ad hoc Reports/BI Local/BI España
2026-08-18 10:50:27  INFO          Ya existe en disco, no se descarga de nuevo
2026-08-18 10:50:27  INFO    [68/194] CdM Tarifa de Precios y Uds Caja (v26)
2026-08-18 10:50:27  INFO          Proyecto: Production/Dashboards/Ad hoc Reports/BI Local/BI España
2026-08-18 10:50:27  INFO          Ya existe en disco, no se descarga de nuevo
2026-08-18 10:50:27  INFO    [69/194] Analisis de Mercados (v35)
2026-08-18 10:50:27  INFO          Proyecto: Production/Dashboards/Ad hoc Reports/BI Local/BI España
2026-08-18 10:50:27  INFO          Ya existe en disco, no se descarga de nuevo
2026-08-18 10:50:27  INFO    [70/194] Seguridad Dashboards (v12)
2026-08-18 10:50:27  INFO          Proyecto: Production/Dashboards/Ad hoc Reports/BI Local/BI España
2026-08-18 10:50:27  INFO          Ya existe en disco, no se descarga de nuevo
2026-08-18 10:50:27  INFO    [71/194] CdM Integral - Actividad (v131)
2026-08-18 10:50:27  INFO          Proyecto: Production/Dashboards/Ad hoc Reports/BI Local/BI España
2026-08-18 10:50:27  INFO          Ya existe en disco, no se descarga de nuevo
2026-08-18 10:50:27  INFO    [72/194] CdM Matrices Cosm (v13)
2026-08-18 10:50:27  INFO          Proyecto: Production/Dashboards/Ad hoc Reports/BI Local/BI España
2026-08-18 10:50:27  INFO          Ya existe en disco, no se descarga de nuevo
2026-08-18 10:50:27  INFO    --- Subiendo lote (72/194 workbooks procesados) ---
2026-08-18 10:50:27  INFO          Sin cambios que subir
2026-08-18 10:50:27  INFO          Lote subido
2026-08-18 10:50:27  INFO          8 version(es) marcadas como subidas en Oracle
2026-08-18 10:50:27  INFO    [73/194] Analisis Packs (v13)
2026-08-18 10:50:27  INFO          Proyecto: Production/Dashboards/Ad hoc Reports/BI Local/BI España
2026-08-18 10:50:27  INFO          Ya existe en disco, no se descarga de nuevo
2026-08-18 10:50:27  INFO    [74/194] CdM Area Clientes Self Service (v115)
2026-08-18 10:50:27  INFO          Proyecto: Production/Dashboards/Ad hoc Reports/BI Local/BI España
2026-08-18 10:50:27  INFO          Ya existe en disco, no se descarga de nuevo
2026-08-18 10:50:27  INFO    [75/194] Presupuesto Internas (v34)
2026-08-18 10:50:27  INFO          Proyecto: Production/Dashboards/Ad hoc Reports/BI Local/BI España
2026-08-18 10:50:27  INFO          Ya existe en disco, no se descarga de nuevo
2026-08-18 10:50:27  INFO    [76/194] Informe Incentivos Cobrados (v6)
2026-08-18 10:50:27  INFO          Proyecto: Production/Dashboards/Ad hoc Reports/BI Local/BI España
2026-08-18 10:50:27  INFO          Ya existe en disco, no se descarga de nuevo
2026-08-18 10:50:27  INFO    [77/194] CdM SKIN Incentivos (v85)
2026-08-18 10:50:27  INFO          Proyecto: Production/Dashboards/Ad hoc Reports/BI Local/BI España
2026-08-18 10:50:27  INFO          Ya existe en disco, no se descarga de nuevo
2026-08-18 10:50:27  INFO    [78/194] CdM Select Self Service (v24)
2026-08-18 10:50:27  INFO          Proyecto: Production/Dashboards/Ad hoc Reports/BI Local/BI España
2026-08-18 10:50:27  INFO          Ya existe en disco, no se descarga de nuevo
2026-08-18 10:50:27  INFO    [79/194] CdM Integral Self Service AA (v58)
2026-08-18 10:50:27  INFO          Proyecto: Production/Dashboards/Ad hoc Reports/BI Local/BI España
2026-08-18 10:50:27  INFO          Ya existe en disco, no se descarga de nuevo
2026-08-18 10:50:27  INFO    [80/194] CdM Incentivos Global (v16)
2026-08-18 10:50:27  INFO          Proyecto: Production/Dashboards/Ad hoc Reports/BI Local/BI España
2026-08-18 10:50:27  INFO          Ya existe en disco, no se descarga de nuevo
2026-08-18 10:50:27  INFO    --- Subiendo lote (80/194 workbooks procesados) ---
2026-08-18 10:50:27  INFO          Sin cambios que subir
2026-08-18 10:50:27  INFO          Lote subido
2026-08-18 10:50:28  INFO          8 version(es) marcadas como subidas en Oracle
2026-08-18 10:50:28  INFO    [81/194] Auditoria Cod JDE - Cod SF (v9)
2026-08-18 10:50:28  INFO          Proyecto: Production/Dashboards/Ad hoc Reports/BI Local/BI España/Informes Automaticos
2026-08-18 10:50:28  INFO          Ya existe en disco, no se descarga de nuevo
2026-08-18 10:50:28  INFO    [82/194] CdM SRI Producto Agrupado YTD (v3)
2026-08-18 10:50:28  INFO          Proyecto: Production/Dashboards/Ad hoc Reports/BI Local/BI España/Informes Automaticos
2026-08-18 10:50:28  INFO          Ya existe en disco, no se descarga de nuevo
2026-08-18 10:50:28  INFO    [83/194] CdM Venta Interna Detalle Marca MTD (v5)
2026-08-18 10:50:28  INFO          Proyecto: Production/Dashboards/Ad hoc Reports/BI Local/BI España/Informes Automaticos
2026-08-18 10:50:28  INFO          Ya existe en disco, no se descarga de nuevo
2026-08-18 10:50:28  INFO    [84/194] CdM Venta Interna Detalle Producto Agrupado YTD (v6)
2026-08-18 10:50:28  INFO          Proyecto: Production/Dashboards/Ad hoc Reports/BI Local/BI España/Informes Automaticos
2026-08-18 10:50:28  INFO          Ya existe en disco, no se descarga de nuevo
2026-08-18 10:50:28  INFO    [85/194] CdM SRI Marca YTD (v3)
2026-08-18 10:50:28  INFO          Proyecto: Production/Dashboards/Ad hoc Reports/BI Local/BI España/Informes Automaticos
2026-08-18 10:50:28  INFO          Ya existe en disco, no se descarga de nuevo
2026-08-18 10:50:28  INFO    [86/194] CdM Venta Interna Detalle Marca YTD (v10)
2026-08-18 10:50:28  INFO          Proyecto: Production/Dashboards/Ad hoc Reports/BI Local/BI España/Informes Automaticos
2026-08-18 10:50:28  INFO          Ya existe en disco, no se descarga de nuevo
2026-08-18 10:50:28  INFO    [87/194] CdM SRI Producto Agrupado MTD (v2)
2026-08-18 10:50:28  INFO          Proyecto: Production/Dashboards/Ad hoc Reports/BI Local/BI España/Informes Automaticos
2026-08-18 10:50:28  INFO          Ya existe en disco, no se descarga de nuevo
2026-08-18 10:50:28  INFO    [88/194] CdM Venta Interna Detalle Producto Agrupado MTD (v5)
2026-08-18 10:50:28  INFO          Proyecto: Production/Dashboards/Ad hoc Reports/BI Local/BI España/Informes Automaticos
2026-08-18 10:50:28  INFO          Ya existe en disco, no se descarga de nuevo
2026-08-18 10:50:28  INFO    --- Subiendo lote (88/194 workbooks procesados) ---
2026-08-18 10:50:28  INFO          Sin cambios que subir
2026-08-18 10:50:28  INFO          Lote subido
2026-08-18 10:50:28  INFO          8 version(es) marcadas como subidas en Oracle
2026-08-18 10:50:28  INFO    [89/194] CdM SRI Marca MTD (v2)
2026-08-18 10:50:28  INFO          Proyecto: Production/Dashboards/Ad hoc Reports/BI Local/BI España/Informes Automaticos
2026-08-18 10:50:28  INFO          Ya existe en disco, no se descarga de nuevo
2026-08-18 10:50:28  INFO    [90/194] CdM Clinics Visits - 2024 (v7)
2026-08-18 10:50:28  INFO          Proyecto: Production/Dashboards/Ad hoc Reports/BI Local/BI Portugal
2026-08-18 10:50:28  INFO          Ya existe en disco, no se descarga de nuevo
2026-08-18 10:50:28  INFO    [91/194] Cdm Sellin (v95)
2026-08-18 10:50:28  INFO          Proyecto: Production/Dashboards/Ad hoc Reports/BI Local/BI Portugal
2026-08-18 10:50:28  INFO          Ya existe en disco, no se descarga de nuevo
2026-08-18 10:50:28  INFO    [92/194] Rankings (v27)
2026-08-18 10:50:28  INFO          Proyecto: Production/Dashboards/Ad hoc Reports/BI Local/BI Portugal
2026-08-18 10:50:28  INFO          Ya existe en disco, no se descarga de nuevo
2026-08-18 10:50:28  INFO    [93/194] CdM Pharmacy Visits (v23)
2026-08-18 10:50:28  INFO          Proyecto: Production/Dashboards/Ad hoc Reports/BI Local/BI Portugal
2026-08-18 10:50:28  INFO          Ya existe en disco, no se descarga de nuevo
2026-08-18 10:50:28  INFO    [94/194] CdM Clinics Visits (v82)
2026-08-18 10:50:28  INFO          Proyecto: Production/Dashboards/Ad hoc Reports/BI Local/BI Portugal
2026-08-18 10:50:28  INFO          Ya existe en disco, no se descarga de nuevo
2026-08-18 10:50:28  INFO    [95/194] CdM Clinics Visits - 2025 (v4)
2026-08-18 10:50:28  INFO          Proyecto: Production/Dashboards/Ad hoc Reports/BI Local/BI Portugal
2026-08-18 10:50:28  INFO          Ya existe en disco, no se descarga de nuevo
2026-08-18 10:50:28  INFO    [96/194] Cdm Sellin SS (v12)
2026-08-18 10:50:28  INFO          Proyecto: Production/Dashboards/Ad hoc Reports/BI Local/BI Portugal
2026-08-18 10:50:28  INFO          Ya existe en disco, no se descarga de nuevo
2026-08-18 10:50:28  INFO    --- Subiendo lote (96/194 workbooks procesados) ---
2026-08-18 10:50:28  INFO          Sin cambios que subir
2026-08-18 10:50:28  INFO          Lote subido
2026-08-18 10:50:29  INFO          8 version(es) marcadas como subidas en Oracle
2026-08-18 10:50:29  INFO    [97/194] Plan de la Demanda (v3)
2026-08-18 10:50:29  INFO          Proyecto: Production/Dashboards/Ad hoc Reports/BI Local/BI México/Mockups IBS
2026-08-18 10:50:29  INFO          Ya existe en disco, no se descarga de nuevo
2026-08-18 10:50:29  INFO    [98/194] Conciliacion_Financiera (v2)
2026-08-18 10:50:29  INFO          Proyecto: Production/Dashboards/Ad hoc Reports/BI Local/BI México/Mockups IBS
2026-08-18 10:50:29  INFO          Ya existe en disco, no se descarga de nuevo
2026-08-18 10:50:29  INFO    [99/194] Plan de inventarios (v2)
2026-08-18 10:50:29  INFO          Proyecto: Production/Dashboards/Ad hoc Reports/BI Local/BI México/Mockups IBS
2026-08-18 10:50:29  INFO          Ya existe en disco, no se descarga de nuevo
2026-08-18 10:50:29  INFO    [100/194] CdM Stangest (v15)
2026-08-18 10:50:29  INFO          Proyecto: Production/Dashboards/Ad hoc Reports/BI Local/BI Stangest
2026-08-18 10:50:29  INFO          Ya existe en disco, no se descarga de nuevo
2026-08-18 10:50:29  INFO    [101/194] CdM Sell out TOTY (v6)
2026-08-18 10:50:29  INFO          Proyecto: Production/Dashboards/Ad hoc Reports/BI Local/BI Toty
2026-08-18 10:50:29  INFO          Ya existe en disco, no se descarga de nuevo
2026-08-18 10:50:29  INFO    [102/194] Client Corporate Catalog (v3)
2026-08-18 10:50:29  INFO          Proyecto: Production/Dashboards/MDM
2026-08-18 10:50:29  INFO          Ya existe en disco, no se descarga de nuevo
2026-08-18 10:50:29  INFO    [103/194] JDE Product Catalog (v41)
2026-08-18 10:50:29  INFO          Proyecto: Production/Dashboards/MDM
2026-08-18 10:50:29  INFO          Ya existe en disco, no se descarga de nuevo
2026-08-18 10:50:29  INFO    [104/194] CdM Data Source y Workbook (v22)
2026-08-18 10:50:29  INFO          Proyecto: Production/Dashboards/MDM
2026-08-18 10:50:29  INFO          Ya existe en disco, no se descarga de nuevo
2026-08-18 10:50:29  INFO    --- Subiendo lote (104/194 workbooks procesados) ---
2026-08-18 10:50:29  INFO          Sin cambios que subir
2026-08-18 10:50:29  INFO          Lote subido
2026-08-18 10:50:29  INFO          8 version(es) marcadas como subidas en Oracle
2026-08-18 10:50:29  INFO    [105/194] Product Corporate Catalog (v106)
2026-08-18 10:50:29  INFO          Proyecto: Production/Dashboards/MDM
2026-08-18 10:50:29  INFO          Ya existe en disco, no se descarga de nuevo
2026-08-18 10:50:29  INFO    [106/194] JDE Logistics Product Catalog (v8)
2026-08-18 10:50:29  INFO          Proyecto: Production/Dashboards/MDM
2026-08-18 10:50:29  INFO          Ya existe en disco, no se descarga de nuevo
2026-08-18 10:50:29  INFO    [107/194] Glossary (v12)
2026-08-18 10:50:29  INFO          Proyecto: Production/Dashboards/MDM
2026-08-18 10:50:29  INFO          Ya existe en disco, no se descarga de nuevo
2026-08-18 10:50:29  INFO    [108/194] Tableau Usage (v7)
2026-08-18 10:50:29  INFO          Proyecto: Production/Dashboards/MDM
2026-08-18 10:50:29  INFO          Ya existe en disco, no se descarga de nuevo
2026-08-18 10:50:29  INFO    [109/194] Dashboard Catalog (v1)
2026-08-18 10:50:29  INFO          Proyecto: Production/Dashboards/MDM
2026-08-18 10:50:29  INFO          Ya existe en disco, no se descarga de nuevo
2026-08-18 10:50:29  INFO    [110/194] Lanzamientos (v146)
2026-08-18 10:50:29  INFO          Proyecto: Production/Dashboards/Supply Chain
2026-08-18 10:50:29  INFO          Ya existe en disco, no se descarga de nuevo
2026-08-18 10:50:29  INFO    [111/194] KPIs Demand (v10)
2026-08-18 10:50:29  INFO          Proyecto: Production/Dashboards/Supply Chain
2026-08-18 10:50:29  INFO          Ya existe en disco, no se descarga de nuevo
2026-08-18 10:50:29  INFO    [112/194] Apro vs Demanda (v4)
2026-08-18 10:50:29  INFO          Proyecto: Production/Dashboards/Supply Chain
2026-08-18 10:50:29  INFO          Ya existe en disco, no se descarga de nuevo
2026-08-18 10:50:29  INFO    --- Subiendo lote (112/194 workbooks procesados) ---
2026-08-18 10:50:29  INFO          Sin cambios que subir
2026-08-18 10:50:29  INFO          Lote subido
2026-08-18 10:50:30  INFO          8 version(es) marcadas como subidas en Oracle
2026-08-18 10:50:30  INFO    [113/194] Consumos (v9)
2026-08-18 10:50:30  INFO          Proyecto: Production/Dashboards/Supply Chain
2026-08-18 10:50:30  INFO          Ya existe en disco, no se descarga de nuevo
2026-08-18 10:50:30  INFO    [114/194] Servicio (v16)
2026-08-18 10:50:30  INFO          Proyecto: Production/Dashboards/Supply Chain
2026-08-18 10:50:30  INFO          Ya existe en disco, no se descarga de nuevo
2026-08-18 10:50:30  INFO    [115/194] Aprovisionamiento Semanal (v27)
2026-08-18 10:50:30  INFO          Proyecto: Production/Dashboards/Supply Chain
2026-08-18 10:50:30  INFO          Ya existe en disco, no se descarga de nuevo
2026-08-18 10:50:30  INFO    [116/194] CdM Compras (v23)
2026-08-18 10:50:30  INFO          Proyecto: Production/Dashboards/Supply Chain
2026-08-18 10:50:30  INFO          Ya existe en disco, no se descarga de nuevo
2026-08-18 10:50:30  INFO    [117/194] Forecast Grouped (v4)
2026-08-18 10:50:30  INFO          Proyecto: Production/Dashboards/Supply Chain
2026-08-18 10:50:30  INFO          Ya existe en disco, no se descarga de nuevo
2026-08-18 10:50:30  INFO    [118/194] Unhealthy Stock (v64)
2026-08-18 10:50:30  INFO          Proyecto: Production/Dashboards/Supply Chain
2026-08-18 10:50:30  INFO          Ya existe en disco, no se descarga de nuevo
2026-08-18 10:50:30  INFO    [119/194] Pallets (v70)
2026-08-18 10:50:30  INFO          Proyecto: Production/Dashboards/Supply Chain
2026-08-18 10:50:30  INFO          Ya existe en disco, no se descarga de nuevo
2026-08-18 10:50:30  INFO    [120/194] Compras (v73)
2026-08-18 10:50:30  INFO          Proyecto: Production/Dashboards/Supply Chain
2026-08-18 10:50:30  INFO          Ya existe en disco, no se descarga de nuevo
2026-08-18 10:50:30  INFO    --- Subiendo lote (120/194 workbooks procesados) ---
2026-08-18 10:50:30  INFO          Sin cambios que subir
2026-08-18 10:50:30  INFO          Lote subido
2026-08-18 10:50:30  INFO          8 version(es) marcadas como subidas en Oracle
2026-08-18 10:50:30  INFO    [121/194] CdM Demand (v39)
2026-08-18 10:50:30  INFO          Proyecto: Production/Dashboards/Supply Chain
2026-08-18 10:50:30  INFO          Ya existe en disco, no se descarga de nuevo
2026-08-18 10:50:30  INFO    [122/194] Stock Cuarentena (v9)
2026-08-18 10:50:30  INFO          Proyecto: Production/Dashboards/Supply Chain
2026-08-18 10:50:30  INFO          Ya existe en disco, no se descarga de nuevo
2026-08-18 10:50:30  INFO    [123/194] Coberturas (v12)
2026-08-18 10:50:30  INFO          Proyecto: Production/Dashboards/Supply Chain
2026-08-18 10:50:30  INFO          Ya existe en disco, no se descarga de nuevo
2026-08-18 10:50:30  INFO    [124/194] Recepciones (v25)
2026-08-18 10:50:30  INFO          Proyecto: Production/Dashboards/Supply Chain
2026-08-18 10:50:30  INFO          Ya existe en disco, no se descarga de nuevo
2026-08-18 10:50:30  INFO    [125/194] ModuloKajalForecasting (v199)
2026-08-18 10:50:30  INFO          Proyecto: Production/Dashboards/Supply Chain/Demand Planning
2026-08-18 10:50:30  INFO          Ya existe en disco, no se descarga de nuevo
2026-08-18 10:50:30  INFO    [126/194] Kajal Home (v2)
2026-08-18 10:50:30  INFO          Proyecto: Production/Dashboards/Supply Chain/Demand Planning
2026-08-18 10:50:30  INFO          Ya existe en disco, no se descarga de nuevo
2026-08-18 10:50:30  INFO    [127/194] Self service (v60)
2026-08-18 10:50:30  INFO          Proyecto: Production/Dashboards/Supply Chain/Demand Planning
2026-08-18 10:50:30  INFO          Ya existe en disco, no se descarga de nuevo
2026-08-18 10:50:30  INFO    [128/194] ModuloKajalAnalytics (v138)
2026-08-18 10:50:30  INFO          Proyecto: Production/Dashboards/Supply Chain/Demand Planning
2026-08-18 10:50:30  INFO          Ya existe en disco, no se descarga de nuevo
2026-08-18 10:50:30  INFO    --- Subiendo lote (128/194 workbooks procesados) ---
2026-08-18 10:50:30  INFO          Sin cambios que subir
2026-08-18 10:50:30  INFO          Lote subido
2026-08-18 10:50:31  INFO          8 version(es) marcadas como subidas en Oracle
2026-08-18 10:50:31  INFO    [129/194] Presupuesto (v40)
2026-08-18 10:50:31  INFO          Proyecto: Production/Dashboards/Supply Chain/Demand Planning
2026-08-18 10:50:31  INFO          Ya existe en disco, no se descarga de nuevo
2026-08-18 10:50:31  INFO    [130/194] ModuloKajalInventory (v85)
2026-08-18 10:50:31  INFO          Proyecto: Production/Dashboards/Supply Chain/Demand Planning
2026-08-18 10:50:31  INFO          Ya existe en disco, no se descarga de nuevo
2026-08-18 10:50:31  INFO    [131/194] CdM Calidad (v45)
2026-08-18 10:50:31  INFO          Proyecto: Production/Dashboards/Industrial
2026-08-18 10:50:31  INFO          Ya existe en disco, no se descarga de nuevo
2026-08-18 10:50:31  INFO    [132/194] CdM Industrial Torrejon (v43)
2026-08-18 10:50:31  INFO          Proyecto: Production/Dashboards/Industrial
2026-08-18 10:50:31  INFO          Ya existe en disco, no se descarga de nuevo
2026-08-18 10:50:31  INFO    [133/194] CdM Financiero (v35)
2026-08-18 10:50:31  INFO          Proyecto: Production/Dashboards/Industrial
2026-08-18 10:50:31  INFO          Ya existe en disco, no se descarga de nuevo
2026-08-18 10:50:31  INFO    [134/194] CdM Industrial La Concha (v8)
2026-08-18 10:50:31  INFO          Proyecto: Production/Dashboards/Industrial
2026-08-18 10:50:31  INFO          Ya existe en disco, no se descarga de nuevo
2026-08-18 10:50:31  INFO    [135/194] CdM Produccion (v39)
2026-08-18 10:50:31  INFO          Proyecto: Production/Dashboards/Industrial
2026-08-18 10:50:31  INFO          Ya existe en disco, no se descarga de nuevo
2026-08-18 10:50:31  INFO    [136/194] CdM Summary (v16)
2026-08-18 10:50:31  INFO          Proyecto: Production/Dashboards/Industrial
2026-08-18 10:50:31  INFO          Ya existe en disco, no se descarga de nuevo
2026-08-18 10:50:31  INFO    --- Subiendo lote (136/194 workbooks procesados) ---
2026-08-18 10:50:31  INFO          Sin cambios que subir
2026-08-18 10:50:31  INFO          Lote subido
2026-08-18 10:50:31  INFO          8 version(es) marcadas como subidas en Oracle
2026-08-18 10:50:31  INFO    [137/194] CdM Ingenieria (v38)
2026-08-18 10:50:31  INFO          Proyecto: Production/Dashboards/Industrial
2026-08-18 10:50:31  INFO          Ya existe en disco, no se descarga de nuevo
2026-08-18 10:50:31  INFO    [138/194] Observatorio Heliocare - ShopperTec (v23)
2026-08-18 10:50:31  INFO          Proyecto: Production/Dashboards/Clientes
2026-08-18 10:50:31  INFO          Ya existe en disco, no se descarga de nuevo
2026-08-18 10:50:31  INFO    [139/194] CdM Commercial Performance (v58)
2026-08-18 10:50:31  INFO          Proyecto: Production/Dashboards/Commercial Performance
2026-08-18 10:50:31  INFO          Ya existe en disco, no se descarga de nuevo
2026-08-18 10:50:31  INFO    [140/194] Observatorio Heliocare - ShopperTec v2 (v1)
2026-08-18 10:50:31  INFO          Proyecto: Development/Mockups
2026-08-18 10:50:31  INFO          Ya existe en disco, no se descarga de nuevo
2026-08-18 10:50:31  INFO    [141/194] Mockup VF/KAM/e-KAM v3 (v5)
2026-08-18 10:50:31  INFO          Proyecto: Development/Mockups
2026-08-18 10:50:31  INFO          Ya existe en disco, no se descarga de nuevo
2026-08-18 10:50:31  INFO    [142/194] Template Tableau (v1)
2026-08-18 10:50:31  INFO          Proyecto: Development/Ad hoc Reports
2026-08-18 10:50:31  INFO          Ya existe en disco, no se descarga de nuevo
2026-08-18 10:50:31  INFO    [143/194] Consulta filtrado por Importe a nivel MARCA-PEDIDO (v2)
2026-08-18 10:50:31  INFO          Proyecto: Development/Ad hoc Reports/Spain
2026-08-18 10:50:31  INFO          Ya existe en disco, no se descarga de nuevo
2026-08-18 10:50:31  INFO    [144/194] CdM Area Clientes_BACKUP (v1)
2026-08-18 10:50:31  INFO          Proyecto: Development/Ad hoc Reports/Spain
2026-08-18 10:50:31  INFO          Ya existe en disco, no se descarga de nuevo
2026-08-18 10:50:31  INFO    --- Subiendo lote (144/194 workbooks procesados) ---
2026-08-18 10:50:31  INFO          Sin cambios que subir
2026-08-18 10:50:31  INFO          Lote subido
2026-08-18 10:50:32  INFO          8 version(es) marcadas como subidas en Oracle
2026-08-18 10:50:32  INFO    [145/194] 3. GOLD_20/01/2025_Añadir Importe pendiente (v1)
2026-08-18 10:50:32  INFO          Proyecto: Development/Ad hoc Reports/Spain
2026-08-18 10:50:32  INFO          Ya existe en disco, no se descarga de nuevo
2026-08-18 10:50:32  INFO    [146/194] CdM Area Clientes_Ranking Gerentes y Propietarios_Cambios v2 (v10)
2026-08-18 10:50:32  INFO          Proyecto: Development/Ad hoc Reports/Spain
2026-08-18 10:50:32  INFO          Ya existe en disco, no se descarga de nuevo
2026-08-18 10:50:32  INFO    [147/194] Clientes en crecimiento (v10)
2026-08-18 10:50:32  INFO          Proyecto: Development/Ad hoc Reports/Italy
2026-08-18 10:50:32  INFO          Ya existe en disco, no se descarga de nuevo
2026-08-18 10:50:32  INFO    [148/194] Progetto_v3 (v3)
2026-08-18 10:50:32  INFO          Proyecto: Development/Ad hoc Reports/Italy
2026-08-18 10:50:32  INFO          Ya existe en disco, no se descarga de nuevo
2026-08-18 10:50:32  INFO    [149/194] PROGETTO_V2 (v1)
2026-08-18 10:50:32  INFO          Proyecto: Development/Ad hoc Reports/Italy
2026-08-18 10:50:32  INFO          Ya existe en disco, no se descarga de nuevo
2026-08-18 10:50:32  INFO    [150/194] CdM Sell In (v34)
2026-08-18 10:50:32  INFO          Proyecto: Development/Ad hoc Reports/Stangest
2026-08-18 10:50:32  INFO          Ya existe en disco, no se descarga de nuevo
2026-08-18 10:50:32  INFO    [151/194] Dashboard Ventas Por Distrito & Ano (v1)
2026-08-18 10:50:32  INFO          Proyecto: Development/Ad hoc Reports/Portugal
2026-08-18 10:50:32  INFO          Ya existe en disco, no se descarga de nuevo
2026-08-18 10:50:32  INFO    [152/194] Dashboard Ventas Marca Por Delegada (v1)
2026-08-18 10:50:32  INFO          Proyecto: Development/Ad hoc Reports/Portugal
2026-08-18 10:50:32  INFO          Ya existe en disco, no se descarga de nuevo
2026-08-18 10:50:32  INFO    --- Subiendo lote (152/194 workbooks procesados) ---
2026-08-18 10:50:32  INFO          Sin cambios que subir
2026-08-18 10:50:32  INFO          Lote subido
2026-08-18 10:50:32  INFO          8 version(es) marcadas como subidas en Oracle
2026-08-18 10:50:32  INFO    [153/194] Dashboard Ventas Marca Por Distrito (v1)
2026-08-18 10:50:32  INFO          Proyecto: Development/Ad hoc Reports/Portugal
2026-08-18 10:50:32  INFO          Ya existe en disco, no se descarga de nuevo
2026-08-18 10:50:32  INFO    [154/194] CdM Logistica (v9)
2026-08-18 10:50:32  INFO          Proyecto: Development/Ad hoc Reports/Supply
2026-08-18 10:50:32  INFO          Ya existe en disco, no se descarga de nuevo
2026-08-18 10:50:32  INFO    [155/194] 2. show_sales_totals_in_a_crosstab_starter (v1)
2026-08-18 10:50:32  INFO          Proyecto: Development/Formacion Information Labs
2026-08-18 10:50:32  INFO          Ya existe en disco, no se descarga de nuevo
2026-08-18 10:50:32  INFO    [156/194] New- 2.1 create_a_date_calculation_starter (v2)
2026-08-18 10:50:32  INFO          Proyecto: Development/Formacion Information Labs
2026-08-18 10:50:32  INFO          Ya existe en disco, no se descarga de nuevo
2026-08-18 10:50:32  INFO    [157/194] 1. sort_by_fields_in_a_view_starter (v2)
2026-08-18 10:50:32  INFO          Proyecto: Development/Formacion Information Labs
2026-08-18 10:50:32  INFO          Ya existe en disco, no se descarga de nuevo
2026-08-18 10:50:32  INFO    [158/194] 3. add_a_filter_to_context_starter (v2)
2026-08-18 10:50:32  INFO          Proyecto: Development/Formacion Information Labs
2026-08-18 10:50:32  INFO          Ya existe en disco, no se descarga de nuevo
2026-08-18 10:50:32  INFO    [159/194] 2.1 create_a_calculation_with_aggregation_starter (v2)
2026-08-18 10:50:32  INFO          Proyecto: Development/Formacion Information Labs
2026-08-18 10:50:32  INFO          Ya existe en disco, no se descarga de nuevo
2026-08-18 10:50:32  INFO    [160/194] 3. add_a_forecast_to_a_view_starter (v2)
2026-08-18 10:50:32  INFO          Proyecto: Development/Formacion Information Labs
2026-08-18 10:50:32  INFO          Ya existe en disco, no se descarga de nuevo
2026-08-18 10:50:32  INFO    --- Subiendo lote (160/194 workbooks procesados) ---
2026-08-18 10:50:32  INFO          Sin cambios que subir
2026-08-18 10:50:32  INFO          Lote subido
2026-08-18 10:50:33  INFO          8 version(es) marcadas como subidas en Oracle
2026-08-18 10:50:33  INFO    [161/194] 2. apply_a_year_over_year_table_calculation_starter (v3)
2026-08-18 10:50:33  INFO          Proyecto: Development/Formacion Information Labs
2026-08-18 10:50:33  INFO          Ya existe en disco, no se descarga de nuevo
2026-08-18 10:50:33  INFO    [162/194] 4.  create_a_bar-in-bar_chart_starter (v2)
2026-08-18 10:50:33  INFO          Proyecto: Development/Formacion Information Labs
2026-08-18 10:50:33  INFO          Ya existe en disco, no se descarga de nuevo
2026-08-18 10:50:33  INFO    [163/194] 2.1 create_a_weighted_average_starter (v1)
2026-08-18 10:50:33  INFO          Proyecto: Development/Formacion Information Labs
2026-08-18 10:50:33  INFO          Ya existe en disco, no se descarga de nuevo
2026-08-18 10:50:33  INFO    [164/194] 3. apply_a_rank_table_calculation_starter (v2)
2026-08-18 10:50:33  INFO          Proyecto: Development/Formacion Information Labs
2026-08-18 10:50:33  INFO          Ya existe en disco, no se descarga de nuevo
2026-08-18 10:50:33  INFO    [165/194] 3. add_actions_to_a_dashboard_starter (v1)
2026-08-18 10:50:33  INFO          Proyecto: Development/Formacion Information Labs
2026-08-18 10:50:33  INFO          Ya existe en disco, no se descarga de nuevo
2026-08-18 10:50:33  INFO    [166/194] 2. build_a_heat_map_starter (v1)
2026-08-18 10:50:33  INFO          Proyecto: Development/Formacion Information Labs
2026-08-18 10:50:33  INFO          Ya existe en disco, no se descarga de nuevo
2026-08-18 10:50:33  INFO    [167/194] 4. calculate_the_average_product_profit_by_category_starter (v2)
2026-08-18 10:50:33  INFO          Proyecto: Development/Formacion Information Labs
2026-08-18 10:50:33  INFO          Ya existe en disco, no se descarga de nuevo
2026-08-18 10:50:33  INFO    [168/194] Solución - Sample Superstore Dashboard (v1)
2026-08-18 10:50:33  INFO          Proyecto: Development/Formacion Information Labs
2026-08-18 10:50:33  INFO          Ya existe en disco, no se descarga de nuevo
2026-08-18 10:50:33  INFO    --- Subiendo lote (168/194 workbooks procesados) ---
2026-08-18 10:50:33  INFO          Sin cambios que subir
2026-08-18 10:50:33  INFO          Lote subido
2026-08-18 10:50:33  INFO          8 version(es) marcadas como subidas en Oracle
2026-08-18 10:50:33  INFO    [169/194] 4. create_a_parameter_for_switching_measures_ and filter_starter (v2)
2026-08-18 10:50:33  INFO          Proyecto: Development/Formacion Information Labs
2026-08-18 10:50:33  INFO          Ya existe en disco, no se descarga de nuevo
2026-08-18 10:50:33  INFO    [170/194] 1. create_a_hierarchy_starter (v1)
2026-08-18 10:50:33  INFO          Proyecto: Development/Formacion Information Labs
2026-08-18 10:50:33  INFO          Ya existe en disco, no se descarga de nuevo
2026-08-18 10:50:33  INFO    [171/194] 3. Box and Whisker Plot Starter (v1)
2026-08-18 10:50:33  INFO          Proyecto: Development/Formacion Information Labs
2026-08-18 10:50:33  INFO          Ya existe en disco, no se descarga de nuevo
2026-08-18 10:50:33  INFO    [172/194] 2.1 manipulate_strings_starter (v1)
2026-08-18 10:50:33  INFO          Proyecto: Development/Formacion Information Labs
2026-08-18 10:50:33  INFO          Ya existe en disco, no se descarga de nuevo
2026-08-18 10:50:33  INFO    [173/194] 1. show_data_across_discrete_and_continuous_months (v1)
2026-08-18 10:50:33  INFO          Proyecto: Development/Formacion Information Labs
2026-08-18 10:50:33  INFO          Ya existe en disco, no se descarga de nuevo
2026-08-18 10:50:33  INFO    [174/194] 2. build_a_highlight_table_starter (v1)
2026-08-18 10:50:33  INFO          Proyecto: Development/Formacion Information Labs
2026-08-18 10:50:33  INFO          Ya existe en disco, no se descarga de nuevo
2026-08-18 10:50:33  INFO    [175/194] 1. create_and_customize_filters_starter (v1)
2026-08-18 10:50:33  INFO          Proyecto: Development/Formacion Information Labs
2026-08-18 10:50:33  INFO          Ya existe en disco, no se descarga de nuevo
2026-08-18 10:50:33  INFO    [176/194] 1. build_a_combined_axis_chart_starter (v1)
2026-08-18 10:50:33  INFO          Proyecto: Development/Formacion Information Labs
2026-08-18 10:50:33  INFO          Ya existe en disco, no se descarga de nuevo
2026-08-18 10:50:33  INFO    --- Subiendo lote (176/194 workbooks procesados) ---
2026-08-18 10:50:33  INFO          Sin cambios que subir
2026-08-18 10:50:33  INFO          Lote subido
2026-08-18 10:50:34  INFO          8 version(es) marcadas como subidas en Oracle
2026-08-18 10:50:34  INFO    [177/194] Ejercicio Final - Sample Superstore Dashboard (v1)
2026-08-18 10:50:34  INFO          Proyecto: Development/Formacion Information Labs
2026-08-18 10:50:34  INFO          Ya existe en disco, no se descarga de nuevo
2026-08-18 10:50:34  INFO    [178/194] 3. build_a_tree_map_starter (v2)
2026-08-18 10:50:34  INFO          Proyecto: Development/Formacion Information Labs
2026-08-18 10:50:34  INFO          Ya existe en disco, no se descarga de nuevo
2026-08-18 10:50:34  INFO    [179/194] 2.1 build_a_symbol_map_starter (v1)
2026-08-18 10:50:34  INFO          Proyecto: Development/Formacion Information Labs
2026-08-18 10:50:34  INFO          Ya existe en disco, no se descarga de nuevo
2026-08-18 10:50:34  INFO    [180/194] 3. filter_percent_of_sales_starter (v1)
2026-08-18 10:50:34  INFO          Proyecto: Development/Formacion Information Labs
2026-08-18 10:50:34  INFO          Ya existe en disco, no se descarga de nuevo
2026-08-18 10:50:34  INFO    [181/194] 1.  apply_custom_dates_starter (v1)
2026-08-18 10:50:34  INFO          Proyecto: Development/Formacion Information Labs
2026-08-18 10:50:34  INFO          Ya existe en disco, no se descarga de nuevo
2026-08-18 10:50:34  INFO    [182/194] 2.1 create_a_date_calculation_starter (v2)
2026-08-18 10:50:34  INFO          Proyecto: Development/Formacion Information Labs
2026-08-18 10:50:34  INFO          Ya existe en disco, no se descarga de nuevo
2026-08-18 10:50:34  INFO    [183/194] 1. create_a_group_starter (v1)
2026-08-18 10:50:34  INFO          Proyecto: Development/Formacion Information Labs
2026-08-18 10:50:34  INFO          Ya existe en disco, no se descarga de nuevo
2026-08-18 10:50:34  INFO    [184/194] 2.1 Build a combined axis chart started (26092024) (v1)
2026-08-18 10:50:34  INFO          Proyecto: Development/Formacion Information Labs
2026-08-18 10:50:34  INFO          Ya existe en disco, no se descarga de nuevo
2026-08-18 10:50:34  INFO    --- Subiendo lote (184/194 workbooks procesados) ---
2026-08-18 10:50:34  INFO          Sin cambios que subir
2026-08-18 10:50:34  INFO          Lote subido
2026-08-18 10:50:34  INFO          8 version(es) marcadas como subidas en Oracle
2026-08-18 10:50:34  INFO    [185/194] 2. apply_a_rank_table_calculation_starter (v2)
2026-08-18 10:50:34  INFO          Proyecto: Development/Formacion Information Labs
2026-08-18 10:50:34  INFO          Ya existe en disco, no se descarga de nuevo
2026-08-18 10:50:34  INFO    [186/194] 3. build_an_interactive_dashboard_starter (v1)
2026-08-18 10:50:34  INFO          Proyecto: Development/Formacion Information Labs
2026-08-18 10:50:34  INFO          Ya existe en disco, no se descarga de nuevo
2026-08-18 10:50:34  INFO    [187/194] 4. use_a_histogram_to_view_distributions_starter (v2)
2026-08-18 10:50:34  INFO          Proyecto: Development/Formacion Information Labs
2026-08-18 10:50:34  INFO          Ya existe en disco, no se descarga de nuevo
2026-08-18 10:50:34  INFO    [188/194] 1. build_a_combo_chart_starter (v1)
2026-08-18 10:50:34  INFO          Proyecto: Development/Formacion Information Labs
2026-08-18 10:50:34  INFO          Ya existe en disco, no se descarga de nuevo
2026-08-18 10:50:34  INFO    [189/194] 4. use_an_aggregated_dimension_in_a_calculation_starter (v2)
2026-08-18 10:50:34  INFO          Proyecto: Development/Formacion Information Labs
2026-08-18 10:50:34  INFO          Ya existe en disco, no se descarga de nuevo
2026-08-18 10:50:34  INFO    [190/194] 3. build_a_pie_chart_starter (v2)
2026-08-18 10:50:34  INFO          Proyecto: Development/Formacion Information Labs
2026-08-18 10:50:34  INFO          Ya existe en disco, no se descarga de nuevo
2026-08-18 10:50:34  INFO    [191/194] 2. build_a_scatter_plot_starter (v1)
2026-08-18 10:50:34  INFO          Proyecto: Development/Formacion Information Labs
2026-08-18 10:50:34  INFO          Ya existe en disco, no se descarga de nuevo
2026-08-18 10:50:34  INFO    [192/194] 1. Actividad Global Library (v1)
2026-08-18 10:50:34  INFO          Proyecto: Development/Formacion Information Labs
2026-08-18 10:50:34  INFO          Ya existe en disco, no se descarga de nuevo
2026-08-18 10:50:34  INFO    --- Subiendo lote (192/194 workbooks procesados) ---
2026-08-18 10:50:34  INFO          Sin cambios que subir
2026-08-18 10:50:34  INFO          Lote subido
2026-08-18 10:50:35  INFO          8 version(es) marcadas como subidas en Oracle
2026-08-18 10:50:35  INFO    [193/194] 3. create_trend_lines_with_small_multiples_starter (v2)
2026-08-18 10:50:35  INFO          Proyecto: Development/Formacion Information Labs
2026-08-18 10:50:35  INFO          Ya existe en disco, no se descarga de nuevo
2026-08-18 10:50:35  INFO    [194/194] 3. add_two_types_of_reference__lines_starter (v1)
2026-08-18 10:50:35  INFO          Proyecto: Development/Formacion Information Labs
2026-08-18 10:50:35  INFO          Ya existe en disco, no se descarga de nuevo
2026-08-18 10:50:35  INFO    --- Subiendo lote (194/194 workbooks procesados) ---
2026-08-18 10:50:35  INFO          Sin cambios que subir
2026-08-18 10:50:35  INFO          Lote subido
2026-08-18 10:50:35  INFO          2 version(es) marcadas como subidas en Oracle
2026-08-18 10:50:35  INFO  Signed out
2026-08-18 10:50:36  INFO  [8/8] Resumen
2026-08-18 10:50:36  INFO  ============================================================
2026-08-18 10:50:36  INFO  RESUMEN DE LA EJECUCION
2026-08-18 10:50:36  INFO  ============================================================
2026-08-18 10:50:36  INFO  Workbooks con version nueva ... 194
2026-08-18 10:50:36  INFO  Descargados correctamente ..... 194
2026-08-18 10:50:36  INFO  Con error ...................... 0
2026-08-18 10:50:36  INFO  Versiones retiradas ............ 0
2026-08-18 10:50:36  INFO  Lotes subidos a GitHub ......... 25
2026-08-18 10:50:36  INFO  Lotes fallidos ................. 0
2026-08-18 10:50:36  INFO  Tiempo total ................... 17s
2026-08-18 10:50:36  INFO  ============================================================
2026-08-18 10:50:36  INFO  BACKUP COMPLETADO SIN ERRORES
2026-08-18 10:50:36  INFO  ============================================================
2026-08-18 11:04:28  INFO  ============================================================
2026-08-18 11:04:28  INFO  BACKUP TABLEAU -> GITHUB
2026-08-18 11:04:28  INFO  ============================================================
2026-08-18 11:04:28  INFO  Configuracion cargada y validada
2026-08-18 11:04:28  INFO  [1/8] Borrando las listas anteriores
2026-08-18 11:04:28  INFO        Listo
2026-08-18 11:04:28  INFO  [2/8] Consultando Oracle (versionado + lista de descarga)
2026-08-18 11:04:30  INFO        Listas generadas
2026-08-18 11:04:30  INFO  [3/8] Leyendo las listas
2026-08-18 11:04:30  INFO        210 workbooks con version nueva que descargar
2026-08-18 11:04:30  INFO        0 versiones marcadas para retirar de GitHub hoy
2026-08-18 11:04:30  INFO  [4/8] Sincronizacion omitida (modo sin GitHub)
2026-08-18 11:04:30  INFO  [5/8] Preparando la carpeta de descargas
2026-08-18 11:04:30  INFO        Nada que retirar hoy
2026-08-18 11:04:30  INFO  [6/8] Conectando con Tableau
2026-08-18 11:04:30  INFO  Signed into https://dub01.online.tableau.com as user with id ae9b04e0-08c6-4b88-9bb9-595a9d2d1fa3
2026-08-18 11:04:30  INFO        Conectado
2026-08-18 11:04:30  INFO  [7/8] Descargando (sin subir a GitHub)
2026-08-18 11:04:30  INFO    [1/210] Admin Insights Starter (v319)
2026-08-18 11:04:30  INFO          Proyecto: Admin Insights
2026-08-18 11:04:31  INFO  Downloaded workbook revision None to C:\tabcmd\TableauGitHub\Tableau Workbooks\Admin Insights\Admin Insights Starter_v319.twb (ID: cede88a2-52d7-439a-8d72-f16b42a73b89)
2026-08-18 11:04:31  INFO          Descargado (2.1 MB)
2026-08-18 11:04:31  INFO    [2/210] GroupsDescarga (v3)
2026-08-18 11:04:31  INFO          Proyecto: Admin Insights/Control Interno
2026-08-18 11:04:31  INFO  Downloaded workbook revision None to C:\tabcmd\TableauGitHub\Tableau Workbooks\Admin Insights\Control Interno\GroupsDescarga_v3.twb (ID: 0f8d7b9f-d980-4c7a-8b63-5ed717d0b7db)
2026-08-18 11:04:31  INFO          Descargado (0.1 MB)
2026-08-18 11:04:31  INFO    [3/210] AdminInsightsStarter (v1)
2026-08-18 11:04:31  INFO          Proyecto: Admin Insights/Control Interno
2026-08-18 11:04:32  INFO  Downloaded workbook revision None to C:\tabcmd\TableauGitHub\Tableau Workbooks\Admin Insights\Control Interno\AdminInsightsStarter_v1.twb (ID: bc6819cc-7c9f-4145-acf2-ffcbe5d7b032)
2026-08-18 11:04:32  INFO          Descargado (1.7 MB)
2026-08-18 11:04:32  INFO    [4/210] SiteContentDescarga (v4)
2026-08-18 11:04:32  INFO          Proyecto: Admin Insights/Control Interno
2026-08-18 11:04:33  INFO  Downloaded workbook revision None to C:\tabcmd\TableauGitHub\Tableau Workbooks\Admin Insights\Control Interno\SiteContentDescarga_v4.twb (ID: c2059073-84a1-49f9-bcc3-3ed15db2c04a)
2026-08-18 11:04:33  INFO          Descargado (0.3 MB)
2026-08-18 11:04:33  INFO    [5/210] Control (v1)
2026-08-18 11:04:33  INFO          Proyecto: Admin Insights/Control Interno
2026-08-18 11:04:33  INFO  Downloaded workbook revision None to C:\tabcmd\TableauGitHub\Tableau Workbooks\Admin Insights\Control Interno\Control_v1.twbx (ID: 661efd3a-e7cd-4cef-9e5f-0ab0899cd7ae)
2026-08-18 11:04:33  INFO          Descargado (0.1 MB)
2026-08-18 11:04:33  INFO    [6/210] PermissionsDescarga (v4)
2026-08-18 11:04:33  INFO          Proyecto: Admin Insights/Control Interno
2026-08-18 11:04:34  INFO  Downloaded workbook revision None to C:\tabcmd\TableauGitHub\Tableau Workbooks\Admin Insights\Control Interno\PermissionsDescarga_v4.twb (ID: 2b4b8855-e713-4f71-84aa-6619b4ebae6e)
2026-08-18 11:04:34  INFO          Descargado (0.1 MB)
2026-08-18 11:04:34  INFO    [7/210] PlantillaEmpleados (v1)
2026-08-18 11:04:34  INFO          Proyecto: Admin Insights/Control Interno
2026-08-18 11:04:34  INFO  Downloaded workbook revision None to C:\tabcmd\TableauGitHub\Tableau Workbooks\Admin Insights\Control Interno\PlantillaEmpleados_v1.twbx (ID: 37a6df32-2e68-466a-8c1c-987f946c7832)
2026-08-18 11:04:34  INFO          Descargado (0.2 MB)
2026-08-18 11:04:34  INFO    [8/210] Self Service PRO Anonimizado (v2)
2026-08-18 11:04:34  INFO          Proyecto: Admin Insights/Control Interno
2026-08-18 11:06:17  INFO  Downloaded workbook revision None to C:\tabcmd\TableauGitHub\Tableau Workbooks\Admin Insights\Control Interno\Self Service PRO Anonimizado_v2.twbx (ID: 805eabd7-3190-4fa3-bb05-ae64e921c108)
2026-08-18 11:06:17  INFO          Descargado (1230.4 MB)
2026-08-18 11:06:17  INFO    [9/210] Estado_Procesos (v26)
2026-08-18 11:06:17  INFO          Proyecto: Admin Insights/Control Interno
2026-08-18 11:06:17  INFO  Downloaded workbook revision None to C:\tabcmd\TableauGitHub\Tableau Workbooks\Admin Insights\Control Interno\Estado_Procesos_v26.twbx (ID: be60de22-ec56-4896-954a-a934c3b6c6e3)
2026-08-18 11:06:17  INFO          Descargado (0.1 MB)
2026-08-18 11:06:17  INFO    [10/210] TS Event Descarga (v6)
2026-08-18 11:06:17  INFO          Proyecto: Admin Insights/Control Interno
2026-08-18 11:06:18  INFO  Downloaded workbook revision None to C:\tabcmd\TableauGitHub\Tableau Workbooks\Admin Insights\Control Interno\TS Event Descarga_v6.twb (ID: 81a65352-6990-46de-a5fc-5cc1760b1bce)
2026-08-18 11:06:18  INFO          Descargado (0.1 MB)
2026-08-18 11:06:18  INFO    [11/210] SharepointEmployeesList (v1)
2026-08-18 11:06:18  INFO          Proyecto: Admin Insights/Control Interno
2026-08-18 11:06:18  INFO  Downloaded workbook revision None to C:\tabcmd\TableauGitHub\Tableau Workbooks\Admin Insights\Control Interno\SharepointEmployeesList_v1.twbx (ID: cf31ca05-5022-4dd9-a138-b48878efba1f)
2026-08-18 11:06:18  INFO          Descargado (0.1 MB)
2026-08-18 11:06:18  INFO    [12/210] Venta Interna PRO Anonimizado (v2)
2026-08-18 11:06:18  INFO          Proyecto: Admin Insights/Control Interno
2026-08-18 11:07:07  INFO  Downloaded workbook revision None to C:\tabcmd\TableauGitHub\Tableau Workbooks\Admin Insights\Control Interno\Venta Interna PRO Anonimizado_v2.twbx (ID: f10955d1-ca93-423d-9184-1b5ff58d4150)
2026-08-18 11:07:07  INFO          Descargado (601.2 MB)
2026-08-18 11:07:07  INFO    [13/210] Control Grupos, usuarios y actividad (v23)
2026-08-18 11:07:07  INFO          Proyecto: Admin Insights/Control Interno
2026-08-18 11:07:07  INFO  Downloaded workbook revision None to C:\tabcmd\TableauGitHub\Tableau Workbooks\Admin Insights\Control Interno\Control Grupos, usuarios y actividad_v23.twbx (ID: 77f140fc-5acf-4daa-a2b4-0186bd6988fc)
2026-08-18 11:07:07  INFO          Descargado (0.1 MB)
2026-08-18 11:07:07  INFO    [14/210] Control Pedidos (v3)
2026-08-18 11:07:07  INFO          Proyecto: Admin Insights/Control Interno
2026-08-18 11:07:08  INFO  Downloaded workbook revision None to C:\tabcmd\TableauGitHub\Tableau Workbooks\Admin Insights\Control Interno\Control Pedidos_v3.twbx (ID: ceab7fdd-9119-497e-9615-fb869c3fdb06)
2026-08-18 11:07:08  INFO          Descargado (0.1 MB)
2026-08-18 11:07:08  INFO    [15/210] Tableau Volume (v7)
2026-08-18 11:07:08  INFO          Proyecto: Admin Insights/Control Interno
2026-08-18 11:07:08  INFO  Downloaded workbook revision None to C:\tabcmd\TableauGitHub\Tableau Workbooks\Admin Insights\Control Interno\Tableau Volume_v7.twbx (ID: d99d37a4-2441-4e2e-8efb-de7660b31aad)
2026-08-18 11:07:08  INFO          Descargado (0.1 MB)
2026-08-18 11:07:08  INFO    [16/210] Tableau Usage (v24)
2026-08-18 11:07:08  INFO          Proyecto: Admin Insights/Control Interno
2026-08-18 11:07:09  INFO  Downloaded workbook revision None to C:\tabcmd\TableauGitHub\Tableau Workbooks\Admin Insights\Control Interno\Tableau Usage_v24.twbx (ID: 47d4646a-2acb-4a62-bfb0-6d2e68ef908a)
2026-08-18 11:07:09  INFO          Descargado (0.3 MB)
2026-08-18 11:07:09  INFO    [17/210] Home (v244)
2026-08-18 11:07:09  INFO          Proyecto: Production
2026-08-18 11:07:10  INFO  Downloaded workbook revision None to C:\tabcmd\TableauGitHub\Tableau Workbooks\Production\Home_v244.twbx (ID: 42259644-f293-486c-a2d6-d300f43d95bd)
2026-08-18 11:07:10  INFO          Descargado (10.2 MB)
2026-08-18 11:07:10  INFO    [18/210] Pharma Visits Mex (v6)
2026-08-18 11:07:10  INFO          Proyecto: Production/Dashboards/Hexagono
2026-08-18 11:07:11  INFO  Downloaded workbook revision None to C:\tabcmd\TableauGitHub\Tableau Workbooks\Production\Dashboards\Hexagono\Pharma Visits Mex_v6.twbx (ID: 40e78df0-f33c-48ff-97dc-9ea0000fe100)
2026-08-18 11:07:11  INFO          Descargado (0.2 MB)
2026-08-18 11:07:11  INFO    [19/210] Training & Learning (v34)
2026-08-18 11:07:11  INFO          Proyecto: Production/Dashboards/Hexagono
2026-08-18 11:07:11  INFO  Downloaded workbook revision None to C:\tabcmd\TableauGitHub\Tableau Workbooks\Production\Dashboards\Hexagono\Training & Learning_v34.twbx (ID: be6eebd7-44a9-44ce-9576-b47e9206ed78)
2026-08-18 11:07:11  INFO          Descargado (0.2 MB)
2026-08-18 11:07:11  INFO    [20/210] VF Dashboard (v25)
2026-08-18 11:07:11  INFO          Proyecto: Production/Dashboards/Hexagono
2026-08-18 11:07:12  INFO  Downloaded workbook revision None to C:\tabcmd\TableauGitHub\Tableau Workbooks\Production\Dashboards\Hexagono\VF Dashboard_v25.twbx (ID: 3096f322-962d-4f48-8528-8061783c1c7d)
2026-08-18 11:07:12  INFO          Descargado (0.4 MB)
2026-08-18 11:07:12  INFO    [21/210] Digital Marketing PRO (v13)
2026-08-18 11:07:12  INFO          Proyecto: Production/Dashboards/Hexagono
2026-08-18 11:07:13  INFO  Downloaded workbook revision None to C:\tabcmd\TableauGitHub\Tableau Workbooks\Production\Dashboards\Hexagono\Digital Marketing PRO_v13.twbx (ID: dc245705-f8eb-4c64-a5df-1ea0547c2e81)
2026-08-18 11:07:13  INFO          Descargado (0.7 MB)
2026-08-18 11:07:13  INFO    [22/210] Order to Cash PRO (v29)
2026-08-18 11:07:13  INFO          Proyecto: Production/Dashboards/Hexagono
2026-08-18 11:07:14  INFO  Downloaded workbook revision None to C:\tabcmd\TableauGitHub\Tableau Workbooks\Production\Dashboards\Hexagono\Order to Cash PRO_v29.twbx (ID: 9f57b383-b5f5-4e05-a50e-6cdddb41e436)
2026-08-18 11:07:14  INFO          Descargado (0.8 MB)
2026-08-18 11:07:14  INFO    [23/210] Home Hexagon (v13)
2026-08-18 11:07:14  INFO          Proyecto: Production/Dashboards/Hexagono
2026-08-18 11:07:21  INFO  Downloaded workbook revision None to C:\tabcmd\TableauGitHub\Tableau Workbooks\Production\Dashboards\Hexagono\Home Hexagon_v13.twbx (ID: bc103e88-3047-4351-81c2-fcfb35bfcf22)
2026-08-18 11:07:21  INFO          Descargado (41.0 MB)
2026-08-18 11:07:21  INFO    [24/210] Seguimiento Presupuesto (v2)
2026-08-18 11:07:21  INFO          Proyecto: Production/Dashboards/Performance Sell In
2026-08-18 11:07:21  INFO  Downloaded workbook revision None to C:\tabcmd\TableauGitHub\Tableau Workbooks\Production\Dashboards\Performance Sell In\Seguimiento Presupuesto_v2.twbx (ID: 858e6496-45d0-4e05-9dbc-3de7292ba71d)
2026-08-18 11:07:21  INFO          Descargado (0.2 MB)
2026-08-18 11:07:21  INFO    [25/210] Zoom VN (v37)
2026-08-18 11:07:21  INFO          Proyecto: Production/Dashboards/Performance Sell In
2026-08-18 11:07:22  INFO  Downloaded workbook revision None to C:\tabcmd\TableauGitHub\Tableau Workbooks\Production\Dashboards\Performance Sell In\Zoom VN_v37.twbx (ID: 85c2d2f3-8c19-418b-8f49-f722843118eb)
2026-08-18 11:07:22  INFO          Descargado (1.0 MB)
2026-08-18 11:07:22  INFO    [26/210] Daily Net Sales (v9)
2026-08-18 11:07:22  INFO          Proyecto: Production/Dashboards/Performance Sell In
2026-08-18 11:07:23  INFO  Downloaded workbook revision None to C:\tabcmd\TableauGitHub\Tableau Workbooks\Production\Dashboards\Performance Sell In\Daily Net Sales_v9.twbx (ID: 2e6c08cd-9dd9-4da4-bbc7-7931b4195914)
2026-08-18 11:07:23  INFO          Descargado (0.6 MB)
2026-08-18 11:07:23  INFO    [27/210] Seguimiento Performance Sell In (v37)
2026-08-18 11:07:23  INFO          Proyecto: Production/Dashboards/Performance Sell In
2026-08-18 11:07:23  INFO  Downloaded workbook revision None to C:\tabcmd\TableauGitHub\Tableau Workbooks\Production\Dashboards\Performance Sell In\Seguimiento Performance Sell In_v37.twbx (ID: ab8a76c0-45ec-421e-b9b0-aa323c11b6a3)
2026-08-18 11:07:23  INFO          Descargado (0.3 MB)
2026-08-18 11:07:23  INFO    [28/210] Ceco Cuenta (v6)
2026-08-18 11:07:23  INFO          Proyecto: Production/Dashboards/Performance Sell In
2026-08-18 11:07:24  INFO  Downloaded workbook revision None to C:\tabcmd\TableauGitHub\Tableau Workbooks\Production\Dashboards\Performance Sell In\Ceco Cuenta_v6.twbx (ID: f2cffbb5-876b-4103-b8c9-725d987e108d)
2026-08-18 11:07:24  INFO          Descargado (0.1 MB)
2026-08-18 11:07:24  INFO    [29/210] Self Service PRO (v100)
2026-08-18 11:07:24  INFO          Proyecto: Production/Dashboards/Performance Sell In
2026-08-18 11:07:24  INFO  Downloaded workbook revision None to C:\tabcmd\TableauGitHub\Tableau Workbooks\Production\Dashboards\Performance Sell In\Self Service PRO_v100.twbx (ID: 98a98141-404e-494a-a1e3-1dca9e900c54)
2026-08-18 11:07:24  INFO          Descargado (0.4 MB)
2026-08-18 11:07:24  INFO    [30/210] Termometro Ventas Diarias (v46)
2026-08-18 11:07:24  INFO          Proyecto: Production/Dashboards/Performance Sell In
2026-08-18 11:07:25  INFO  Downloaded workbook revision None to C:\tabcmd\TableauGitHub\Tableau Workbooks\Production\Dashboards\Performance Sell In\Termometro Ventas Diarias_v46.twbx (ID: 51d8ca76-1a3e-4fb3-a42f-9365e417f806)
2026-08-18 11:07:25  INFO          Descargado (0.4 MB)
2026-08-18 11:07:25  INFO    [31/210] Venta Interna PRO (v69)
2026-08-18 11:07:25  INFO          Proyecto: Production/Dashboards/Performance Sell In
2026-08-18 11:07:26  INFO  Downloaded workbook revision None to C:\tabcmd\TableauGitHub\Tableau Workbooks\Production\Dashboards\Performance Sell In\Venta Interna PRO_v69.twbx (ID: 04d1a277-9533-4ce9-8616-a7e31fa82da5)
2026-08-18 11:07:26  INFO          Descargado (1.3 MB)
2026-08-18 11:07:26  INFO    [32/210] Zoom Dtos BU (v11)
2026-08-18 11:07:26  INFO          Proyecto: Production/Dashboards/Performance Sell In
2026-08-18 11:07:26  INFO  Downloaded workbook revision None to C:\tabcmd\TableauGitHub\Tableau Workbooks\Production\Dashboards\Performance Sell In\Zoom Dtos BU_v11.twbx (ID: 4c323995-6f47-4c11-b6fb-22a12bd181eb)
2026-08-18 11:07:26  INFO          Descargado (0.5 MB)
2026-08-18 11:07:26  INFO    [33/210] Termometro Ventas Mensuales (v47)
2026-08-18 11:07:26  INFO          Proyecto: Production/Dashboards/Performance Sell In
2026-08-18 11:07:27  INFO  Downloaded workbook revision None to C:\tabcmd\TableauGitHub\Tableau Workbooks\Production\Dashboards\Performance Sell In\Termometro Ventas Mensuales_v47.twbx (ID: 2cffeac7-70bb-474b-90b1-071753995690)
2026-08-18 11:07:27  INFO          Descargado (0.4 MB)
2026-08-18 11:07:27  INFO    [34/210] Venta Interna - YTD (v1)
2026-08-18 11:07:27  INFO          Proyecto: Production/Dashboards/Performance Sell In
2026-08-18 11:07:28  INFO  Downloaded workbook revision None to C:\tabcmd\TableauGitHub\Tableau Workbooks\Production\Dashboards\Performance Sell In\Venta Interna - YTD_v1.twbx (ID: 9b8407f3-0a94-48a3-94a7-62754cbd618d)
2026-08-18 11:07:28  INFO          Descargado (0.4 MB)
2026-08-18 11:07:28  INFO    [35/210] PL (v36)
2026-08-18 11:07:28  INFO          Proyecto: Production/Dashboards/Performance Sell In
2026-08-18 11:07:29  INFO  Downloaded workbook revision None to C:\tabcmd\TableauGitHub\Tableau Workbooks\Production\Dashboards\Performance Sell In\PL_v36.twbx (ID: 91c161b6-c54a-4161-a348-eb0eaab868d1)
2026-08-18 11:07:29  INFO          Descargado (0.8 MB)
2026-08-18 11:07:29  INFO    [36/210] Venta Interna - MTD (v1)
2026-08-18 11:07:29  INFO          Proyecto: Production/Dashboards/Performance Sell In
2026-08-18 11:07:29  INFO  Downloaded workbook revision None to C:\tabcmd\TableauGitHub\Tableau Workbooks\Production\Dashboards\Performance Sell In\Venta Interna - MTD_v1.twbx (ID: ae558d36-888b-4baa-a9f4-96b5ee9bdc24)
2026-08-18 11:07:29  INFO          Descargado (0.4 MB)
2026-08-18 11:07:29  INFO    [37/210] Informe Actividad por Tipo Centro (v24)
2026-08-18 11:07:29  INFO          Proyecto: Production/Dashboards/Ad hoc Reports/BI Local/BI España
2026-08-18 11:07:30  INFO  Downloaded workbook revision None to C:\tabcmd\TableauGitHub\Tableau Workbooks\Production\Dashboards\Ad hoc Reports\BI Local\BI España\Informe Actividad por Tipo Centro_v24.twbx (ID: 43597e46-7f38-47ff-b6d6-5ce2f161e6a0)
2026-08-18 11:07:30  INFO          Descargado (0.1 MB)
2026-08-18 11:07:30  INFO    [38/210] Proyeccion Preventa Heliocare (v5)
2026-08-18 11:07:30  INFO          Proyecto: Production/Dashboards/Ad hoc Reports/BI Local/BI España
2026-08-18 11:07:30  INFO  Downloaded workbook revision None to C:\tabcmd\TableauGitHub\Tableau Workbooks\Production\Dashboards\Ad hoc Reports\BI Local\BI España\Proyeccion Preventa Heliocare_v5.twbx (ID: 50072467-a859-426e-a84b-135f1eed4097)
2026-08-18 11:07:30  INFO          Descargado (0.1 MB)
2026-08-18 11:07:30  INFO    [39/210] Rankings (v69)
2026-08-18 11:07:30  INFO          Proyecto: Production/Dashboards/Ad hoc Reports/BI Local/BI España
2026-08-18 11:07:31  INFO  Downloaded workbook revision None to C:\tabcmd\TableauGitHub\Tableau Workbooks\Production\Dashboards\Ad hoc Reports\BI Local\BI España\Rankings_v69.twbx (ID: fc964802-f146-43f2-9163-b3a86ca7f66d)
2026-08-18 11:07:31  INFO          Descargado (0.4 MB)
2026-08-18 11:07:31  INFO    [40/210] Analisis por Tipo Venta (v18)
2026-08-18 11:07:31  INFO          Proyecto: Production/Dashboards/Ad hoc Reports/BI Local/BI España
2026-08-18 11:07:32  INFO  Downloaded workbook revision None to C:\tabcmd\TableauGitHub\Tableau Workbooks\Production\Dashboards\Ad hoc Reports\BI Local\BI España\Analisis por Tipo Venta_v18.twbx (ID: bd742d87-1c1f-4079-9bba-aac6472b44e5)
2026-08-18 11:07:32  INFO          Descargado (0.1 MB)
2026-08-18 11:07:32  INFO    [41/210] CdM Informes Delegado (v59)
2026-08-18 11:07:32  INFO          Proyecto: Production/Dashboards/Ad hoc Reports/BI Local/BI España
2026-08-18 11:07:32  INFO  Downloaded workbook revision None to C:\tabcmd\TableauGitHub\Tableau Workbooks\Production\Dashboards\Ad hoc Reports\BI Local\BI España\CdM Informes Delegado_v59.twbx (ID: f30dfe94-7b18-4d30-94cd-77fede4610ba)
2026-08-18 11:07:32  INFO          Descargado (0.3 MB)
2026-08-18 11:07:32  INFO    [42/210] CdM Area Clientes (v349)
2026-08-18 11:07:32  INFO          Proyecto: Production/Dashboards/Ad hoc Reports/BI Local/BI España
2026-08-18 11:07:34  INFO  Downloaded workbook revision None to C:\tabcmd\TableauGitHub\Tableau Workbooks\Production\Dashboards\Ad hoc Reports\BI Local\BI España\CdM Area Clientes_v349.twbx (ID: dba0dffd-11b5-44e9-8cb6-6f2ebac65bec)
2026-08-18 11:07:34  INFO          Descargado (1.8 MB)
2026-08-18 11:07:34  INFO    [43/210] CdM Rankings-Area Clientes (v28)
2026-08-18 11:07:34  INFO          Proyecto: Production/Dashboards/Ad hoc Reports/BI Local/BI España
2026-08-18 11:07:35  INFO  Downloaded workbook revision None to C:\tabcmd\TableauGitHub\Tableau Workbooks\Production\Dashboards\Ad hoc Reports\BI Local\BI España\CdM Rankings-Area Clientes_v28.twbx (ID: 15a938d8-cd10-4f27-ae70-fdd460bb12ad)
2026-08-18 11:07:35  INFO          Descargado (0.6 MB)
2026-08-18 11:07:35  INFO    [44/210] CdM PLUS Incentivos (v111)
2026-08-18 11:07:35  INFO          Proyecto: Production/Dashboards/Ad hoc Reports/BI Local/BI España
2026-08-18 11:07:36  INFO  Downloaded workbook revision None to C:\tabcmd\TableauGitHub\Tableau Workbooks\Production\Dashboards\Ad hoc Reports\BI Local\BI España\CdM PLUS Incentivos_v111.twbx (ID: f464faa1-5ca4-45e6-9c54-6a3d727e82b3)
2026-08-18 11:07:36  INFO          Descargado (1.7 MB)
2026-08-18 11:07:36  INFO    [45/210] CdM Matrices (v94)
2026-08-18 11:07:36  INFO          Proyecto: Production/Dashboards/Ad hoc Reports/BI Local/BI España
2026-08-18 11:07:36  INFO  Downloaded workbook revision None to C:\tabcmd\TableauGitHub\Tableau Workbooks\Production\Dashboards\Ad hoc Reports\BI Local\BI España\CdM Matrices_v94.twbx (ID: b625f02e-d6b4-42ef-b494-2e7fc656c9a5)
2026-08-18 11:07:36  INFO          Descargado (0.3 MB)
2026-08-18 11:07:36  INFO    [46/210] CdM Venta Interna (v235)
2026-08-18 11:07:36  INFO          Proyecto: Production/Dashboards/Ad hoc Reports/BI Local/BI España
2026-08-18 11:07:37  INFO  Downloaded workbook revision None to C:\tabcmd\TableauGitHub\Tableau Workbooks\Production\Dashboards\Ad hoc Reports\BI Local\BI España\CdM Venta Interna_v235.twbx (ID: 2ac5c118-f0e1-4880-b032-2d4884bc3af8)
2026-08-18 11:07:37  INFO          Descargado (1.7 MB)
2026-08-18 11:07:38  INFO    [47/210] IAD Salesforce (v113)
2026-08-18 11:07:38  INFO          Proyecto: Production/Dashboards/Ad hoc Reports/BI Local/BI España
2026-08-18 11:07:38  INFO  Downloaded workbook revision None to C:\tabcmd\TableauGitHub\Tableau Workbooks\Production\Dashboards\Ad hoc Reports\BI Local\BI España\IAD Salesforce_v113.twbx (ID: bf648395-3fae-48e4-8d58-6f7fd04867b6)
2026-08-18 11:07:38  INFO          Descargado (0.4 MB)
2026-08-18 11:07:38  INFO    [48/210] Informe Provision Rappel (v36)
2026-08-18 11:07:38  INFO          Proyecto: Production/Dashboards/Ad hoc Reports/BI Local/BI España
2026-08-18 11:07:38  INFO  Downloaded workbook revision None to C:\tabcmd\TableauGitHub\Tableau Workbooks\Production\Dashboards\Ad hoc Reports\BI Local\BI España\Informe Provision Rappel_v36.twbx (ID: 3135aa9b-d239-48f9-bfe2-97f8b66635d3)
2026-08-18 11:07:38  INFO          Descargado (0.1 MB)
2026-08-18 11:07:38  INFO    [49/210] CdM Unidades Regulatorio (v7)
2026-08-18 11:07:38  INFO          Proyecto: Production/Dashboards/Ad hoc Reports/BI Local/BI España
2026-08-18 11:07:39  INFO  Downloaded workbook revision None to C:\tabcmd\TableauGitHub\Tableau Workbooks\Production\Dashboards\Ad hoc Reports\BI Local\BI España\CdM Unidades Regulatorio_v7.twbx (ID: 0a5cdc3e-306c-44af-9ef5-768f99f4a263)
2026-08-18 11:07:39  INFO          Descargado (0.1 MB)
2026-08-18 11:07:39  INFO    [50/210] CdM Sell out (v62)
2026-08-18 11:07:39  INFO          Proyecto: Production/Dashboards/Ad hoc Reports/BI Local/BI España
2026-08-18 11:07:39  INFO  Downloaded workbook revision None to C:\tabcmd\TableauGitHub\Tableau Workbooks\Production\Dashboards\Ad hoc Reports\BI Local\BI España\CdM Sell out_v62.twbx (ID: 7b98ed27-cf90-40ea-a086-a67959bcba8e)
2026-08-18 11:07:39  INFO          Descargado (0.4 MB)
2026-08-18 11:07:39  INFO    [51/210] CdM AP Incentivos (v25)
2026-08-18 11:07:39  INFO          Proyecto: Production/Dashboards/Ad hoc Reports/BI Local/BI España
2026-08-18 11:07:40  INFO  Downloaded workbook revision None to C:\tabcmd\TableauGitHub\Tableau Workbooks\Production\Dashboards\Ad hoc Reports\BI Local\BI España\CdM AP Incentivos_v25.twbx (ID: d267ca43-03cf-4ab1-8482-ab4c037b85fa)
2026-08-18 11:07:40  INFO          Descargado (0.2 MB)
2026-08-18 11:07:40  INFO    [52/210] KPIs Estrategicos (v6)
2026-08-18 11:07:40  INFO          Proyecto: Production/Dashboards/Ad hoc Reports/BI Local/BI España
2026-08-18 11:07:41  INFO  Downloaded workbook revision None to C:\tabcmd\TableauGitHub\Tableau Workbooks\Production\Dashboards\Ad hoc Reports\BI Local\BI España\KPIs Estrategicos_v6.twbx (ID: 1afab344-4948-4955-9a8d-339dfc574894)
2026-08-18 11:07:41  INFO          Descargado (0.4 MB)
2026-08-18 11:07:41  INFO    [53/210] CdM Clientes - Filtro Facturacion (v31)
2026-08-18 11:07:41  INFO          Proyecto: Production/Dashboards/Ad hoc Reports/BI Local/BI España
2026-08-18 11:07:42  INFO  Downloaded workbook revision None to C:\tabcmd\TableauGitHub\Tableau Workbooks\Production\Dashboards\Ad hoc Reports\BI Local\BI España\CdM Clientes - Filtro Facturacion_v31.twbx (ID: b70062b9-8ad6-4c22-a875-bc4e16df3a58)
2026-08-18 11:07:42  INFO          Descargado (0.4 MB)
2026-08-18 11:07:42  INFO    [54/210] Estrategia Ciclo (v24)
2026-08-18 11:07:42  INFO          Proyecto: Production/Dashboards/Ad hoc Reports/BI Local/BI España
2026-08-18 11:07:42  INFO  Downloaded workbook revision None to C:\tabcmd\TableauGitHub\Tableau Workbooks\Production\Dashboards\Ad hoc Reports\BI Local\BI España\Estrategia Ciclo_v24.twbx (ID: 00814ae0-b0b6-44aa-abfc-aff5be99d374)
2026-08-18 11:07:42  INFO          Descargado (0.2 MB)
2026-08-18 11:07:42  INFO    [55/210] CdM Red Select Ejecutivo (v59)
2026-08-18 11:07:42  INFO          Proyecto: Production/Dashboards/Ad hoc Reports/BI Local/BI España
2026-08-18 11:07:43  INFO  Downloaded workbook revision None to C:\tabcmd\TableauGitHub\Tableau Workbooks\Production\Dashboards\Ad hoc Reports\BI Local\BI España\CdM Red Select Ejecutivo_v59.twbx (ID: 4cdc883b-254e-4d3c-a548-57cbade4a3e8)
2026-08-18 11:07:43  INFO          Descargado (1.6 MB)
2026-08-18 11:07:43  INFO    [56/210] Seguimiento Acuerdos Comerciales (v34)
2026-08-18 11:07:43  INFO          Proyecto: Production/Dashboards/Ad hoc Reports/BI Local/BI España
2026-08-18 11:07:44  INFO  Downloaded workbook revision None to C:\tabcmd\TableauGitHub\Tableau Workbooks\Production\Dashboards\Ad hoc Reports\BI Local\BI España\Seguimiento Acuerdos Comerciales_v34.twbx (ID: 4c3a98a8-964d-4af6-b6ac-eee7d2b82b34)
2026-08-18 11:07:44  INFO          Descargado (0.4 MB)
2026-08-18 11:07:44  INFO    [57/210] CdM Gastos Red Comercial (v27)
2026-08-18 11:07:44  INFO          Proyecto: Production/Dashboards/Ad hoc Reports/BI Local/BI España
2026-08-18 11:07:44  INFO  Downloaded workbook revision None to C:\tabcmd\TableauGitHub\Tableau Workbooks\Production\Dashboards\Ad hoc Reports\BI Local\BI España\CdM Gastos Red Comercial_v27.twbx (ID: 90345dd6-36be-4e67-95cf-d58808bbd346)
2026-08-18 11:07:44  INFO          Descargado (0.2 MB)
2026-08-18 11:07:44  INFO    [58/210] CdM Campañas (v30)
2026-08-18 11:07:44  INFO          Proyecto: Production/Dashboards/Ad hoc Reports/BI Local/BI España
2026-08-18 11:07:45  INFO  Downloaded workbook revision None to C:\tabcmd\TableauGitHub\Tableau Workbooks\Production\Dashboards\Ad hoc Reports\BI Local\BI España\CdM Campañas_v30.twbx (ID: a5722517-6d85-4a14-8e3d-19db8e940149)
2026-08-18 11:07:45  INFO          Descargado (0.2 MB)
2026-08-18 11:07:45  INFO    [59/210] Analisis Importe Pendiente (v11)
2026-08-18 11:07:45  INFO          Proyecto: Production/Dashboards/Ad hoc Reports/BI Local/BI España
2026-08-18 11:07:45  INFO  Downloaded workbook revision None to C:\tabcmd\TableauGitHub\Tableau Workbooks\Production\Dashboards\Ad hoc Reports\BI Local\BI España\Analisis Importe Pendiente_v11.twbx (ID: cb328a90-df69-4062-9fc9-505398b6e3aa)
2026-08-18 11:07:45  INFO          Descargado (0.1 MB)
2026-08-18 11:07:45  INFO    [60/210] CdM CARE Incentivos (v21)
2026-08-18 11:07:45  INFO          Proyecto: Production/Dashboards/Ad hoc Reports/BI Local/BI España
2026-08-18 11:07:46  INFO  Downloaded workbook revision None to C:\tabcmd\TableauGitHub\Tableau Workbooks\Production\Dashboards\Ad hoc Reports\BI Local\BI España\CdM CARE Incentivos_v21.twbx (ID: 12ec4ee6-057d-46ec-b510-a821864c9068)
2026-08-18 11:07:46  INFO          Descargado (1.8 MB)
2026-08-18 11:07:46  INFO    [61/210] Informe Clientes sin Venta (con Prop.) (v3)
2026-08-18 11:07:46  INFO          Proyecto: Production/Dashboards/Ad hoc Reports/BI Local/BI España
2026-08-18 11:07:47  INFO  Downloaded workbook revision None to C:\tabcmd\TableauGitHub\Tableau Workbooks\Production\Dashboards\Ad hoc Reports\BI Local\BI España\Informe Clientes sin Venta (con Prop.)_v3.twbx (ID: 320b2fc5-f53a-41b7-b63d-6c64aa5b7c8b)
2026-08-18 11:07:47  INFO          Descargado (0.1 MB)
2026-08-18 11:07:47  INFO    [62/210] CdM DERM Incentivos (v90)
2026-08-18 11:07:47  INFO          Proyecto: Production/Dashboards/Ad hoc Reports/BI Local/BI España
2026-08-18 11:07:47  INFO  Downloaded workbook revision None to C:\tabcmd\TableauGitHub\Tableau Workbooks\Production\Dashboards\Ad hoc Reports\BI Local\BI España\CdM DERM Incentivos_v90.twbx (ID: ce639af7-d263-4d26-b73a-f49647bfe20e)
2026-08-18 11:07:47  INFO          Descargado (1.8 MB)
2026-08-18 11:07:47  INFO    [63/210] CdM COACH Incentivos (v58)
2026-08-18 11:07:47  INFO          Proyecto: Production/Dashboards/Ad hoc Reports/BI Local/BI España
2026-08-18 11:07:48  INFO  Downloaded workbook revision None to C:\tabcmd\TableauGitHub\Tableau Workbooks\Production\Dashboards\Ad hoc Reports\BI Local\BI España\CdM COACH Incentivos_v58.twbx (ID: ddd99cd0-51a5-40d3-9f9d-d3af13ea88a8)
2026-08-18 11:07:48  INFO          Descargado (1.6 MB)
2026-08-18 11:07:48  INFO    [64/210] Uds Proyectadas (v39)
2026-08-18 11:07:48  INFO          Proyecto: Production/Dashboards/Ad hoc Reports/BI Local/BI España
2026-08-18 11:07:48  INFO  Downloaded workbook revision None to C:\tabcmd\TableauGitHub\Tableau Workbooks\Production\Dashboards\Ad hoc Reports\BI Local\BI España\Uds Proyectadas_v39.twbx (ID: b3d517bb-c60c-4610-84db-88c4233302b1)
2026-08-18 11:07:48  INFO          Descargado (0.3 MB)
2026-08-18 11:07:48  INFO    [65/210] CdM Redención (v61)
2026-08-18 11:07:48  INFO          Proyecto: Production/Dashboards/Ad hoc Reports/BI Local/BI España
2026-08-18 11:07:49  INFO  Downloaded workbook revision None to C:\tabcmd\TableauGitHub\Tableau Workbooks\Production\Dashboards\Ad hoc Reports\BI Local\BI España\CdM Redención_v61.twbx (ID: 439cd2fe-05ef-41f0-ab0a-1b0f74af84a9)
2026-08-18 11:07:49  INFO          Descargado (0.1 MB)
2026-08-18 11:07:49  INFO    [66/210] CdM NEO Incentivos (v84)
2026-08-18 11:07:49  INFO          Proyecto: Production/Dashboards/Ad hoc Reports/BI Local/BI España
2026-08-18 11:07:50  INFO  Downloaded workbook revision None to C:\tabcmd\TableauGitHub\Tableau Workbooks\Production\Dashboards\Ad hoc Reports\BI Local\BI España\CdM NEO Incentivos_v84.twbx (ID: 8ac5d362-9c0d-4244-a198-ce0d6d39231f)
2026-08-18 11:07:50  INFO          Descargado (1.7 MB)
2026-08-18 11:07:50  INFO    [67/210] CdM Preventas (v52)
2026-08-18 11:07:50  INFO          Proyecto: Production/Dashboards/Ad hoc Reports/BI Local/BI España
2026-08-18 11:07:50  INFO  Downloaded workbook revision None to C:\tabcmd\TableauGitHub\Tableau Workbooks\Production\Dashboards\Ad hoc Reports\BI Local\BI España\CdM Preventas_v52.twbx (ID: 7653d326-194d-49e3-a420-7b055c4e8d7b)
2026-08-18 11:07:50  INFO          Descargado (0.3 MB)
2026-08-18 11:07:50  INFO    [68/210] CdM Tarifa de Precios y Uds Caja (v26)
2026-08-18 11:07:50  INFO          Proyecto: Production/Dashboards/Ad hoc Reports/BI Local/BI España
2026-08-18 11:07:51  INFO  Downloaded workbook revision None to C:\tabcmd\TableauGitHub\Tableau Workbooks\Production\Dashboards\Ad hoc Reports\BI Local\BI España\CdM Tarifa de Precios y Uds Caja_v26.twbx (ID: efa77e7b-0174-49e8-8aae-dfed2792178c)
2026-08-18 11:07:51  INFO          Descargado (0.2 MB)
2026-08-18 11:07:51  INFO    [69/210] Analisis de Mercados (v35)
2026-08-18 11:07:51  INFO          Proyecto: Production/Dashboards/Ad hoc Reports/BI Local/BI España
2026-08-18 11:07:51  INFO  Downloaded workbook revision None to C:\tabcmd\TableauGitHub\Tableau Workbooks\Production\Dashboards\Ad hoc Reports\BI Local\BI España\Analisis de Mercados_v35.twbx (ID: a9fe61ee-38b8-48a4-8db7-98d8defdd0eb)
2026-08-18 11:07:51  INFO          Descargado (0.2 MB)
2026-08-18 11:07:51  INFO    [70/210] Seguridad Dashboards (v12)
2026-08-18 11:07:51  INFO          Proyecto: Production/Dashboards/Ad hoc Reports/BI Local/BI España
2026-08-18 11:07:51  INFO  Downloaded workbook revision None to C:\tabcmd\TableauGitHub\Tableau Workbooks\Production\Dashboards\Ad hoc Reports\BI Local\BI España\Seguridad Dashboards_v12.twbx (ID: d309987f-e081-4c52-9c0f-d3d540c170eb)
2026-08-18 11:07:51  INFO          Descargado (0.2 MB)
2026-08-18 11:07:51  INFO    [71/210] CdM Integral - Actividad (v131)
2026-08-18 11:07:51  INFO          Proyecto: Production/Dashboards/Ad hoc Reports/BI Local/BI España
2026-08-18 11:07:52  INFO  Downloaded workbook revision None to C:\tabcmd\TableauGitHub\Tableau Workbooks\Production\Dashboards\Ad hoc Reports\BI Local\BI España\CdM Integral - Actividad_v131.twbx (ID: 49f7ffd7-4cf9-4a4e-972d-107fb0a2d371)
2026-08-18 11:07:52  INFO          Descargado (0.9 MB)
2026-08-18 11:07:52  INFO    [72/210] CdM Matrices Cosm (v13)
2026-08-18 11:07:52  INFO          Proyecto: Production/Dashboards/Ad hoc Reports/BI Local/BI España
2026-08-18 11:07:53  INFO  Downloaded workbook revision None to C:\tabcmd\TableauGitHub\Tableau Workbooks\Production\Dashboards\Ad hoc Reports\BI Local\BI España\CdM Matrices Cosm_v13.twbx (ID: 8b575faa-1276-41b2-ae79-2ece5f5b9429)
2026-08-18 11:07:53  INFO          Descargado (0.2 MB)
2026-08-18 11:07:53  INFO    [73/210] Analisis Packs (v13)
2026-08-18 11:07:53  INFO          Proyecto: Production/Dashboards/Ad hoc Reports/BI Local/BI España
2026-08-18 11:07:53  INFO  Downloaded workbook revision None to C:\tabcmd\TableauGitHub\Tableau Workbooks\Production\Dashboards\Ad hoc Reports\BI Local\BI España\Analisis Packs_v13.twbx (ID: 8b340c1b-5d4f-44d3-aef2-77219dc7a7ae)
2026-08-18 11:07:53  INFO          Descargado (0.2 MB)
2026-08-18 11:07:53  INFO    [74/210] CdM Area Clientes Self Service (v115)
2026-08-18 11:07:53  INFO          Proyecto: Production/Dashboards/Ad hoc Reports/BI Local/BI España
2026-08-18 11:07:54  INFO  Downloaded workbook revision None to C:\tabcmd\TableauGitHub\Tableau Workbooks\Production\Dashboards\Ad hoc Reports\BI Local\BI España\CdM Area Clientes Self Service_v115.twbx (ID: 7644ed0c-6122-449b-8d7f-cf33049e9d71)
2026-08-18 11:07:54  INFO          Descargado (0.4 MB)
2026-08-18 11:07:54  INFO    [75/210] Presupuesto Internas (v34)
2026-08-18 11:07:54  INFO          Proyecto: Production/Dashboards/Ad hoc Reports/BI Local/BI España
2026-08-18 11:07:55  INFO  Downloaded workbook revision None to C:\tabcmd\TableauGitHub\Tableau Workbooks\Production\Dashboards\Ad hoc Reports\BI Local\BI España\Presupuesto Internas_v34.twbx (ID: 530c2476-9f18-49a6-9c76-abcfc60304fa)
2026-08-18 11:07:55  INFO          Descargado (0.2 MB)
2026-08-18 11:07:55  INFO    [76/210] Informe Incentivos Cobrados (v6)
2026-08-18 11:07:55  INFO          Proyecto: Production/Dashboards/Ad hoc Reports/BI Local/BI España
2026-08-18 11:07:55  INFO  Downloaded workbook revision None to C:\tabcmd\TableauGitHub\Tableau Workbooks\Production\Dashboards\Ad hoc Reports\BI Local\BI España\Informe Incentivos Cobrados_v6.twbx (ID: 0f6b157a-62a0-4903-a1c2-d20a82f2a43c)
2026-08-18 11:07:55  INFO          Descargado (0.1 MB)
2026-08-18 11:07:55  INFO    [77/210] CdM SKIN Incentivos (v85)
2026-08-18 11:07:55  INFO          Proyecto: Production/Dashboards/Ad hoc Reports/BI Local/BI España
2026-08-18 11:07:56  INFO  Downloaded workbook revision None to C:\tabcmd\TableauGitHub\Tableau Workbooks\Production\Dashboards\Ad hoc Reports\BI Local\BI España\CdM SKIN Incentivos_v85.twbx (ID: eaf84fef-7f97-463a-b4d8-f18d31dc6ddc)
2026-08-18 11:07:56  INFO          Descargado (1.7 MB)
2026-08-18 11:07:56  INFO    [78/210] CdM Select Self Service (v24)
2026-08-18 11:07:56  INFO          Proyecto: Production/Dashboards/Ad hoc Reports/BI Local/BI España
2026-08-18 11:07:56  INFO  Downloaded workbook revision None to C:\tabcmd\TableauGitHub\Tableau Workbooks\Production\Dashboards\Ad hoc Reports\BI Local\BI España\CdM Select Self Service_v24.twbx (ID: 0ca38d57-3efc-4051-a26c-16e4934f5ec6)
2026-08-18 11:07:56  INFO          Descargado (0.3 MB)
2026-08-18 11:07:56  INFO    [79/210] CdM Integral Self Service AA (v58)
2026-08-18 11:07:56  INFO          Proyecto: Production/Dashboards/Ad hoc Reports/BI Local/BI España
2026-08-18 11:07:57  INFO  Downloaded workbook revision None to C:\tabcmd\TableauGitHub\Tableau Workbooks\Production\Dashboards\Ad hoc Reports\BI Local\BI España\CdM Integral Self Service AA_v58.twbx (ID: 85581bce-8429-40e8-a643-05dfb61709ea)
2026-08-18 11:07:57  INFO          Descargado (0.3 MB)
2026-08-18 11:07:57  INFO    [80/210] CdM Incentivos Global (v16)
2026-08-18 11:07:57  INFO          Proyecto: Production/Dashboards/Ad hoc Reports/BI Local/BI España
2026-08-18 11:07:58  INFO  Downloaded workbook revision None to C:\tabcmd\TableauGitHub\Tableau Workbooks\Production\Dashboards\Ad hoc Reports\BI Local\BI España\CdM Incentivos Global_v16.twbx (ID: 6dd68259-d8e8-4ba8-8322-bb7c9edcf2d7)
2026-08-18 11:07:58  INFO          Descargado (0.2 MB)
2026-08-18 11:07:58  INFO    [81/210] Auditoria Cod JDE - Cod SF (v9)
2026-08-18 11:07:58  INFO          Proyecto: Production/Dashboards/Ad hoc Reports/BI Local/BI España/Informes Automaticos
2026-08-18 11:07:58  INFO  Downloaded workbook revision None to C:\tabcmd\TableauGitHub\Tableau Workbooks\Production\Dashboards\Ad hoc Reports\BI Local\BI España\Informes Automaticos\Auditoria Cod JDE - Cod SF_v9.twbx (ID: fec0c86c-b25a-4900-a56b-32f53f815254)
2026-08-18 11:07:58  INFO          Descargado (0.2 MB)
2026-08-18 11:07:58  INFO    [82/210] CdM SRI Producto Agrupado YTD (v3)
2026-08-18 11:07:58  INFO          Proyecto: Production/Dashboards/Ad hoc Reports/BI Local/BI España/Informes Automaticos
2026-08-18 11:07:59  INFO  Downloaded workbook revision None to C:\tabcmd\TableauGitHub\Tableau Workbooks\Production\Dashboards\Ad hoc Reports\BI Local\BI España\Informes Automaticos\CdM SRI Producto Agrupado YTD_v3.twbx (ID: 6c3624ba-8ae6-47e1-88f5-739c4654d82c)
2026-08-18 11:07:59  INFO          Descargado (0.5 MB)
2026-08-18 11:07:59  INFO    [83/210] CdM Venta Interna Detalle Marca MTD (v5)
2026-08-18 11:07:59  INFO          Proyecto: Production/Dashboards/Ad hoc Reports/BI Local/BI España/Informes Automaticos
2026-08-18 11:07:59  INFO  Downloaded workbook revision None to C:\tabcmd\TableauGitHub\Tableau Workbooks\Production\Dashboards\Ad hoc Reports\BI Local\BI España\Informes Automaticos\CdM Venta Interna Detalle Marca MTD_v5.twbx (ID: ca8187f9-b57d-40cb-9481-32de862bfa70)
2026-08-18 11:07:59  INFO          Descargado (0.5 MB)
2026-08-18 11:07:59  INFO    [84/210] CdM Venta Interna Detalle Producto Agrupado YTD (v6)
2026-08-18 11:07:59  INFO          Proyecto: Production/Dashboards/Ad hoc Reports/BI Local/BI España/Informes Automaticos
2026-08-18 11:08:00  INFO  Downloaded workbook revision None to C:\tabcmd\TableauGitHub\Tableau Workbooks\Production\Dashboards\Ad hoc Reports\BI Local\BI España\Informes Automaticos\CdM Venta Interna Detalle Producto Agrupado YTD_v6.twbx (ID: 8e73ef4d-70cb-4273-8b03-b5a099a5d88f)
2026-08-18 11:08:00  INFO          Descargado (0.5 MB)
2026-08-18 11:08:00  INFO    [85/210] CdM SRI Marca YTD (v3)
2026-08-18 11:08:00  INFO          Proyecto: Production/Dashboards/Ad hoc Reports/BI Local/BI España/Informes Automaticos
2026-08-18 11:08:00  INFO  Downloaded workbook revision None to C:\tabcmd\TableauGitHub\Tableau Workbooks\Production\Dashboards\Ad hoc Reports\BI Local\BI España\Informes Automaticos\CdM SRI Marca YTD_v3.twbx (ID: 23042a04-c6e7-4025-8d16-ca2aa34fb054)
2026-08-18 11:08:00  INFO          Descargado (0.5 MB)
2026-08-18 11:08:00  INFO    [86/210] CdM Venta Interna Detalle Marca YTD (v10)
2026-08-18 11:08:00  INFO          Proyecto: Production/Dashboards/Ad hoc Reports/BI Local/BI España/Informes Automaticos
2026-08-18 11:08:01  INFO  Downloaded workbook revision None to C:\tabcmd\TableauGitHub\Tableau Workbooks\Production\Dashboards\Ad hoc Reports\BI Local\BI España\Informes Automaticos\CdM Venta Interna Detalle Marca YTD_v10.twbx (ID: 56a0a900-531c-4810-ba13-21d94f2cd08c)
2026-08-18 11:08:01  INFO          Descargado (0.5 MB)
2026-08-18 11:08:01  INFO    [87/210] CdM SRI Producto Agrupado MTD (v2)
2026-08-18 11:08:01  INFO          Proyecto: Production/Dashboards/Ad hoc Reports/BI Local/BI España/Informes Automaticos
2026-08-18 11:08:02  INFO  Downloaded workbook revision None to C:\tabcmd\TableauGitHub\Tableau Workbooks\Production\Dashboards\Ad hoc Reports\BI Local\BI España\Informes Automaticos\CdM SRI Producto Agrupado MTD_v2.twbx (ID: 5a70f7b6-81d2-4d25-ae63-5d122ca3cdb3)
2026-08-18 11:08:02  INFO          Descargado (0.5 MB)
2026-08-18 11:08:02  INFO    [88/210] CdM Venta Interna Detalle Producto Agrupado MTD (v5)
2026-08-18 11:08:02  INFO          Proyecto: Production/Dashboards/Ad hoc Reports/BI Local/BI España/Informes Automaticos
2026-08-18 11:08:02  INFO  Downloaded workbook revision None to C:\tabcmd\TableauGitHub\Tableau Workbooks\Production\Dashboards\Ad hoc Reports\BI Local\BI España\Informes Automaticos\CdM Venta Interna Detalle Producto Agrupado MTD_v5.twbx (ID: c38c8894-0c75-45a0-a7cb-c0feaf5cce02)
2026-08-18 11:08:02  INFO          Descargado (0.5 MB)
2026-08-18 11:08:02  INFO    [89/210] CdM SRI Marca MTD (v2)
2026-08-18 11:08:02  INFO          Proyecto: Production/Dashboards/Ad hoc Reports/BI Local/BI España/Informes Automaticos
2026-08-18 11:08:03  INFO  Downloaded workbook revision None to C:\tabcmd\TableauGitHub\Tableau Workbooks\Production\Dashboards\Ad hoc Reports\BI Local\BI España\Informes Automaticos\CdM SRI Marca MTD_v2.twbx (ID: f2917c3d-565d-400f-9aeb-b265055ac158)
2026-08-18 11:08:03  INFO          Descargado (0.5 MB)
2026-08-18 11:08:03  INFO    [90/210] CdM Clinics Visits - 2024 (v7)
2026-08-18 11:08:03  INFO          Proyecto: Production/Dashboards/Ad hoc Reports/BI Local/BI Portugal
2026-08-18 11:08:03  INFO  Downloaded workbook revision None to C:\tabcmd\TableauGitHub\Tableau Workbooks\Production\Dashboards\Ad hoc Reports\BI Local\BI Portugal\CdM Clinics Visits - 2024_v7.twbx (ID: 18ec46ff-27d9-409c-b4bd-fc3fb7e82160)
2026-08-18 11:08:03  INFO          Descargado (0.2 MB)
2026-08-18 11:08:03  INFO    [91/210] Cdm Sellin (v95)
2026-08-18 11:08:03  INFO          Proyecto: Production/Dashboards/Ad hoc Reports/BI Local/BI Portugal
2026-08-18 11:08:05  INFO  Downloaded workbook revision None to C:\tabcmd\TableauGitHub\Tableau Workbooks\Production\Dashboards\Ad hoc Reports\BI Local\BI Portugal\Cdm Sellin_v95.twbx (ID: 1ecb1192-e6e9-483f-94c9-d359122a7b05)
2026-08-18 11:08:05  INFO          Descargado (0.8 MB)
2026-08-18 11:08:05  INFO    [92/210] Rankings (v27)
2026-08-18 11:08:05  INFO          Proyecto: Production/Dashboards/Ad hoc Reports/BI Local/BI Portugal
2026-08-18 11:08:05  INFO  Downloaded workbook revision None to C:\tabcmd\TableauGitHub\Tableau Workbooks\Production\Dashboards\Ad hoc Reports\BI Local\BI Portugal\Rankings_v27.twbx (ID: d89b5d93-bd58-4ecb-81bb-f4109412dfcc)
2026-08-18 11:08:05  INFO          Descargado (0.4 MB)
2026-08-18 11:08:05  INFO    [93/210] Report Portugal (v11)
2026-08-18 11:08:05  INFO          Proyecto: Production/Dashboards/Ad hoc Reports/BI Local/BI Portugal
2026-08-18 11:08:06  INFO  Downloaded workbook revision None to C:\tabcmd\TableauGitHub\Tableau Workbooks\Production\Dashboards\Ad hoc Reports\BI Local\BI Portugal\Report Portugal_v11.twbx (ID: befc7a54-894c-4ae4-b9d8-aa0ae7326178)
2026-08-18 11:08:06  INFO          Descargado (0.3 MB)
2026-08-18 11:08:06  INFO    [94/210] CdM Pharmacy Visits (v23)
2026-08-18 11:08:06  INFO          Proyecto: Production/Dashboards/Ad hoc Reports/BI Local/BI Portugal
2026-08-18 11:08:07  INFO  Downloaded workbook revision None to C:\tabcmd\TableauGitHub\Tableau Workbooks\Production\Dashboards\Ad hoc Reports\BI Local\BI Portugal\CdM Pharmacy Visits_v23.twbx (ID: 61fecdef-dd00-4579-a32d-c6d32776214e)
2026-08-18 11:08:07  INFO          Descargado (0.3 MB)
2026-08-18 11:08:07  INFO    [95/210] CdM Clinics Visits (v82)
2026-08-18 11:08:07  INFO          Proyecto: Production/Dashboards/Ad hoc Reports/BI Local/BI Portugal
2026-08-18 11:08:07  INFO  Downloaded workbook revision None to C:\tabcmd\TableauGitHub\Tableau Workbooks\Production\Dashboards\Ad hoc Reports\BI Local\BI Portugal\CdM Clinics Visits_v82.twbx (ID: 908f730e-801e-46f3-ab2a-924c006aff01)
2026-08-18 11:08:07  INFO          Descargado (0.5 MB)
2026-08-18 11:08:07  INFO    [96/210] CdM Clinics Visits - 2025 (v4)
2026-08-18 11:08:07  INFO          Proyecto: Production/Dashboards/Ad hoc Reports/BI Local/BI Portugal
2026-08-18 11:08:08  INFO  Downloaded workbook revision None to C:\tabcmd\TableauGitHub\Tableau Workbooks\Production\Dashboards\Ad hoc Reports\BI Local\BI Portugal\CdM Clinics Visits - 2025_v4.twbx (ID: 5ab5adba-d62b-41a3-8493-9a005d5ec246)
2026-08-18 11:08:08  INFO          Descargado (0.2 MB)
2026-08-18 11:08:08  INFO    [97/210] Cdm Sellin SS (v12)
2026-08-18 11:08:08  INFO          Proyecto: Production/Dashboards/Ad hoc Reports/BI Local/BI Portugal
2026-08-18 11:08:09  INFO  Downloaded workbook revision None to C:\tabcmd\TableauGitHub\Tableau Workbooks\Production\Dashboards\Ad hoc Reports\BI Local\BI Portugal\Cdm Sellin SS_v12.twbx (ID: 94883fc2-b50f-4efb-ae4d-ad01569996b2)
2026-08-18 11:08:09  INFO          Descargado (0.9 MB)
2026-08-18 11:08:09  INFO    [98/210] Kam Review (v130)
2026-08-18 11:08:09  INFO          Proyecto: Production/Dashboards/Ad hoc Reports/BI Local/BI International
2026-08-18 11:08:10  INFO  Downloaded workbook revision None to C:\tabcmd\TableauGitHub\Tableau Workbooks\Production\Dashboards\Ad hoc Reports\BI Local\BI International\Kam Review_v130.twbx (ID: 176cac7d-4334-41a3-849b-945f049f38fa)
2026-08-18 11:08:10  INFO          Descargado (0.2 MB)
2026-08-18 11:08:10  INFO    [99/210] Kam Review Histórico (v31)
2026-08-18 11:08:10  INFO          Proyecto: Production/Dashboards/Ad hoc Reports/BI Local/BI International
2026-08-18 11:08:10  INFO  Downloaded workbook revision None to C:\tabcmd\TableauGitHub\Tableau Workbooks\Production\Dashboards\Ad hoc Reports\BI Local\BI International\Kam Review Histórico_v31.twbx (ID: b1b06104-e871-4fd0-b1b5-87e7199fc147)
2026-08-18 11:08:10  INFO          Descargado (0.3 MB)
2026-08-18 11:08:10  INFO    [100/210] Uds Proyectadas Internacional (v13)
2026-08-18 11:08:10  INFO          Proyecto: Production/Dashboards/Ad hoc Reports/BI Local/BI International
2026-08-18 11:08:10  INFO  Downloaded workbook revision None to C:\tabcmd\TableauGitHub\Tableau Workbooks\Production\Dashboards\Ad hoc Reports\BI Local\BI International\Uds Proyectadas Internacional_v13.twbx (ID: 1d753b93-48b1-46e2-9c21-890df96d98b0)
2026-08-18 11:08:10  INFO          Descargado (0.2 MB)
2026-08-18 11:08:10  INFO    [101/210] Andromedapp (v15)
2026-08-18 11:08:10  INFO          Proyecto: Production/Dashboards/Ad hoc Reports/BI Local/BI México
2026-08-18 11:08:11  INFO  Downloaded workbook revision None to C:\tabcmd\TableauGitHub\Tableau Workbooks\Production\Dashboards\Ad hoc Reports\BI Local\BI México\Andromedapp_v15.twbx (ID: 82c21686-3501-46e3-ba84-dba4fedda068)
2026-08-18 11:08:11  INFO          Descargado (1.0 MB)
2026-08-18 11:08:11  INFO    [102/210] Reporte Diario de Ventas (v28)
2026-08-18 11:08:11  INFO          Proyecto: Production/Dashboards/Ad hoc Reports/BI Local/BI México/Mockups IBS
2026-08-18 11:08:12  INFO  Downloaded workbook revision None to C:\tabcmd\TableauGitHub\Tableau Workbooks\Production\Dashboards\Ad hoc Reports\BI Local\BI México\Mockups IBS\Reporte Diario de Ventas_v28.twbx (ID: 89465930-7806-4389-9d4f-185fc8952b91)
2026-08-18 11:08:12  INFO          Descargado (1.3 MB)
2026-08-18 11:08:12  INFO    [103/210] Fill Rate a Detalle (v21)
2026-08-18 11:08:12  INFO          Proyecto: Production/Dashboards/Ad hoc Reports/BI Local/BI México/Mockups IBS
2026-08-18 11:08:12  INFO  Downloaded workbook revision None to C:\tabcmd\TableauGitHub\Tableau Workbooks\Production\Dashboards\Ad hoc Reports\BI Local\BI México\Mockups IBS\Fill Rate a Detalle_v21.twbx (ID: 401c2f5f-11e7-4a22-a4b4-a4af310a6835)
2026-08-18 11:08:12  INFO          Descargado (1.1 MB)
2026-08-18 11:08:12  INFO    [104/210] Tablero rentabilidad (v2)
2026-08-18 11:08:12  INFO          Proyecto: Production/Dashboards/Ad hoc Reports/BI Local/BI México/Mockups IBS
2026-08-18 11:08:13  INFO  Downloaded workbook revision None to C:\tabcmd\TableauGitHub\Tableau Workbooks\Production\Dashboards\Ad hoc Reports\BI Local\BI México\Mockups IBS\Tablero rentabilidad_v2.twbx (ID: cccc2754-c3b4-4671-a5a8-930a455c7831)
2026-08-18 11:08:13  INFO          Descargado (2.3 MB)
2026-08-18 11:08:13  INFO    [105/210] Plan de la Demanda (v3)
2026-08-18 11:08:13  INFO          Proyecto: Production/Dashboards/Ad hoc Reports/BI Local/BI México/Mockups IBS
2026-08-18 11:08:14  INFO  Downloaded workbook revision None to C:\tabcmd\TableauGitHub\Tableau Workbooks\Production\Dashboards\Ad hoc Reports\BI Local\BI México\Mockups IBS\Plan de la Demanda_v3.twbx (ID: 5a37a03e-1159-44a8-8e29-1f5a56202cd7)
2026-08-18 11:08:14  INFO          Descargado (0.9 MB)
2026-08-18 11:08:14  INFO    [106/210] Conciliacion_Financiera (v2)
2026-08-18 11:08:14  INFO          Proyecto: Production/Dashboards/Ad hoc Reports/BI Local/BI México/Mockups IBS
2026-08-18 11:08:15  INFO  Downloaded workbook revision None to C:\tabcmd\TableauGitHub\Tableau Workbooks\Production\Dashboards\Ad hoc Reports\BI Local\BI México\Mockups IBS\Conciliacion_Financiera_v2.twbx (ID: 4fa64e60-35b5-4d01-a886-d35440ff4438)
2026-08-18 11:08:15  INFO          Descargado (1.5 MB)
2026-08-18 11:08:15  INFO    [107/210] Plan de inventarios (v2)
2026-08-18 11:08:15  INFO          Proyecto: Production/Dashboards/Ad hoc Reports/BI Local/BI México/Mockups IBS
2026-08-18 11:08:15  INFO  Downloaded workbook revision None to C:\tabcmd\TableauGitHub\Tableau Workbooks\Production\Dashboards\Ad hoc Reports\BI Local\BI México\Mockups IBS\Plan de inventarios_v2.twbx (ID: c192034a-0b9e-4db5-90f4-8cd584362cc5)
2026-08-18 11:08:15  INFO          Descargado (0.1 MB)
2026-08-18 11:08:15  INFO    [108/210] CdM Stangest (v15)
2026-08-18 11:08:15  INFO          Proyecto: Production/Dashboards/Ad hoc Reports/BI Local/BI Stangest
2026-08-18 11:08:17  INFO  Downloaded workbook revision None to C:\tabcmd\TableauGitHub\Tableau Workbooks\Production\Dashboards\Ad hoc Reports\BI Local\BI Stangest\CdM Stangest_v15.twbx (ID: 83e218df-5b78-408b-8172-2563534174b0)
2026-08-18 11:08:17  INFO          Descargado (1.2 MB)
2026-08-18 11:08:17  INFO    [109/210] CdM Sell out TOTY (v6)
2026-08-18 11:08:17  INFO          Proyecto: Production/Dashboards/Ad hoc Reports/BI Local/BI Toty
2026-08-18 11:08:17  INFO  Downloaded workbook revision None to C:\tabcmd\TableauGitHub\Tableau Workbooks\Production\Dashboards\Ad hoc Reports\BI Local\BI Toty\CdM Sell out TOTY_v6.twbx (ID: ed7a7ccb-4607-488f-a3fa-0b484d54b276)
2026-08-18 11:08:17  INFO          Descargado (0.2 MB)
2026-08-18 11:08:17  INFO    [110/210] Client Corporate Catalog (v3)
2026-08-18 11:08:17  INFO          Proyecto: Production/Dashboards/MDM
2026-08-18 11:08:18  INFO  Downloaded workbook revision None to C:\tabcmd\TableauGitHub\Tableau Workbooks\Production\Dashboards\MDM\Client Corporate Catalog_v3.twbx (ID: 71a2c8fe-6580-47ef-a788-dac7554ed8ec)
2026-08-18 11:08:18  INFO          Descargado (0.1 MB)
2026-08-18 11:08:18  INFO    [111/210] JDE Product Catalog (v41)
2026-08-18 11:08:18  INFO          Proyecto: Production/Dashboards/MDM
2026-08-18 11:08:18  INFO  Downloaded workbook revision None to C:\tabcmd\TableauGitHub\Tableau Workbooks\Production\Dashboards\MDM\JDE Product Catalog_v41.twbx (ID: 4a3adf1c-fbdf-469e-844e-46517296f155)
2026-08-18 11:08:18  INFO          Descargado (0.6 MB)
2026-08-18 11:08:18  INFO    [112/210] CdM Data Source y Workbook (v22)
2026-08-18 11:08:18  INFO          Proyecto: Production/Dashboards/MDM
2026-08-18 11:08:19  INFO  Downloaded workbook revision None to C:\tabcmd\TableauGitHub\Tableau Workbooks\Production\Dashboards\MDM\CdM Data Source y Workbook_v22.twbx (ID: 5cc93ac7-3488-435e-8b55-62c6d1a90155)
2026-08-18 11:08:19  INFO          Descargado (0.2 MB)
2026-08-18 11:08:19  INFO    [113/210] Product Corporate Catalog (v106)
2026-08-18 11:08:19  INFO          Proyecto: Production/Dashboards/MDM
2026-08-18 11:08:20  INFO  Downloaded workbook revision None to C:\tabcmd\TableauGitHub\Tableau Workbooks\Production\Dashboards\MDM\Product Corporate Catalog_v106.twbx (ID: f2faf583-0eed-4212-888d-d6085654524f)
2026-08-18 11:08:20  INFO          Descargado (1.7 MB)
2026-08-18 11:08:20  INFO    [114/210] JDE Logistics Product Catalog (v8)
2026-08-18 11:08:20  INFO          Proyecto: Production/Dashboards/MDM
2026-08-18 11:08:20  INFO  Downloaded workbook revision None to C:\tabcmd\TableauGitHub\Tableau Workbooks\Production\Dashboards\MDM\JDE Logistics Product Catalog_v8.twbx (ID: 7178c8c9-ce98-415e-9e07-85559a36f0e7)
2026-08-18 11:08:20  INFO          Descargado (0.4 MB)
2026-08-18 11:08:20  INFO    [115/210] Glossary (v12)
2026-08-18 11:08:20  INFO          Proyecto: Production/Dashboards/MDM
2026-08-18 11:08:20  INFO  Downloaded workbook revision None to C:\tabcmd\TableauGitHub\Tableau Workbooks\Production\Dashboards\MDM\Glossary_v12.twbx (ID: ab34e89b-06f1-4083-a61e-18b104af5619)
2026-08-18 11:08:20  INFO          Descargado (0.1 MB)
2026-08-18 11:08:20  INFO    [116/210] Tableau Usage (v7)
2026-08-18 11:08:20  INFO          Proyecto: Production/Dashboards/MDM
2026-08-18 11:08:21  INFO  Downloaded workbook revision None to C:\tabcmd\TableauGitHub\Tableau Workbooks\Production\Dashboards\MDM\Tableau Usage_v7.twbx (ID: 20699235-400a-4cbe-b0bd-d83864297378)
2026-08-18 11:08:21  INFO          Descargado (0.3 MB)
2026-08-18 11:08:21  INFO    [117/210] Dashboard Catalog (v1)
2026-08-18 11:08:21  INFO          Proyecto: Production/Dashboards/MDM
2026-08-18 11:08:21  INFO  Downloaded workbook revision None to C:\tabcmd\TableauGitHub\Tableau Workbooks\Production\Dashboards\MDM\Dashboard Catalog_v1.twbx (ID: da0058d1-669f-478d-87b0-713bd5eecafa)
2026-08-18 11:08:21  INFO          Descargado (0.1 MB)
2026-08-18 11:08:21  INFO    [118/210] Lanzamientos (v146)
2026-08-18 11:08:21  INFO          Proyecto: Production/Dashboards/Supply Chain
2026-08-18 11:08:22  INFO  Downloaded workbook revision None to C:\tabcmd\TableauGitHub\Tableau Workbooks\Production\Dashboards\Supply Chain\Lanzamientos_v146.twbx (ID: 94622750-0171-48b7-9bd4-8cc0c17936ee)
2026-08-18 11:08:22  INFO          Descargado (0.3 MB)
2026-08-18 11:08:22  INFO    [119/210] KPIs Demand (v10)
2026-08-18 11:08:22  INFO          Proyecto: Production/Dashboards/Supply Chain
2026-08-18 11:08:22  INFO  Downloaded workbook revision None to C:\tabcmd\TableauGitHub\Tableau Workbooks\Production\Dashboards\Supply Chain\KPIs Demand_v10.twbx (ID: 2f9a2669-5564-425d-9b0e-68c0f307216d)
2026-08-18 11:08:22  INFO          Descargado (0.7 MB)
2026-08-18 11:08:22  INFO    [120/210] Apro vs Demanda (v4)
2026-08-18 11:08:22  INFO          Proyecto: Production/Dashboards/Supply Chain
2026-08-18 11:08:23  INFO  Downloaded workbook revision None to C:\tabcmd\TableauGitHub\Tableau Workbooks\Production\Dashboards\Supply Chain\Apro vs Demanda_v4.twbx (ID: 08bf945a-96ac-4023-9968-20739588416c)
2026-08-18 11:08:23  INFO          Descargado (0.1 MB)
2026-08-18 11:08:23  INFO    [121/210] Pedidos (v45)
2026-08-18 11:08:23  INFO          Proyecto: Production/Dashboards/Supply Chain
2026-08-18 11:08:23  INFO  Downloaded workbook revision None to C:\tabcmd\TableauGitHub\Tableau Workbooks\Production\Dashboards\Supply Chain\Pedidos_v45.twbx (ID: b3f30936-3cc3-4859-89aa-3d80ae0d5e1b)
2026-08-18 11:08:23  INFO          Descargado (0.2 MB)
2026-08-18 11:08:23  INFO    [122/210] Triangulo Previsiones (v14)
2026-08-18 11:08:23  INFO          Proyecto: Production/Dashboards/Supply Chain
2026-08-18 11:08:24  INFO  Downloaded workbook revision None to C:\tabcmd\TableauGitHub\Tableau Workbooks\Production\Dashboards\Supply Chain\Triangulo Previsiones_v14.twbx (ID: f8096301-80a4-43b9-b4bf-6d2d45665567)
2026-08-18 11:08:24  INFO          Descargado (0.4 MB)
2026-08-18 11:08:24  INFO    [123/210] Inventario (v16)
2026-08-18 11:08:24  INFO          Proyecto: Production/Dashboards/Supply Chain
2026-08-18 11:08:24  INFO  Downloaded workbook revision None to C:\tabcmd\TableauGitHub\Tableau Workbooks\Production\Dashboards\Supply Chain\Inventario_v16.twbx (ID: b2b2aadc-8f01-48b0-8385-38e7d8ade792)
2026-08-18 11:08:24  INFO          Descargado (0.1 MB)
2026-08-18 11:08:24  INFO    [124/210] Aprovisionamiento Interno (v1)
2026-08-18 11:08:24  INFO          Proyecto: Production/Dashboards/Supply Chain
2026-08-18 11:08:25  INFO  Downloaded workbook revision None to C:\tabcmd\TableauGitHub\Tableau Workbooks\Production\Dashboards\Supply Chain\Aprovisionamiento Interno_v1.twbx (ID: 6dfa1efd-c27c-4206-9dc6-49401dddfb62)
2026-08-18 11:08:25  INFO          Descargado (0.1 MB)
2026-08-18 11:08:25  INFO    [125/210] Stocks (v51)
2026-08-18 11:08:25  INFO          Proyecto: Production/Dashboards/Supply Chain
2026-08-18 11:08:25  INFO  Downloaded workbook revision None to C:\tabcmd\TableauGitHub\Tableau Workbooks\Production\Dashboards\Supply Chain\Stocks_v51.twbx (ID: 94b1b20f-97b8-4f97-b0aa-67624130f8a9)
2026-08-18 11:08:25  INFO          Descargado (0.2 MB)
2026-08-18 11:08:25  INFO    [126/210] Unhealthy Stock Detail Table (v21)
2026-08-18 11:08:25  INFO          Proyecto: Production/Dashboards/Supply Chain
2026-08-18 11:08:26  INFO  Downloaded workbook revision None to C:\tabcmd\TableauGitHub\Tableau Workbooks\Production\Dashboards\Supply Chain\Unhealthy Stock Detail Table_v21.twbx (ID: 90e6876f-703c-4060-a4d7-6b3dd987ecbd)
2026-08-18 11:08:26  INFO          Descargado (0.6 MB)
2026-08-18 11:08:26  INFO    [127/210] CdM Supply (v31)
2026-08-18 11:08:26  INFO          Proyecto: Production/Dashboards/Supply Chain
2026-08-18 11:08:26  INFO  Downloaded workbook revision None to C:\tabcmd\TableauGitHub\Tableau Workbooks\Production\Dashboards\Supply Chain\CdM Supply_v31.twbx (ID: 8159f7b6-3f91-4daf-829a-89ddc7c15e61)
2026-08-18 11:08:26  INFO          Descargado (0.3 MB)
2026-08-18 11:08:26  INFO    [128/210] Consumos (v9)
2026-08-18 11:08:26  INFO          Proyecto: Production/Dashboards/Supply Chain
2026-08-18 11:08:27  INFO  Downloaded workbook revision None to C:\tabcmd\TableauGitHub\Tableau Workbooks\Production\Dashboards\Supply Chain\Consumos_v9.twbx (ID: 97e93239-162a-48e6-9aca-1f8cd82874f0)
2026-08-18 11:08:27  INFO          Descargado (0.4 MB)
2026-08-18 11:08:27  INFO    [129/210] Servicio (v16)
2026-08-18 11:08:27  INFO          Proyecto: Production/Dashboards/Supply Chain
2026-08-18 11:08:27  INFO  Downloaded workbook revision None to C:\tabcmd\TableauGitHub\Tableau Workbooks\Production\Dashboards\Supply Chain\Servicio_v16.twbx (ID: 025cddb9-90a0-497f-ac77-7b1683ede196)
2026-08-18 11:08:27  INFO          Descargado (0.6 MB)
2026-08-18 11:08:27  INFO    [130/210] Aprovisionamiento Semanal (v27)
2026-08-18 11:08:27  INFO          Proyecto: Production/Dashboards/Supply Chain
2026-08-18 11:08:28  INFO  Downloaded workbook revision None to C:\tabcmd\TableauGitHub\Tableau Workbooks\Production\Dashboards\Supply Chain\Aprovisionamiento Semanal_v27.twbx (ID: a0bd88b9-a32a-46af-be68-d1989a759e0d)
2026-08-18 11:08:28  INFO          Descargado (0.2 MB)
2026-08-18 11:08:28  INFO    [131/210] CdM Compras (v23)
2026-08-18 11:08:28  INFO          Proyecto: Production/Dashboards/Supply Chain
2026-08-18 11:08:28  INFO  Downloaded workbook revision None to C:\tabcmd\TableauGitHub\Tableau Workbooks\Production\Dashboards\Supply Chain\CdM Compras_v23.twbx (ID: 54976f34-4959-4da9-91c4-6a9b42c390a0)
2026-08-18 11:08:28  INFO          Descargado (0.4 MB)
2026-08-18 11:08:28  INFO    [132/210] CdM Logistica (v9)
2026-08-18 11:08:28  INFO          Proyecto: Production/Dashboards/Supply Chain
2026-08-18 11:08:29  INFO  Downloaded workbook revision None to C:\tabcmd\TableauGitHub\Tableau Workbooks\Production\Dashboards\Supply Chain\CdM Logistica_v9.twbx (ID: daa62578-322f-42a8-b849-4280d101c96b)
2026-08-18 11:08:29  INFO          Descargado (0.4 MB)
2026-08-18 11:08:29  INFO    [133/210] Forecast Grouped (v4)
2026-08-18 11:08:29  INFO          Proyecto: Production/Dashboards/Supply Chain
2026-08-18 11:08:29  INFO  Downloaded workbook revision None to C:\tabcmd\TableauGitHub\Tableau Workbooks\Production\Dashboards\Supply Chain\Forecast Grouped_v4.twbx (ID: 81497e62-85c5-49bd-9034-da1de2d08768)
2026-08-18 11:08:29  INFO          Descargado (0.2 MB)
2026-08-18 11:08:29  INFO    [134/210] Unhealthy Stock (v64)
2026-08-18 11:08:29  INFO          Proyecto: Production/Dashboards/Supply Chain
2026-08-18 11:08:30  INFO  Downloaded workbook revision None to C:\tabcmd\TableauGitHub\Tableau Workbooks\Production\Dashboards\Supply Chain\Unhealthy Stock_v64.twbx (ID: ffc70657-37e6-497b-8f3e-c1f7f788293c)
2026-08-18 11:08:30  INFO          Descargado (0.7 MB)
2026-08-18 11:08:30  INFO    [135/210] Pallets (v70)
2026-08-18 11:08:30  INFO          Proyecto: Production/Dashboards/Supply Chain
2026-08-18 11:08:30  INFO  Downloaded workbook revision None to C:\tabcmd\TableauGitHub\Tableau Workbooks\Production\Dashboards\Supply Chain\Pallets_v70.twbx (ID: 52710e9d-8544-461b-bed3-b0c42e3c33bc)
2026-08-18 11:08:30  INFO          Descargado (0.2 MB)
2026-08-18 11:08:30  INFO    [136/210] Compras (v73)
2026-08-18 11:08:30  INFO          Proyecto: Production/Dashboards/Supply Chain
2026-08-18 11:08:31  INFO  Downloaded workbook revision None to C:\tabcmd\TableauGitHub\Tableau Workbooks\Production\Dashboards\Supply Chain\Compras_v73.twbx (ID: c724a4f1-93f1-4369-85e8-b31946bb33c3)
2026-08-18 11:08:31  INFO          Descargado (0.5 MB)
2026-08-18 11:08:31  INFO    [137/210] CdM Demand (v39)
2026-08-18 11:08:31  INFO          Proyecto: Production/Dashboards/Supply Chain
2026-08-18 11:08:31  INFO  Downloaded workbook revision None to C:\tabcmd\TableauGitHub\Tableau Workbooks\Production\Dashboards\Supply Chain\CdM Demand_v39.twbx (ID: 26c9e7fd-3c00-4d09-bc20-a189ea0a5473)
2026-08-18 11:08:31  INFO          Descargado (0.5 MB)
2026-08-18 11:08:31  INFO    [138/210] Stock Cuarentena (v9)
2026-08-18 11:08:31  INFO          Proyecto: Production/Dashboards/Supply Chain
2026-08-18 11:08:32  INFO  Downloaded workbook revision None to C:\tabcmd\TableauGitHub\Tableau Workbooks\Production\Dashboards\Supply Chain\Stock Cuarentena_v9.twbx (ID: c2a2e045-0e80-4416-9c39-d322b5d10616)
2026-08-18 11:08:32  INFO          Descargado (0.1 MB)
2026-08-18 11:08:32  INFO    [139/210] Coberturas (v12)
2026-08-18 11:08:32  INFO          Proyecto: Production/Dashboards/Supply Chain
2026-08-18 11:08:33  INFO  Downloaded workbook revision None to C:\tabcmd\TableauGitHub\Tableau Workbooks\Production\Dashboards\Supply Chain\Coberturas_v12.twbx (ID: 5491d1fb-5c5d-4c02-b81a-522f173b0af3)
2026-08-18 11:08:33  INFO          Descargado (0.1 MB)
2026-08-18 11:08:33  INFO    [140/210] Recepciones (v25)
2026-08-18 11:08:33  INFO          Proyecto: Production/Dashboards/Supply Chain
2026-08-18 11:08:33  INFO  Downloaded workbook revision None to C:\tabcmd\TableauGitHub\Tableau Workbooks\Production\Dashboards\Supply Chain\Recepciones_v25.twbx (ID: 388e5336-9f9c-4c2e-a3d3-ad3161a95117)
2026-08-18 11:08:33  INFO          Descargado (0.5 MB)
2026-08-18 11:08:33  INFO    [141/210] ModuloKajalForecasting (v199)
2026-08-18 11:08:33  INFO          Proyecto: Production/Dashboards/Supply Chain/Demand Planning
2026-08-18 11:08:34  INFO  Downloaded workbook revision None to C:\tabcmd\TableauGitHub\Tableau Workbooks\Production\Dashboards\Supply Chain\Demand Planning\ModuloKajalForecasting_v199.twbx (ID: cec4b8b9-55c7-4fc1-9c9b-e15bd7efa311)
2026-08-18 11:08:34  INFO          Descargado (0.2 MB)
2026-08-18 11:08:34  INFO    [142/210] Kajal Home (v2)
2026-08-18 11:08:34  INFO          Proyecto: Production/Dashboards/Supply Chain/Demand Planning
2026-08-18 11:08:34  INFO  Downloaded workbook revision None to C:\tabcmd\TableauGitHub\Tableau Workbooks\Production\Dashboards\Supply Chain\Demand Planning\Kajal Home_v2.twbx (ID: 60af726b-e473-4946-bac4-66ab0a07bd64)
2026-08-18 11:08:34  INFO          Descargado (0.0 MB)
2026-08-18 11:08:34  INFO    [143/210] Self service (v60)
2026-08-18 11:08:34  INFO          Proyecto: Production/Dashboards/Supply Chain/Demand Planning
2026-08-18 11:08:35  INFO  Downloaded workbook revision None to C:\tabcmd\TableauGitHub\Tableau Workbooks\Production\Dashboards\Supply Chain\Demand Planning\Self service_v60.twbx (ID: 06d37d2a-1a28-402d-8117-68cdbb89537e)
2026-08-18 11:08:35  INFO          Descargado (0.0 MB)
2026-08-18 11:08:35  INFO    [144/210] ModuloKajalAnalytics (v138)
2026-08-18 11:08:35  INFO          Proyecto: Production/Dashboards/Supply Chain/Demand Planning
2026-08-18 11:08:35  INFO  Downloaded workbook revision None to C:\tabcmd\TableauGitHub\Tableau Workbooks\Production\Dashboards\Supply Chain\Demand Planning\ModuloKajalAnalytics_v138.twbx (ID: 9cd73a6f-2e87-4095-905c-7a2981d9b3f0)
2026-08-18 11:08:35  INFO          Descargado (0.1 MB)
2026-08-18 11:08:35  INFO    [145/210] Presupuesto (v40)
2026-08-18 11:08:35  INFO          Proyecto: Production/Dashboards/Supply Chain/Demand Planning
2026-08-18 11:08:36  INFO  Downloaded workbook revision None to C:\tabcmd\TableauGitHub\Tableau Workbooks\Production\Dashboards\Supply Chain\Demand Planning\Presupuesto_v40.twbx (ID: a7af926c-de99-4a94-a9b0-63bf6584800e)
2026-08-18 11:08:36  INFO          Descargado (0.0 MB)
2026-08-18 11:08:36  INFO    [146/210] ModuloKajalInventory (v85)
2026-08-18 11:08:36  INFO          Proyecto: Production/Dashboards/Supply Chain/Demand Planning
2026-08-18 11:08:36  INFO  Downloaded workbook revision None to C:\tabcmd\TableauGitHub\Tableau Workbooks\Production\Dashboards\Supply Chain\Demand Planning\ModuloKajalInventory_v85.twbx (ID: e1a58878-4fa7-4dd3-8c80-5ac9448be5b1)
2026-08-18 11:08:36  INFO          Descargado (0.0 MB)
2026-08-18 11:08:36  INFO    [147/210] CdM Calidad (v45)
2026-08-18 11:08:36  INFO          Proyecto: Production/Dashboards/Industrial
2026-08-18 11:08:37  INFO  Downloaded workbook revision None to C:\tabcmd\TableauGitHub\Tableau Workbooks\Production\Dashboards\Industrial\CdM Calidad_v45.twbx (ID: 81fca027-9213-4ffd-8b15-a2b8b0ffffdf)
2026-08-18 11:08:37  INFO          Descargado (1.0 MB)
2026-08-18 11:08:37  INFO    [148/210] CdM Industrial Torrejon (v43)
2026-08-18 11:08:37  INFO          Proyecto: Production/Dashboards/Industrial
2026-08-18 11:08:38  INFO  Downloaded workbook revision None to C:\tabcmd\TableauGitHub\Tableau Workbooks\Production\Dashboards\Industrial\CdM Industrial Torrejon_v43.twbx (ID: 4c0cf192-63c2-4366-9aea-4ee3f4547228)
2026-08-18 11:08:38  INFO          Descargado (0.6 MB)
2026-08-18 11:08:38  INFO    [149/210] CdM Financiero (v35)
2026-08-18 11:08:38  INFO          Proyecto: Production/Dashboards/Industrial
2026-08-18 11:08:38  INFO  Downloaded workbook revision None to C:\tabcmd\TableauGitHub\Tableau Workbooks\Production\Dashboards\Industrial\CdM Financiero_v35.twbx (ID: c4aad7b5-6ed0-4548-93b1-47b53ed78f19)
2026-08-18 11:08:38  INFO          Descargado (0.3 MB)
2026-08-18 11:08:38  INFO    [150/210] CdM Industrial La Concha (v8)
2026-08-18 11:08:38  INFO          Proyecto: Production/Dashboards/Industrial
2026-08-18 11:08:39  INFO  Downloaded workbook revision None to C:\tabcmd\TableauGitHub\Tableau Workbooks\Production\Dashboards\Industrial\CdM Industrial La Concha_v8.twbx (ID: a35d1832-d0e0-42a9-8f43-7654898c918b)
2026-08-18 11:08:39  INFO          Descargado (0.6 MB)
2026-08-18 11:08:39  INFO    [151/210] CdM Produccion (v39)
2026-08-18 11:08:39  INFO          Proyecto: Production/Dashboards/Industrial
2026-08-18 11:08:39  INFO  Downloaded workbook revision None to C:\tabcmd\TableauGitHub\Tableau Workbooks\Production\Dashboards\Industrial\CdM Produccion_v39.twbx (ID: cfc82940-38fa-40b2-a73d-b0acbf4631ae)
2026-08-18 11:08:39  INFO          Descargado (0.8 MB)
2026-08-18 11:08:39  INFO    [152/210] CdM Summary (v16)
2026-08-18 11:08:39  INFO          Proyecto: Production/Dashboards/Industrial
2026-08-18 11:08:40  INFO  Downloaded workbook revision None to C:\tabcmd\TableauGitHub\Tableau Workbooks\Production\Dashboards\Industrial\CdM Summary_v16.twbx (ID: ba9fdd79-36cd-4fa6-9d60-3cb41ef2aa57)
2026-08-18 11:08:40  INFO          Descargado (0.2 MB)
2026-08-18 11:08:40  INFO    [153/210] CdM Ingenieria (v38)
2026-08-18 11:08:40  INFO          Proyecto: Production/Dashboards/Industrial
2026-08-18 11:08:40  INFO  Downloaded workbook revision None to C:\tabcmd\TableauGitHub\Tableau Workbooks\Production\Dashboards\Industrial\CdM Ingenieria_v38.twbx (ID: 377e37eb-2f16-4c59-ad32-a3bf45e9d9af)
2026-08-18 11:08:40  INFO          Descargado (0.4 MB)
2026-08-18 11:08:40  INFO    [154/210] Observatorio Heliocare - ShopperTec (v23)
2026-08-18 11:08:40  INFO          Proyecto: Production/Dashboards/Clientes
2026-08-18 11:08:41  INFO  Downloaded workbook revision None to C:\tabcmd\TableauGitHub\Tableau Workbooks\Production\Dashboards\Clientes\Observatorio Heliocare - ShopperTec_v23.twbx (ID: 861ab620-3584-4aa3-b885-8227f4d0f3c1)
2026-08-18 11:08:41  INFO          Descargado (2.0 MB)
2026-08-18 11:08:41  INFO    [155/210] CdM Commercial Performance (v58)
2026-08-18 11:08:41  INFO          Proyecto: Production/Dashboards/Commercial Performance
2026-08-18 11:08:47  INFO  Downloaded workbook revision None to C:\tabcmd\TableauGitHub\Tableau Workbooks\Production\Dashboards\Commercial Performance\CdM Commercial Performance_v58.twbx (ID: 73dba8d9-3266-4df1-8f7f-7d422b280845)
2026-08-18 11:08:47  INFO          Descargado (2.2 MB)
2026-08-18 11:08:47  INFO    [156/210] Observatorio Heliocare - ShopperTec v2 (v1)
2026-08-18 11:08:47  INFO          Proyecto: Development/Mockups
2026-08-18 11:08:47  INFO  Downloaded workbook revision None to C:\tabcmd\TableauGitHub\Tableau Workbooks\Development\Mockups\Observatorio Heliocare - ShopperTec v2_v1.twbx (ID: cce89199-a38d-4867-bcfb-024de026ec95)
2026-08-18 11:08:47  INFO          Descargado (0.1 MB)
2026-08-18 11:08:47  INFO    [157/210] Mockup VF/KAM/e-KAM v3 (v5)
2026-08-18 11:08:47  INFO          Proyecto: Development/Mockups
2026-08-18 11:09:21  INFO  Downloaded workbook revision None to C:\tabcmd\TableauGitHub\Tableau Workbooks\Development\Mockups\Mockup VF\KAM\e-KAM v3_v5.twbx (ID: 4ef32152-1d1f-4db8-ba05-caaa90de7d94)
2026-08-18 11:09:21  INFO          Descargado (354.0 MB)
2026-08-18 11:09:21  INFO    [158/210] Template Tableau (v1)
2026-08-18 11:09:21  INFO          Proyecto: Development/Ad hoc Reports
2026-08-18 11:09:21  INFO  Downloaded workbook revision None to C:\tabcmd\TableauGitHub\Tableau Workbooks\Development\Ad hoc Reports\Template Tableau_v1.twbx (ID: 56ba4efe-1387-4e3e-96fa-8b8dcc21520b)
2026-08-18 11:09:21  INFO          Descargado (0.1 MB)
2026-08-18 11:09:21  INFO    [159/210] CdM Area Clientes_BACKUP (v1)
2026-08-18 11:09:21  INFO          Proyecto: Development/Ad hoc Reports/Spain
2026-08-18 11:09:23  INFO  Downloaded workbook revision None to C:\tabcmd\TableauGitHub\Tableau Workbooks\Development\Ad hoc Reports\Spain\CdM Area Clientes_BACKUP_v1.twbx (ID: 528b3f01-2a85-441f-b7d6-066c0035b285)
2026-08-18 11:09:23  INFO          Descargado (1.5 MB)
2026-08-18 11:09:23  INFO    [160/210] Consulta filtrado por Importe a nivel MARCA-PEDIDO (v2)
2026-08-18 11:09:23  INFO          Proyecto: Development/Ad hoc Reports/Spain
2026-08-18 11:09:25  INFO  Downloaded workbook revision None to C:\tabcmd\TableauGitHub\Tableau Workbooks\Development\Ad hoc Reports\Spain\Consulta filtrado por Importe a nivel MARCA-PEDIDO_v2.twbx (ID: e1f957d1-03a9-4c0b-bb48-044ebb95c74a)
2026-08-18 11:09:25  INFO          Descargado (1.7 MB)
2026-08-18 11:09:25  INFO    [161/210] 3. GOLD_20/01/2025_Añadir Importe pendiente (v1)
2026-08-18 11:09:25  INFO          Proyecto: Development/Ad hoc Reports/Spain
2026-08-18 11:09:27  INFO  Downloaded workbook revision None to C:\tabcmd\TableauGitHub\Tableau Workbooks\Development\Ad hoc Reports\Spain\3. GOLD_20\01\2025_Añadir Importe pendiente_v1.twbx (ID: 1f99659a-abb2-4602-b803-f617549f2105)
2026-08-18 11:09:27  INFO          Descargado (1.7 MB)
2026-08-18 11:09:27  INFO    [162/210] CdM Area Clientes_Ranking Gerentes y Propietarios_Cambios v2 (v10)
2026-08-18 11:09:27  INFO          Proyecto: Development/Ad hoc Reports/Spain
2026-08-18 11:09:28  INFO  Downloaded workbook revision None to C:\tabcmd\TableauGitHub\Tableau Workbooks\Development\Ad hoc Reports\Spain\CdM Area Clientes_Ranking Gerentes y Propietarios_Cambios v2_v10.twbx (ID: 6aacc475-e514-444c-93e8-b517eb52267b)
2026-08-18 11:09:28  INFO          Descargado (1.5 MB)
2026-08-18 11:09:28  INFO    [163/210] Clientes en crecimiento (v10)
2026-08-18 11:09:28  INFO          Proyecto: Development/Ad hoc Reports/Italy
2026-08-18 11:09:29  INFO  Downloaded workbook revision None to C:\tabcmd\TableauGitHub\Tableau Workbooks\Development\Ad hoc Reports\Italy\Clientes en crecimiento_v10.twbx (ID: 4afb5e42-c83c-4f7a-90f9-51572dbfa9da)
2026-08-18 11:09:29  INFO          Descargado (0.0 MB)
2026-08-18 11:09:29  INFO    [164/210] Progetto_v3 (v3)
2026-08-18 11:09:29  INFO          Proyecto: Development/Ad hoc Reports/Italy
2026-08-18 11:09:29  INFO  Downloaded workbook revision None to C:\tabcmd\TableauGitHub\Tableau Workbooks\Development\Ad hoc Reports\Italy\Progetto_v3_v3.twbx (ID: 2f7c9e88-f7b9-4b41-8906-5224237f9a6f)
2026-08-18 11:09:29  INFO          Descargado (0.0 MB)
2026-08-18 11:09:29  INFO    [165/210] PROGETTO_V2 (v1)
2026-08-18 11:09:29  INFO          Proyecto: Development/Ad hoc Reports/Italy
2026-08-18 11:09:30  INFO  Downloaded workbook revision None to C:\tabcmd\TableauGitHub\Tableau Workbooks\Development\Ad hoc Reports\Italy\PROGETTO_V2_v1.twbx (ID: 63e84460-5e97-4ada-86ef-fab8a9dab0c3)
2026-08-18 11:09:30  INFO          Descargado (0.0 MB)
2026-08-18 11:09:30  INFO    [166/210] CdM Sell In (v34)
2026-08-18 11:09:30  INFO          Proyecto: Development/Ad hoc Reports/Stangest
2026-08-18 11:09:31  INFO  Downloaded workbook revision None to C:\tabcmd\TableauGitHub\Tableau Workbooks\Development\Ad hoc Reports\Stangest\CdM Sell In_v34.twbx (ID: 05446de5-a281-400c-bde3-65524a91c331)
2026-08-18 11:09:31  INFO          Descargado (1.2 MB)
2026-08-18 11:09:31  INFO    [167/210] Dashboard Ventas Por Distrito & Ano (v1)
2026-08-18 11:09:31  INFO          Proyecto: Development/Ad hoc Reports/Portugal
2026-08-18 11:09:32  INFO  Downloaded workbook revision None to C:\tabcmd\TableauGitHub\Tableau Workbooks\Development\Ad hoc Reports\Portugal\Dashboard Ventas Por Distrito & Ano_v1.twbx (ID: 57db4d22-818b-4ceb-afcf-8ea33626a3e4)
2026-08-18 11:09:32  INFO          Descargado (0.0 MB)
2026-08-18 11:09:32  INFO    [168/210] Dashboard Ventas Marca Por Delegada (v1)
2026-08-18 11:09:32  INFO          Proyecto: Development/Ad hoc Reports/Portugal
2026-08-18 11:09:32  INFO  Downloaded workbook revision None to C:\tabcmd\TableauGitHub\Tableau Workbooks\Development\Ad hoc Reports\Portugal\Dashboard Ventas Marca Por Delegada_v1.twbx (ID: 753b122d-3b24-47ec-87a5-5340b0cf43b3)
2026-08-18 11:09:32  INFO          Descargado (0.0 MB)
2026-08-18 11:09:32  INFO    [169/210] Dashboard Ventas Marca Por Distrito (v1)
2026-08-18 11:09:32  INFO          Proyecto: Development/Ad hoc Reports/Portugal
2026-08-18 11:09:33  INFO  Downloaded workbook revision None to C:\tabcmd\TableauGitHub\Tableau Workbooks\Development\Ad hoc Reports\Portugal\Dashboard Ventas Marca Por Distrito_v1.twbx (ID: e38e1b6d-2137-4506-9256-d7a7777d40ce)
2026-08-18 11:09:33  INFO          Descargado (0.0 MB)
2026-08-18 11:09:33  INFO    [170/210] CdM Logistica (v9)
2026-08-18 11:09:33  INFO          Proyecto: Development/Ad hoc Reports/Supply
2026-08-18 11:09:33  INFO  Downloaded workbook revision None to C:\tabcmd\TableauGitHub\Tableau Workbooks\Development\Ad hoc Reports\Supply\CdM Logistica_v9.twbx (ID: c83833b4-982d-4b97-9ff0-35ddfee8bac5)
2026-08-18 11:09:33  INFO          Descargado (0.4 MB)
2026-08-18 11:09:33  INFO    [171/210] 2. show_sales_totals_in_a_crosstab_starter (v1)
2026-08-18 11:09:33  INFO          Proyecto: Development/Formacion Information Labs
2026-08-18 11:09:34  INFO  Downloaded workbook revision None to C:\tabcmd\TableauGitHub\Tableau Workbooks\Development\Formacion Information Labs\2. show_sales_totals_in_a_crosstab_starter_v1.twbx (ID: 24246da7-6929-4c6c-9656-1c85a859ac19)
2026-08-18 11:09:34  INFO          Descargado (2.1 MB)
2026-08-18 11:09:34  INFO    [172/210] New- 2.1 create_a_date_calculation_starter (v2)
2026-08-18 11:09:34  INFO          Proyecto: Development/Formacion Information Labs
2026-08-18 11:09:35  INFO  Downloaded workbook revision None to C:\tabcmd\TableauGitHub\Tableau Workbooks\Development\Formacion Information Labs\New- 2.1 create_a_date_calculation_starter_v2.twbx (ID: 025990ad-3bd0-497f-8225-dbbb4a592b62)
2026-08-18 11:09:35  INFO          Descargado (2.1 MB)
2026-08-18 11:09:35  INFO    [173/210] 1. sort_by_fields_in_a_view_starter (v2)
2026-08-18 11:09:35  INFO          Proyecto: Development/Formacion Information Labs
2026-08-18 11:09:36  INFO  Downloaded workbook revision None to C:\tabcmd\TableauGitHub\Tableau Workbooks\Development\Formacion Information Labs\1. sort_by_fields_in_a_view_starter_v2.twbx (ID: 84fd0418-e885-400a-8d8f-bb1400d5fdcd)
2026-08-18 11:09:36  INFO          Descargado (1.8 MB)
2026-08-18 11:09:36  INFO    [174/210] 3. add_a_filter_to_context_starter (v2)
2026-08-18 11:09:36  INFO          Proyecto: Development/Formacion Information Labs
2026-08-18 11:09:37  INFO  Downloaded workbook revision None to C:\tabcmd\TableauGitHub\Tableau Workbooks\Development\Formacion Information Labs\3. add_a_filter_to_context_starter_v2.twbx (ID: 2c4d24d0-c182-4299-a7ae-ead63bae9468)
2026-08-18 11:09:37  INFO          Descargado (7.3 MB)
2026-08-18 11:09:37  INFO    [175/210] 2.1 create_a_calculation_with_aggregation_starter (v2)
2026-08-18 11:09:37  INFO          Proyecto: Development/Formacion Information Labs
2026-08-18 11:09:38  INFO  Downloaded workbook revision None to C:\tabcmd\TableauGitHub\Tableau Workbooks\Development\Formacion Information Labs\2.1 create_a_calculation_with_aggregation_starter_v2.twbx (ID: 70035e74-b634-4d77-bd24-ad5bf2ef416f)
2026-08-18 11:09:38  INFO          Descargado (2.1 MB)
2026-08-18 11:09:38  INFO    [176/210] 3. add_a_forecast_to_a_view_starter (v2)
2026-08-18 11:09:38  INFO          Proyecto: Development/Formacion Information Labs
2026-08-18 11:09:39  INFO  Downloaded workbook revision None to C:\tabcmd\TableauGitHub\Tableau Workbooks\Development\Formacion Information Labs\3. add_a_forecast_to_a_view_starter_v2.twbx (ID: 8d31875a-6fa5-4bd0-80c7-ee5e34c6a3d7)
2026-08-18 11:09:39  INFO          Descargado (5.7 MB)
2026-08-18 11:09:39  INFO    [177/210] 2. apply_a_year_over_year_table_calculation_starter (v3)
2026-08-18 11:09:39  INFO          Proyecto: Development/Formacion Information Labs
2026-08-18 11:09:39  INFO  Downloaded workbook revision None to C:\tabcmd\TableauGitHub\Tableau Workbooks\Development\Formacion Information Labs\2. apply_a_year_over_year_table_calculation_starter_v3.twbx (ID: 334edcb3-b0a4-4b07-b581-68d448f7629a)
2026-08-18 11:09:39  INFO          Descargado (2.1 MB)
2026-08-18 11:09:39  INFO    [178/210] 4.  create_a_bar-in-bar_chart_starter (v2)
2026-08-18 11:09:39  INFO          Proyecto: Development/Formacion Information Labs
2026-08-18 11:09:40  INFO  Downloaded workbook revision None to C:\tabcmd\TableauGitHub\Tableau Workbooks\Development\Formacion Information Labs\4.  create_a_bar-in-bar_chart_starter_v2.twbx (ID: e0df7129-dfa2-4413-a3a9-b77c7c19fb8c)
2026-08-18 11:09:40  INFO          Descargado (5.7 MB)
2026-08-18 11:09:40  INFO    [179/210] 2.1 create_a_weighted_average_starter (v1)
2026-08-18 11:09:40  INFO          Proyecto: Development/Formacion Information Labs
2026-08-18 11:09:41  INFO  Downloaded workbook revision None to C:\tabcmd\TableauGitHub\Tableau Workbooks\Development\Formacion Information Labs\2.1 create_a_weighted_average_starter_v1.twbx (ID: 90ce9043-7981-4a77-a90d-d31d1005ea82)
2026-08-18 11:09:41  INFO          Descargado (2.2 MB)
2026-08-18 11:09:41  INFO    [180/210] 3. apply_a_rank_table_calculation_starter (v2)
2026-08-18 11:09:41  INFO          Proyecto: Development/Formacion Information Labs
2026-08-18 11:09:42  INFO  Downloaded workbook revision None to C:\tabcmd\TableauGitHub\Tableau Workbooks\Development\Formacion Information Labs\3. apply_a_rank_table_calculation_starter_v2.twbx (ID: eeefe2f5-923f-4bd9-8154-45d75b89f6a6)
2026-08-18 11:09:42  INFO          Descargado (5.7 MB)
2026-08-18 11:09:42  INFO    [181/210] 3. add_actions_to_a_dashboard_starter (v1)
2026-08-18 11:09:42  INFO          Proyecto: Development/Formacion Information Labs
2026-08-18 11:09:42  INFO  Downloaded workbook revision None to C:\tabcmd\TableauGitHub\Tableau Workbooks\Development\Formacion Information Labs\3. add_actions_to_a_dashboard_starter_v1.twbx (ID: 39f64b4f-fa7d-49bd-a283-329ef8e9e137)
2026-08-18 11:09:42  INFO          Descargado (0.1 MB)
2026-08-18 11:09:42  INFO    [182/210] 2. build_a_heat_map_starter (v1)
2026-08-18 11:09:42  INFO          Proyecto: Development/Formacion Information Labs
2026-08-18 11:09:43  INFO  Downloaded workbook revision None to C:\tabcmd\TableauGitHub\Tableau Workbooks\Development\Formacion Information Labs\2. build_a_heat_map_starter_v1.twbx (ID: c5d68cb5-7248-4880-8729-9938ddd31250)
2026-08-18 11:09:43  INFO          Descargado (2.1 MB)
2026-08-18 11:09:43  INFO    [183/210] 4. calculate_the_average_product_profit_by_category_starter (v2)
2026-08-18 11:09:43  INFO          Proyecto: Development/Formacion Information Labs
2026-08-18 11:09:43  INFO  Downloaded workbook revision None to C:\tabcmd\TableauGitHub\Tableau Workbooks\Development\Formacion Information Labs\4. calculate_the_average_product_profit_by_category_starter_v2.twbx (ID: 0f3c9f6e-936b-40b2-8073-63509273b3b6)
2026-08-18 11:09:43  INFO          Descargado (7.3 MB)
2026-08-18 11:09:43  INFO    [184/210] Solución - Sample Superstore Dashboard (v1)
2026-08-18 11:09:43  INFO          Proyecto: Development/Formacion Information Labs
2026-08-18 11:09:44  INFO  Downloaded workbook revision None to C:\tabcmd\TableauGitHub\Tableau Workbooks\Development\Formacion Information Labs\Solución - Sample Superstore Dashboard_v1.twbx (ID: 1dad5aa8-a075-4903-a434-febf3aea9ee4)
2026-08-18 11:09:44  INFO          Descargado (0.5 MB)
2026-08-18 11:09:44  INFO    [185/210] 4. create_a_parameter_for_switching_measures_ and filter_starter (v2)
2026-08-18 11:09:44  INFO          Proyecto: Development/Formacion Information Labs
2026-08-18 11:09:45  INFO  Downloaded workbook revision None to C:\tabcmd\TableauGitHub\Tableau Workbooks\Development\Formacion Information Labs\4. create_a_parameter_for_switching_measures_ and filter_starter_v2.twbx (ID: 3622a0c5-cc82-4388-a08e-18169c7f6ea6)
2026-08-18 11:09:45  INFO          Descargado (2.1 MB)
2026-08-18 11:09:45  INFO    [186/210] 1. create_a_hierarchy_starter (v1)
2026-08-18 11:09:45  INFO          Proyecto: Development/Formacion Information Labs
2026-08-18 11:09:46  INFO  Downloaded workbook revision None to C:\tabcmd\TableauGitHub\Tableau Workbooks\Development\Formacion Information Labs\1. create_a_hierarchy_starter_v1.twbx (ID: 4ede17d6-cf93-4924-b9c6-990dc11c6614)
2026-08-18 11:09:46  INFO          Descargado (5.7 MB)
2026-08-18 11:09:46  INFO    [187/210] 3. Box and Whisker Plot Starter (v1)
2026-08-18 11:09:46  INFO          Proyecto: Development/Formacion Information Labs
2026-08-18 11:09:46  INFO  Downloaded workbook revision None to C:\tabcmd\TableauGitHub\Tableau Workbooks\Development\Formacion Information Labs\3. Box and Whisker Plot Starter_v1.twbx (ID: 879993fa-59cd-4252-b7a4-f4a61fefcd65)
2026-08-18 11:09:46  INFO          Descargado (0.0 MB)
2026-08-18 11:09:46  INFO    [188/210] 2.1 manipulate_strings_starter (v1)
2026-08-18 11:09:46  INFO          Proyecto: Development/Formacion Information Labs
2026-08-18 11:09:47  INFO  Downloaded workbook revision None to C:\tabcmd\TableauGitHub\Tableau Workbooks\Development\Formacion Information Labs\2.1 manipulate_strings_starter_v1.twbx (ID: e1d5b4fc-767f-4e3f-a697-806ee7539137)
2026-08-18 11:09:47  INFO          Descargado (2.1 MB)
2026-08-18 11:09:47  INFO    [189/210] 1. show_data_across_discrete_and_continuous_months (v1)
2026-08-18 11:09:47  INFO          Proyecto: Development/Formacion Information Labs
2026-08-18 11:09:48  INFO  Downloaded workbook revision None to C:\tabcmd\TableauGitHub\Tableau Workbooks\Development\Formacion Information Labs\1. show_data_across_discrete_and_continuous_months_v1.twbx (ID: 2db15628-4cca-46ad-910f-02d73341f05d)
2026-08-18 11:09:48  INFO          Descargado (5.7 MB)
2026-08-18 11:09:48  INFO    [190/210] 2. build_a_highlight_table_starter (v1)
2026-08-18 11:09:48  INFO          Proyecto: Development/Formacion Information Labs
2026-08-18 11:09:48  INFO  Downloaded workbook revision None to C:\tabcmd\TableauGitHub\Tableau Workbooks\Development\Formacion Information Labs\2. build_a_highlight_table_starter_v1.twbx (ID: 073c6baa-9eff-435e-baaa-b5a238c8dc57)
2026-08-18 11:09:48  INFO          Descargado (2.1 MB)
2026-08-18 11:09:48  INFO    [191/210] 1. create_and_customize_filters_starter (v1)
2026-08-18 11:09:48  INFO          Proyecto: Development/Formacion Information Labs
2026-08-18 11:09:49  INFO  Downloaded workbook revision None to C:\tabcmd\TableauGitHub\Tableau Workbooks\Development\Formacion Information Labs\1. create_and_customize_filters_starter_v1.twbx (ID: 35cad839-f112-4df7-b1ad-68413eb4387b)
2026-08-18 11:09:49  INFO          Descargado (5.7 MB)
2026-08-18 11:09:49  INFO    [192/210] 1. build_a_combined_axis_chart_starter (v1)
2026-08-18 11:09:49  INFO          Proyecto: Development/Formacion Information Labs
2026-08-18 11:09:50  INFO  Downloaded workbook revision None to C:\tabcmd\TableauGitHub\Tableau Workbooks\Development\Formacion Information Labs\1. build_a_combined_axis_chart_starter_v1.twbx (ID: 566fbd2e-0c00-44e9-baae-1a1cc72f77af)
2026-08-18 11:09:50  INFO          Descargado (0.0 MB)
2026-08-18 11:09:50  INFO    [193/210] Ejercicio Final - Sample Superstore Dashboard (v1)
2026-08-18 11:09:50  INFO          Proyecto: Development/Formacion Information Labs
2026-08-18 11:09:50  INFO  Downloaded workbook revision None to C:\tabcmd\TableauGitHub\Tableau Workbooks\Development\Formacion Information Labs\Ejercicio Final - Sample Superstore Dashboard_v1.twbx (ID: 91bff09d-7e03-4677-8adb-54cec54cd553)
2026-08-18 11:09:50  INFO          Descargado (0.4 MB)
2026-08-18 11:09:50  INFO    [194/210] 3. build_a_tree_map_starter (v2)
2026-08-18 11:09:50  INFO          Proyecto: Development/Formacion Information Labs
2026-08-18 11:09:51  INFO  Downloaded workbook revision None to C:\tabcmd\TableauGitHub\Tableau Workbooks\Development\Formacion Information Labs\3. build_a_tree_map_starter_v2.twbx (ID: 558e913b-e7fe-41b7-9d00-13bff6e49cd3)
2026-08-18 11:09:51  INFO          Descargado (2.1 MB)
2026-08-18 11:09:51  INFO    [195/210] 2.1 build_a_symbol_map_starter (v1)
2026-08-18 11:09:51  INFO          Proyecto: Development/Formacion Information Labs
2026-08-18 11:09:52  INFO  Downloaded workbook revision None to C:\tabcmd\TableauGitHub\Tableau Workbooks\Development\Formacion Information Labs\2.1 build_a_symbol_map_starter_v1.twbx (ID: 37e4752b-e537-4206-b4b1-0b91b04d0795)
2026-08-18 11:09:52  INFO          Descargado (6.8 MB)
2026-08-18 11:09:52  INFO    [196/210] 3. filter_percent_of_sales_starter (v1)
2026-08-18 11:09:52  INFO          Proyecto: Development/Formacion Information Labs
2026-08-18 11:09:53  INFO  Downloaded workbook revision None to C:\tabcmd\TableauGitHub\Tableau Workbooks\Development\Formacion Information Labs\3. filter_percent_of_sales_starter_v1.twbx (ID: 6a5d784d-ae0a-4c6e-98f4-ad1653458b98)
2026-08-18 11:09:53  INFO          Descargado (5.7 MB)
2026-08-18 11:09:53  INFO    [197/210] 1.  apply_custom_dates_starter (v1)
2026-08-18 11:09:53  INFO          Proyecto: Development/Formacion Information Labs
2026-08-18 11:09:54  INFO  Downloaded workbook revision None to C:\tabcmd\TableauGitHub\Tableau Workbooks\Development\Formacion Information Labs\1.  apply_custom_dates_starter_v1.twbx (ID: e22aca7d-810b-4c7c-97ef-68570d657689)
2026-08-18 11:09:54  INFO          Descargado (7.4 MB)
2026-08-18 11:09:54  INFO    [198/210] 2.1 create_a_date_calculation_starter (v2)
2026-08-18 11:09:54  INFO          Proyecto: Development/Formacion Information Labs
2026-08-18 11:09:55  INFO  Downloaded workbook revision None to C:\tabcmd\TableauGitHub\Tableau Workbooks\Development\Formacion Information Labs\2.1 create_a_date_calculation_starter_v2.twbx (ID: 126a0640-e14c-4bf7-b57f-d7367de2725f)
2026-08-18 11:09:55  INFO          Descargado (2.1 MB)
2026-08-18 11:09:55  INFO    [199/210] 1. create_a_group_starter (v1)
2026-08-18 11:09:55  INFO          Proyecto: Development/Formacion Information Labs
2026-08-18 11:09:55  INFO  Downloaded workbook revision None to C:\tabcmd\TableauGitHub\Tableau Workbooks\Development\Formacion Information Labs\1. create_a_group_starter_v1.twbx (ID: 39577468-5863-47ec-9a42-93a344888d42)
2026-08-18 11:09:55  INFO          Descargado (5.7 MB)
2026-08-18 11:09:55  INFO    [200/210] 2.1 Build a combined axis chart started (26092024) (v1)
2026-08-18 11:09:55  INFO          Proyecto: Development/Formacion Information Labs
2026-08-18 11:09:56  INFO  Downloaded workbook revision None to C:\tabcmd\TableauGitHub\Tableau Workbooks\Development\Formacion Information Labs\2.1 Build a combined axis chart started (26092024)_v1.twbx (ID: 05776610-411a-48c9-b038-be913c2b0c16)
2026-08-18 11:09:56  INFO          Descargado (0.0 MB)
2026-08-18 11:09:56  INFO    [201/210] 2. apply_a_rank_table_calculation_starter (v2)
2026-08-18 11:09:56  INFO          Proyecto: Development/Formacion Information Labs
2026-08-18 11:09:57  INFO  Downloaded workbook revision None to C:\tabcmd\TableauGitHub\Tableau Workbooks\Development\Formacion Information Labs\2. apply_a_rank_table_calculation_starter_v2.twbx (ID: 5b2cc427-72cd-4e34-8358-e7d0603e65fb)
2026-08-18 11:09:57  INFO          Descargado (5.7 MB)
2026-08-18 11:09:57  INFO    [202/210] 3. build_an_interactive_dashboard_starter (v1)
2026-08-18 11:09:57  INFO          Proyecto: Development/Formacion Information Labs
2026-08-18 11:09:58  INFO  Downloaded workbook revision None to C:\tabcmd\TableauGitHub\Tableau Workbooks\Development\Formacion Information Labs\3. build_an_interactive_dashboard_starter_v1.twbx (ID: 5b57dfb9-8664-4928-9127-c1fa5e6d0032)
2026-08-18 11:09:58  INFO          Descargado (2.1 MB)
2026-08-18 11:09:58  INFO    [203/210] 4. use_a_histogram_to_view_distributions_starter (v2)
2026-08-18 11:09:58  INFO          Proyecto: Development/Formacion Information Labs
2026-08-18 11:09:59  INFO  Downloaded workbook revision None to C:\tabcmd\TableauGitHub\Tableau Workbooks\Development\Formacion Information Labs\4. use_a_histogram_to_view_distributions_starter_v2.twbx (ID: 13d9c47d-da83-4d89-8341-64d7c7599423)
2026-08-18 11:09:59  INFO          Descargado (4.3 MB)
2026-08-18 11:09:59  INFO    [204/210] 1. build_a_combo_chart_starter (v1)
2026-08-18 11:09:59  INFO          Proyecto: Development/Formacion Information Labs
2026-08-18 11:09:59  INFO  Downloaded workbook revision None to C:\tabcmd\TableauGitHub\Tableau Workbooks\Development\Formacion Information Labs\1. build_a_combo_chart_starter_v1.twbx (ID: 20242ea4-83af-40f3-956b-e717cef89bcc)
2026-08-18 11:09:59  INFO          Descargado (0.2 MB)
2026-08-18 11:09:59  INFO    [205/210] 4. use_an_aggregated_dimension_in_a_calculation_starter (v2)
2026-08-18 11:09:59  INFO          Proyecto: Development/Formacion Information Labs
2026-08-18 11:10:00  INFO  Downloaded workbook revision None to C:\tabcmd\TableauGitHub\Tableau Workbooks\Development\Formacion Information Labs\4. use_an_aggregated_dimension_in_a_calculation_starter_v2.twbx (ID: 80c6e611-b31a-400d-a295-ffb14d01250b)
2026-08-18 11:10:00  INFO          Descargado (5.9 MB)
2026-08-18 11:10:00  INFO    [206/210] 3. build_a_pie_chart_starter (v2)
2026-08-18 11:10:00  INFO          Proyecto: Development/Formacion Information Labs
2026-08-18 11:10:01  INFO  Downloaded workbook revision None to C:\tabcmd\TableauGitHub\Tableau Workbooks\Development\Formacion Information Labs\3. build_a_pie_chart_starter_v2.twbx (ID: a365f21b-7682-49ef-90a1-212cbdf31f6e)
2026-08-18 11:10:01  INFO          Descargado (2.1 MB)
2026-08-18 11:10:01  INFO    [207/210] 2. build_a_scatter_plot_starter (v1)
2026-08-18 11:10:01  INFO          Proyecto: Development/Formacion Information Labs
2026-08-18 11:10:01  INFO  Downloaded workbook revision None to C:\tabcmd\TableauGitHub\Tableau Workbooks\Development\Formacion Information Labs\2. build_a_scatter_plot_starter_v1.twbx (ID: c9f1b1cb-a435-4e24-a296-5f29733f5bdc)
2026-08-18 11:10:01  INFO          Descargado (0.5 MB)
2026-08-18 11:10:01  INFO    [208/210] 1. Actividad Global Library (v1)
2026-08-18 11:10:01  INFO          Proyecto: Development/Formacion Information Labs
2026-08-18 11:10:01  INFO  Downloaded workbook revision None to C:\tabcmd\TableauGitHub\Tableau Workbooks\Development\Formacion Information Labs\1. Actividad Global Library_v1.twbx (ID: b6b7f3c5-b086-4fca-959b-374531d13f30)
2026-08-18 11:10:01  INFO          Descargado (0.0 MB)
2026-08-18 11:10:01  INFO    [209/210] 3. create_trend_lines_with_small_multiples_starter (v2)
2026-08-18 11:10:01  INFO          Proyecto: Development/Formacion Information Labs
2026-08-18 11:10:02  INFO  Downloaded workbook revision None to C:\tabcmd\TableauGitHub\Tableau Workbooks\Development\Formacion Information Labs\3. create_trend_lines_with_small_multiples_starter_v2.twbx (ID: 2e65365e-21ef-4e68-9026-f51030f86c51)
2026-08-18 11:10:02  INFO          Descargado (5.9 MB)
2026-08-18 11:10:02  INFO    [210/210] 3. add_two_types_of_reference__lines_starter (v1)
2026-08-18 11:10:02  INFO          Proyecto: Development/Formacion Information Labs
2026-08-18 11:10:03  INFO  Downloaded workbook revision None to C:\tabcmd\TableauGitHub\Tableau Workbooks\Development\Formacion Information Labs\3. add_two_types_of_reference__lines_starter_v1.twbx (ID: 2848053c-fe8f-49fa-8624-4f04aaa8d71a)
2026-08-18 11:10:03  INFO          Descargado (2.1 MB)
2026-08-18 11:10:03  INFO  Signed out
2026-08-18 11:10:03  INFO  [8/8] Resumen
2026-08-18 11:10:03  INFO  ============================================================
2026-08-18 11:10:03  INFO  RESUMEN DE LA EJECUCION
2026-08-18 11:10:03  INFO  ============================================================
2026-08-18 11:10:03  INFO  Workbooks con version nueva ... 210
2026-08-18 11:10:03  INFO  Descargados correctamente ..... 210
2026-08-18 11:10:03  INFO  Con error ...................... 0
2026-08-18 11:10:03  INFO  Versiones retiradas ............ 0
2026-08-18 11:10:03  INFO  Lotes subidos a GitHub ......... 0
2026-08-18 11:10:03  INFO  Lotes fallidos ................. 0
2026-08-18 11:10:03  INFO  Tiempo total ................... 5m 35s
2026-08-18 11:10:03  INFO  ============================================================
2026-08-18 11:10:03  INFO  BACKUP COMPLETADO SIN ERRORES
2026-08-18 11:10:03  INFO  ============================================================
2026-08-18 11:17:10  INFO  ============================================================
2026-08-18 11:17:10  INFO  BACKUP TABLEAU -> GITHUB
2026-08-18 11:17:10  INFO  ============================================================
2026-08-18 11:17:10  INFO  Configuracion cargada y validada
2026-08-18 11:17:10  INFO  [1/8] Borrando las listas anteriores
2026-08-18 11:17:10  INFO        Listo
2026-08-18 11:17:10  INFO  [2/8] Consultando Oracle (versionado + lista de descarga)
2026-08-18 11:17:12  INFO        Listas generadas
2026-08-18 11:17:12  INFO  [3/8] Leyendo las listas
2026-08-18 11:17:12  INFO        210 workbooks con version nueva que descargar
2026-08-18 11:17:12  INFO        0 versiones marcadas para retirar de GitHub hoy
2026-08-18 11:17:12  INFO  [4/8] Sincronizando con GitHub
2026-08-18 11:18:00  INFO        Carpeta local alineada con el repositorio
2026-08-18 11:18:00  INFO  [5/8] Preparando la carpeta de descargas
2026-08-18 11:18:00  INFO        Nada que retirar hoy
2026-08-18 11:18:00  INFO  [6/8] Conectando con Tableau
2026-08-18 11:18:01  INFO  Signed into https://dub01.online.tableau.com as user with id ae9b04e0-08c6-4b88-9bb9-595a9d2d1fa3
2026-08-18 11:18:01  INFO        Conectado
2026-08-18 11:18:01  INFO  [7/8] Descargando y subiendo en lotes de 8
2026-08-18 11:18:01  INFO    [1/210] Admin Insights Starter (v319)
2026-08-18 11:18:01  INFO          Proyecto: Admin Insights
2026-08-18 11:18:01  INFO          Ya existe en disco, no se descarga de nuevo
2026-08-18 11:18:01  INFO    [2/210] GroupsDescarga (v3)
2026-08-18 11:18:01  INFO          Proyecto: Admin Insights/Control Interno
2026-08-18 11:18:01  INFO          Ya existe en disco, no se descarga de nuevo
2026-08-18 11:18:01  INFO    [3/210] AdminInsightsStarter (v1)
2026-08-18 11:18:01  INFO          Proyecto: Admin Insights/Control Interno
2026-08-18 11:18:01  INFO          Ya existe en disco, no se descarga de nuevo
2026-08-18 11:18:01  INFO    [4/210] SiteContentDescarga (v4)
2026-08-18 11:18:01  INFO          Proyecto: Admin Insights/Control Interno
2026-08-18 11:18:01  INFO          Ya existe en disco, no se descarga de nuevo
2026-08-18 11:18:01  INFO    [5/210] Control (v1)
2026-08-18 11:18:01  INFO          Proyecto: Admin Insights/Control Interno
2026-08-18 11:18:01  INFO          Ya existe en disco, no se descarga de nuevo
2026-08-18 11:18:01  INFO    [6/210] PermissionsDescarga (v4)
2026-08-18 11:18:01  INFO          Proyecto: Admin Insights/Control Interno
2026-08-18 11:18:01  INFO          Ya existe en disco, no se descarga de nuevo
2026-08-18 11:18:01  INFO    [7/210] PlantillaEmpleados (v1)
2026-08-18 11:18:01  INFO          Proyecto: Admin Insights/Control Interno
2026-08-18 11:18:01  INFO          Ya existe en disco, no se descarga de nuevo
2026-08-18 11:18:01  INFO    [8/210] Self Service PRO Anonimizado (v2)
2026-08-18 11:18:01  INFO          Proyecto: Admin Insights/Control Interno
2026-08-18 11:18:01  INFO          Ya existe en disco, no se descarga de nuevo
2026-08-18 11:18:01  INFO    --- Subiendo lote (8/210 workbooks procesados) ---
2026-08-18 11:18:02  INFO          Sin cambios que subir
2026-08-18 11:18:02  INFO          Lote subido
2026-08-18 11:18:03  INFO          8 version(es) marcadas como subidas en Oracle
2026-08-18 11:18:03  INFO    [9/210] Estado_Procesos (v26)
2026-08-18 11:18:03  INFO          Proyecto: Admin Insights/Control Interno
2026-08-18 11:18:03  INFO          Ya existe en disco, no se descarga de nuevo
2026-08-18 11:18:03  INFO    [10/210] TS Event Descarga (v6)
2026-08-18 11:18:03  INFO          Proyecto: Admin Insights/Control Interno
2026-08-18 11:18:03  INFO          Ya existe en disco, no se descarga de nuevo
2026-08-18 11:18:03  INFO    [11/210] SharepointEmployeesList (v1)
2026-08-18 11:18:03  INFO          Proyecto: Admin Insights/Control Interno
2026-08-18 11:18:03  INFO          Ya existe en disco, no se descarga de nuevo
2026-08-18 11:18:03  INFO    [12/210] Venta Interna PRO Anonimizado (v2)
2026-08-18 11:18:03  INFO          Proyecto: Admin Insights/Control Interno
2026-08-18 11:18:03  INFO          Ya existe en disco, no se descarga de nuevo
2026-08-18 11:18:03  INFO    [13/210] Control Grupos, usuarios y actividad (v23)
2026-08-18 11:18:03  INFO          Proyecto: Admin Insights/Control Interno
2026-08-18 11:18:03  INFO          Ya existe en disco, no se descarga de nuevo
2026-08-18 11:18:03  INFO    [14/210] Control Pedidos (v3)
2026-08-18 11:18:03  INFO          Proyecto: Admin Insights/Control Interno
2026-08-18 11:18:03  INFO          Ya existe en disco, no se descarga de nuevo
2026-08-18 11:18:03  INFO    [15/210] Tableau Volume (v7)
2026-08-18 11:18:03  INFO          Proyecto: Admin Insights/Control Interno
2026-08-18 11:18:03  INFO          Ya existe en disco, no se descarga de nuevo
2026-08-18 11:18:03  INFO    [16/210] Tableau Usage (v24)
2026-08-18 11:18:03  INFO          Proyecto: Admin Insights/Control Interno
2026-08-18 11:18:03  INFO          Ya existe en disco, no se descarga de nuevo
2026-08-18 11:18:03  INFO    --- Subiendo lote (16/210 workbooks procesados) ---
2026-08-18 11:18:03  INFO          Sin cambios que subir
2026-08-18 11:18:03  INFO          Lote subido
2026-08-18 11:18:03  INFO          8 version(es) marcadas como subidas en Oracle
2026-08-18 11:18:03  INFO    [17/210] Home (v244)
2026-08-18 11:18:03  INFO          Proyecto: Production
2026-08-18 11:18:03  INFO          Ya existe en disco, no se descarga de nuevo
2026-08-18 11:18:03  INFO    [18/210] Pharma Visits Mex (v6)
2026-08-18 11:18:03  INFO          Proyecto: Production/Dashboards/Hexagono
2026-08-18 11:18:03  INFO          Ya existe en disco, no se descarga de nuevo
2026-08-18 11:18:03  INFO    [19/210] Training & Learning (v34)
2026-08-18 11:18:03  INFO          Proyecto: Production/Dashboards/Hexagono
2026-08-18 11:18:03  INFO          Ya existe en disco, no se descarga de nuevo
2026-08-18 11:18:03  INFO    [20/210] VF Dashboard (v25)
2026-08-18 11:18:03  INFO          Proyecto: Production/Dashboards/Hexagono
2026-08-18 11:18:03  INFO          Ya existe en disco, no se descarga de nuevo
2026-08-18 11:18:03  INFO    [21/210] Digital Marketing PRO (v13)
2026-08-18 11:18:03  INFO          Proyecto: Production/Dashboards/Hexagono
2026-08-18 11:18:03  INFO          Ya existe en disco, no se descarga de nuevo
2026-08-18 11:18:03  INFO    [22/210] Order to Cash PRO (v29)
2026-08-18 11:18:03  INFO          Proyecto: Production/Dashboards/Hexagono
2026-08-18 11:18:03  INFO          Ya existe en disco, no se descarga de nuevo
2026-08-18 11:18:03  INFO    [23/210] Home Hexagon (v13)
2026-08-18 11:18:03  INFO          Proyecto: Production/Dashboards/Hexagono
2026-08-18 11:18:03  INFO          Ya existe en disco, no se descarga de nuevo
2026-08-18 11:18:03  INFO    [24/210] Seguimiento Presupuesto (v2)
2026-08-18 11:18:03  INFO          Proyecto: Production/Dashboards/Performance Sell In
2026-08-18 11:18:03  INFO          Ya existe en disco, no se descarga de nuevo
2026-08-18 11:18:03  INFO    --- Subiendo lote (24/210 workbooks procesados) ---
2026-08-18 11:18:04  INFO          Sin cambios que subir
2026-08-18 11:18:04  INFO          Lote subido
2026-08-18 11:18:04  INFO          8 version(es) marcadas como subidas en Oracle
2026-08-18 11:18:04  INFO    [25/210] Zoom VN (v37)
2026-08-18 11:18:04  INFO          Proyecto: Production/Dashboards/Performance Sell In
2026-08-18 11:18:04  INFO          Ya existe en disco, no se descarga de nuevo
2026-08-18 11:18:04  INFO    [26/210] Daily Net Sales (v9)
2026-08-18 11:18:04  INFO          Proyecto: Production/Dashboards/Performance Sell In
2026-08-18 11:18:04  INFO          Ya existe en disco, no se descarga de nuevo
2026-08-18 11:18:04  INFO    [27/210] Seguimiento Performance Sell In (v37)
2026-08-18 11:18:04  INFO          Proyecto: Production/Dashboards/Performance Sell In
2026-08-18 11:18:04  INFO          Ya existe en disco, no se descarga de nuevo
2026-08-18 11:18:04  INFO    [28/210] Ceco Cuenta (v6)
2026-08-18 11:18:04  INFO          Proyecto: Production/Dashboards/Performance Sell In
2026-08-18 11:18:04  INFO          Ya existe en disco, no se descarga de nuevo
2026-08-18 11:18:04  INFO    [29/210] Self Service PRO (v100)
2026-08-18 11:18:04  INFO          Proyecto: Production/Dashboards/Performance Sell In
2026-08-18 11:18:04  INFO          Ya existe en disco, no se descarga de nuevo
2026-08-18 11:18:04  INFO    [30/210] Termometro Ventas Diarias (v46)
2026-08-18 11:18:04  INFO          Proyecto: Production/Dashboards/Performance Sell In
2026-08-18 11:18:04  INFO          Ya existe en disco, no se descarga de nuevo
2026-08-18 11:18:04  INFO    [31/210] Venta Interna PRO (v69)
2026-08-18 11:18:04  INFO          Proyecto: Production/Dashboards/Performance Sell In
2026-08-18 11:18:04  INFO          Ya existe en disco, no se descarga de nuevo
2026-08-18 11:18:04  INFO    [32/210] Zoom Dtos BU (v11)
2026-08-18 11:18:04  INFO          Proyecto: Production/Dashboards/Performance Sell In
2026-08-18 11:18:04  INFO          Ya existe en disco, no se descarga de nuevo
2026-08-18 11:18:04  INFO    --- Subiendo lote (32/210 workbooks procesados) ---
2026-08-18 11:18:04  INFO          Sin cambios que subir
2026-08-18 11:18:04  INFO          Lote subido
2026-08-18 11:18:04  INFO          8 version(es) marcadas como subidas en Oracle
2026-08-18 11:18:04  INFO    [33/210] Termometro Ventas Mensuales (v47)
2026-08-18 11:18:05  INFO          Proyecto: Production/Dashboards/Performance Sell In
2026-08-18 11:18:05  INFO          Ya existe en disco, no se descarga de nuevo
2026-08-18 11:18:05  INFO    [34/210] Venta Interna - YTD (v1)
2026-08-18 11:18:05  INFO          Proyecto: Production/Dashboards/Performance Sell In
2026-08-18 11:18:05  INFO          Ya existe en disco, no se descarga de nuevo
2026-08-18 11:18:05  INFO    [35/210] PL (v36)
2026-08-18 11:18:05  INFO          Proyecto: Production/Dashboards/Performance Sell In
2026-08-18 11:18:05  INFO          Ya existe en disco, no se descarga de nuevo
2026-08-18 11:18:05  INFO    [36/210] Venta Interna - MTD (v1)
2026-08-18 11:18:05  INFO          Proyecto: Production/Dashboards/Performance Sell In
2026-08-18 11:18:05  INFO          Ya existe en disco, no se descarga de nuevo
2026-08-18 11:18:05  INFO    [37/210] Informe Actividad por Tipo Centro (v24)
2026-08-18 11:18:05  INFO          Proyecto: Production/Dashboards/Ad hoc Reports/BI Local/BI España
2026-08-18 11:18:05  INFO          Ya existe en disco, no se descarga de nuevo
2026-08-18 11:18:05  INFO    [38/210] Proyeccion Preventa Heliocare (v5)
2026-08-18 11:18:05  INFO          Proyecto: Production/Dashboards/Ad hoc Reports/BI Local/BI España
2026-08-18 11:18:05  INFO          Ya existe en disco, no se descarga de nuevo
2026-08-18 11:18:05  INFO    [39/210] Rankings (v69)
2026-08-18 11:18:05  INFO          Proyecto: Production/Dashboards/Ad hoc Reports/BI Local/BI España
2026-08-18 11:18:05  INFO          Ya existe en disco, no se descarga de nuevo
2026-08-18 11:18:05  INFO    [40/210] Analisis por Tipo Venta (v18)
2026-08-18 11:18:05  INFO          Proyecto: Production/Dashboards/Ad hoc Reports/BI Local/BI España
2026-08-18 11:18:05  INFO          Ya existe en disco, no se descarga de nuevo
2026-08-18 11:18:05  INFO    --- Subiendo lote (40/210 workbooks procesados) ---
2026-08-18 11:18:05  INFO          Sin cambios que subir
2026-08-18 11:18:05  INFO          Lote subido
2026-08-18 11:18:05  INFO          8 version(es) marcadas como subidas en Oracle
2026-08-18 11:18:05  INFO    [41/210] CdM Informes Delegado (v59)
2026-08-18 11:18:05  INFO          Proyecto: Production/Dashboards/Ad hoc Reports/BI Local/BI España
2026-08-18 11:18:05  INFO          Ya existe en disco, no se descarga de nuevo
2026-08-18 11:18:05  INFO    [42/210] CdM Area Clientes (v349)
2026-08-18 11:18:05  INFO          Proyecto: Production/Dashboards/Ad hoc Reports/BI Local/BI España
2026-08-18 11:18:05  INFO          Ya existe en disco, no se descarga de nuevo
2026-08-18 11:18:05  INFO    [43/210] CdM Rankings-Area Clientes (v28)
2026-08-18 11:18:05  INFO          Proyecto: Production/Dashboards/Ad hoc Reports/BI Local/BI España
2026-08-18 11:18:05  INFO          Ya existe en disco, no se descarga de nuevo
2026-08-18 11:18:05  INFO    [44/210] CdM PLUS Incentivos (v111)
2026-08-18 11:18:05  INFO          Proyecto: Production/Dashboards/Ad hoc Reports/BI Local/BI España
2026-08-18 11:18:05  INFO          Ya existe en disco, no se descarga de nuevo
2026-08-18 11:18:05  INFO    [45/210] CdM Matrices (v94)
2026-08-18 11:18:05  INFO          Proyecto: Production/Dashboards/Ad hoc Reports/BI Local/BI España
2026-08-18 11:18:05  INFO          Ya existe en disco, no se descarga de nuevo
2026-08-18 11:18:05  INFO    [46/210] CdM Venta Interna (v235)
2026-08-18 11:18:05  INFO          Proyecto: Production/Dashboards/Ad hoc Reports/BI Local/BI España
2026-08-18 11:18:05  INFO          Ya existe en disco, no se descarga de nuevo
2026-08-18 11:18:05  INFO    [47/210] IAD Salesforce (v113)
2026-08-18 11:18:05  INFO          Proyecto: Production/Dashboards/Ad hoc Reports/BI Local/BI España
2026-08-18 11:18:05  INFO          Ya existe en disco, no se descarga de nuevo
2026-08-18 11:18:05  INFO    [48/210] Informe Provision Rappel (v36)
2026-08-18 11:18:05  INFO          Proyecto: Production/Dashboards/Ad hoc Reports/BI Local/BI España
2026-08-18 11:18:05  INFO          Ya existe en disco, no se descarga de nuevo
2026-08-18 11:18:05  INFO    --- Subiendo lote (48/210 workbooks procesados) ---
2026-08-18 11:18:05  INFO          Sin cambios que subir
2026-08-18 11:18:05  INFO          Lote subido
2026-08-18 11:18:06  INFO          8 version(es) marcadas como subidas en Oracle
2026-08-18 11:18:06  INFO    [49/210] CdM Unidades Regulatorio (v7)
2026-08-18 11:18:06  INFO          Proyecto: Production/Dashboards/Ad hoc Reports/BI Local/BI España
2026-08-18 11:18:06  INFO          Ya existe en disco, no se descarga de nuevo
2026-08-18 11:18:06  INFO    [50/210] CdM Sell out (v62)
2026-08-18 11:18:06  INFO          Proyecto: Production/Dashboards/Ad hoc Reports/BI Local/BI España
2026-08-18 11:18:06  INFO          Ya existe en disco, no se descarga de nuevo
2026-08-18 11:18:06  INFO    [51/210] CdM AP Incentivos (v25)
2026-08-18 11:18:06  INFO          Proyecto: Production/Dashboards/Ad hoc Reports/BI Local/BI España
2026-08-18 11:18:06  INFO          Ya existe en disco, no se descarga de nuevo
2026-08-18 11:18:06  INFO    [52/210] KPIs Estrategicos (v6)
2026-08-18 11:18:06  INFO          Proyecto: Production/Dashboards/Ad hoc Reports/BI Local/BI España
2026-08-18 11:18:06  INFO          Ya existe en disco, no se descarga de nuevo
2026-08-18 11:18:06  INFO    [53/210] CdM Clientes - Filtro Facturacion (v31)
2026-08-18 11:18:06  INFO          Proyecto: Production/Dashboards/Ad hoc Reports/BI Local/BI España
2026-08-18 11:18:06  INFO          Ya existe en disco, no se descarga de nuevo
2026-08-18 11:18:06  INFO    [54/210] Estrategia Ciclo (v24)
2026-08-18 11:18:06  INFO          Proyecto: Production/Dashboards/Ad hoc Reports/BI Local/BI España
2026-08-18 11:18:06  INFO          Ya existe en disco, no se descarga de nuevo
2026-08-18 11:18:06  INFO    [55/210] CdM Red Select Ejecutivo (v59)
2026-08-18 11:18:06  INFO          Proyecto: Production/Dashboards/Ad hoc Reports/BI Local/BI España
2026-08-18 11:18:06  INFO          Ya existe en disco, no se descarga de nuevo
2026-08-18 11:18:06  INFO    [56/210] Seguimiento Acuerdos Comerciales (v34)
2026-08-18 11:18:06  INFO          Proyecto: Production/Dashboards/Ad hoc Reports/BI Local/BI España
2026-08-18 11:18:06  INFO          Ya existe en disco, no se descarga de nuevo
2026-08-18 11:18:06  INFO    --- Subiendo lote (56/210 workbooks procesados) ---
2026-08-18 11:18:06  INFO          Sin cambios que subir
2026-08-18 11:18:06  INFO          Lote subido
2026-08-18 11:18:06  INFO          8 version(es) marcadas como subidas en Oracle
2026-08-18 11:18:06  INFO    [57/210] CdM Gastos Red Comercial (v27)
2026-08-18 11:18:06  INFO          Proyecto: Production/Dashboards/Ad hoc Reports/BI Local/BI España
2026-08-18 11:18:06  INFO          Ya existe en disco, no se descarga de nuevo
2026-08-18 11:18:06  INFO    [58/210] CdM Campañas (v30)
2026-08-18 11:18:06  INFO          Proyecto: Production/Dashboards/Ad hoc Reports/BI Local/BI España
2026-08-18 11:18:06  INFO          Ya existe en disco, no se descarga de nuevo
2026-08-18 11:18:06  INFO    [59/210] Analisis Importe Pendiente (v11)
2026-08-18 11:18:06  INFO          Proyecto: Production/Dashboards/Ad hoc Reports/BI Local/BI España
2026-08-18 11:18:06  INFO          Ya existe en disco, no se descarga de nuevo
2026-08-18 11:18:06  INFO    [60/210] CdM CARE Incentivos (v21)
2026-08-18 11:18:06  INFO          Proyecto: Production/Dashboards/Ad hoc Reports/BI Local/BI España
2026-08-18 11:18:06  INFO          Ya existe en disco, no se descarga de nuevo
2026-08-18 11:18:06  INFO    [61/210] Informe Clientes sin Venta (con Prop.) (v3)
2026-08-18 11:18:06  INFO          Proyecto: Production/Dashboards/Ad hoc Reports/BI Local/BI España
2026-08-18 11:18:06  INFO          Ya existe en disco, no se descarga de nuevo
2026-08-18 11:18:06  INFO    [62/210] CdM DERM Incentivos (v90)
2026-08-18 11:18:06  INFO          Proyecto: Production/Dashboards/Ad hoc Reports/BI Local/BI España
2026-08-18 11:18:06  INFO          Ya existe en disco, no se descarga de nuevo
2026-08-18 11:18:06  INFO    [63/210] CdM COACH Incentivos (v58)
2026-08-18 11:18:06  INFO          Proyecto: Production/Dashboards/Ad hoc Reports/BI Local/BI España
2026-08-18 11:18:06  INFO          Ya existe en disco, no se descarga de nuevo
2026-08-18 11:18:06  INFO    [64/210] Uds Proyectadas (v39)
2026-08-18 11:18:06  INFO          Proyecto: Production/Dashboards/Ad hoc Reports/BI Local/BI España
2026-08-18 11:18:06  INFO          Ya existe en disco, no se descarga de nuevo
2026-08-18 11:18:06  INFO    --- Subiendo lote (64/210 workbooks procesados) ---
2026-08-18 11:18:06  INFO          Sin cambios que subir
2026-08-18 11:18:06  INFO          Lote subido
2026-08-18 11:18:06  INFO          8 version(es) marcadas como subidas en Oracle
2026-08-18 11:18:06  INFO    [65/210] CdM Redención (v61)
2026-08-18 11:18:06  INFO          Proyecto: Production/Dashboards/Ad hoc Reports/BI Local/BI España
2026-08-18 11:18:07  INFO          Ya existe en disco, no se descarga de nuevo
2026-08-18 11:18:07  INFO    [66/210] CdM NEO Incentivos (v84)
2026-08-18 11:18:07  INFO          Proyecto: Production/Dashboards/Ad hoc Reports/BI Local/BI España
2026-08-18 11:18:07  INFO          Ya existe en disco, no se descarga de nuevo
2026-08-18 11:18:07  INFO    [67/210] CdM Preventas (v52)
2026-08-18 11:18:07  INFO          Proyecto: Production/Dashboards/Ad hoc Reports/BI Local/BI España
2026-08-18 11:18:07  INFO          Ya existe en disco, no se descarga de nuevo
2026-08-18 11:18:07  INFO    [68/210] CdM Tarifa de Precios y Uds Caja (v26)
2026-08-18 11:18:07  INFO          Proyecto: Production/Dashboards/Ad hoc Reports/BI Local/BI España
2026-08-18 11:18:07  INFO          Ya existe en disco, no se descarga de nuevo
2026-08-18 11:18:07  INFO    [69/210] Analisis de Mercados (v35)
2026-08-18 11:18:07  INFO          Proyecto: Production/Dashboards/Ad hoc Reports/BI Local/BI España
2026-08-18 11:18:07  INFO          Ya existe en disco, no se descarga de nuevo
2026-08-18 11:18:07  INFO    [70/210] Seguridad Dashboards (v12)
2026-08-18 11:18:07  INFO          Proyecto: Production/Dashboards/Ad hoc Reports/BI Local/BI España
2026-08-18 11:18:07  INFO          Ya existe en disco, no se descarga de nuevo
2026-08-18 11:18:07  INFO    [71/210] CdM Integral - Actividad (v131)
2026-08-18 11:18:07  INFO          Proyecto: Production/Dashboards/Ad hoc Reports/BI Local/BI España
2026-08-18 11:18:07  INFO          Ya existe en disco, no se descarga de nuevo
2026-08-18 11:18:07  INFO    [72/210] CdM Matrices Cosm (v13)
2026-08-18 11:18:07  INFO          Proyecto: Production/Dashboards/Ad hoc Reports/BI Local/BI España
2026-08-18 11:18:07  INFO          Ya existe en disco, no se descarga de nuevo
2026-08-18 11:18:07  INFO    --- Subiendo lote (72/210 workbooks procesados) ---
2026-08-18 11:18:07  INFO          Sin cambios que subir
2026-08-18 11:18:07  INFO          Lote subido
2026-08-18 11:18:07  INFO          8 version(es) marcadas como subidas en Oracle
2026-08-18 11:18:07  INFO    [73/210] Analisis Packs (v13)
2026-08-18 11:18:07  INFO          Proyecto: Production/Dashboards/Ad hoc Reports/BI Local/BI España
2026-08-18 11:18:07  INFO          Ya existe en disco, no se descarga de nuevo
2026-08-18 11:18:07  INFO    [74/210] CdM Area Clientes Self Service (v115)
2026-08-18 11:18:07  INFO          Proyecto: Production/Dashboards/Ad hoc Reports/BI Local/BI España
2026-08-18 11:18:07  INFO          Ya existe en disco, no se descarga de nuevo
2026-08-18 11:18:07  INFO    [75/210] Presupuesto Internas (v34)
2026-08-18 11:18:07  INFO          Proyecto: Production/Dashboards/Ad hoc Reports/BI Local/BI España
2026-08-18 11:18:07  INFO          Ya existe en disco, no se descarga de nuevo
2026-08-18 11:18:07  INFO    [76/210] Informe Incentivos Cobrados (v6)
2026-08-18 11:18:07  INFO          Proyecto: Production/Dashboards/Ad hoc Reports/BI Local/BI España
2026-08-18 11:18:07  INFO          Ya existe en disco, no se descarga de nuevo
2026-08-18 11:18:07  INFO    [77/210] CdM SKIN Incentivos (v85)
2026-08-18 11:18:07  INFO          Proyecto: Production/Dashboards/Ad hoc Reports/BI Local/BI España
2026-08-18 11:18:07  INFO          Ya existe en disco, no se descarga de nuevo
2026-08-18 11:18:07  INFO    [78/210] CdM Select Self Service (v24)
2026-08-18 11:18:07  INFO          Proyecto: Production/Dashboards/Ad hoc Reports/BI Local/BI España
2026-08-18 11:18:07  INFO          Ya existe en disco, no se descarga de nuevo
2026-08-18 11:18:07  INFO    [79/210] CdM Integral Self Service AA (v58)
2026-08-18 11:18:07  INFO          Proyecto: Production/Dashboards/Ad hoc Reports/BI Local/BI España
2026-08-18 11:18:07  INFO          Ya existe en disco, no se descarga de nuevo
2026-08-18 11:18:07  INFO    [80/210] CdM Incentivos Global (v16)
2026-08-18 11:18:07  INFO          Proyecto: Production/Dashboards/Ad hoc Reports/BI Local/BI España
2026-08-18 11:18:07  INFO          Ya existe en disco, no se descarga de nuevo
2026-08-18 11:18:07  INFO    --- Subiendo lote (80/210 workbooks procesados) ---
2026-08-18 11:18:07  INFO          Sin cambios que subir
2026-08-18 11:18:07  INFO          Lote subido
2026-08-18 11:18:08  INFO          8 version(es) marcadas como subidas en Oracle
2026-08-18 11:18:08  INFO    [81/210] Auditoria Cod JDE - Cod SF (v9)
2026-08-18 11:18:08  INFO          Proyecto: Production/Dashboards/Ad hoc Reports/BI Local/BI España/Informes Automaticos
2026-08-18 11:18:08  INFO          Ya existe en disco, no se descarga de nuevo
2026-08-18 11:18:08  INFO    [82/210] CdM SRI Producto Agrupado YTD (v3)
2026-08-18 11:18:08  INFO          Proyecto: Production/Dashboards/Ad hoc Reports/BI Local/BI España/Informes Automaticos
2026-08-18 11:18:08  INFO          Ya existe en disco, no se descarga de nuevo
2026-08-18 11:18:08  INFO    [83/210] CdM Venta Interna Detalle Marca MTD (v5)
2026-08-18 11:18:08  INFO          Proyecto: Production/Dashboards/Ad hoc Reports/BI Local/BI España/Informes Automaticos
2026-08-18 11:18:08  INFO          Ya existe en disco, no se descarga de nuevo
2026-08-18 11:18:08  INFO    [84/210] CdM Venta Interna Detalle Producto Agrupado YTD (v6)
2026-08-18 11:18:08  INFO          Proyecto: Production/Dashboards/Ad hoc Reports/BI Local/BI España/Informes Automaticos
2026-08-18 11:18:08  INFO          Ya existe en disco, no se descarga de nuevo
2026-08-18 11:18:08  INFO    [85/210] CdM SRI Marca YTD (v3)
2026-08-18 11:18:08  INFO          Proyecto: Production/Dashboards/Ad hoc Reports/BI Local/BI España/Informes Automaticos
2026-08-18 11:18:08  INFO          Ya existe en disco, no se descarga de nuevo
2026-08-18 11:18:08  INFO    [86/210] CdM Venta Interna Detalle Marca YTD (v10)
2026-08-18 11:18:08  INFO          Proyecto: Production/Dashboards/Ad hoc Reports/BI Local/BI España/Informes Automaticos
2026-08-18 11:18:08  INFO          Ya existe en disco, no se descarga de nuevo
2026-08-18 11:18:08  INFO    [87/210] CdM SRI Producto Agrupado MTD (v2)
2026-08-18 11:18:08  INFO          Proyecto: Production/Dashboards/Ad hoc Reports/BI Local/BI España/Informes Automaticos
2026-08-18 11:18:08  INFO          Ya existe en disco, no se descarga de nuevo
2026-08-18 11:18:08  INFO    [88/210] CdM Venta Interna Detalle Producto Agrupado MTD (v5)
2026-08-18 11:18:08  INFO          Proyecto: Production/Dashboards/Ad hoc Reports/BI Local/BI España/Informes Automaticos
2026-08-18 11:18:08  INFO          Ya existe en disco, no se descarga de nuevo
2026-08-18 11:18:08  INFO    --- Subiendo lote (88/210 workbooks procesados) ---
2026-08-18 11:18:08  INFO          Sin cambios que subir
2026-08-18 11:18:08  INFO          Lote subido
2026-08-18 11:18:08  INFO          8 version(es) marcadas como subidas en Oracle
2026-08-18 11:18:08  INFO    [89/210] CdM SRI Marca MTD (v2)
2026-08-18 11:18:08  INFO          Proyecto: Production/Dashboards/Ad hoc Reports/BI Local/BI España/Informes Automaticos
2026-08-18 11:18:08  INFO          Ya existe en disco, no se descarga de nuevo
2026-08-18 11:18:08  INFO    [90/210] CdM Clinics Visits - 2024 (v7)
2026-08-18 11:18:08  INFO          Proyecto: Production/Dashboards/Ad hoc Reports/BI Local/BI Portugal
2026-08-18 11:18:08  INFO          Ya existe en disco, no se descarga de nuevo
2026-08-18 11:18:08  INFO    [91/210] Cdm Sellin (v95)
2026-08-18 11:18:08  INFO          Proyecto: Production/Dashboards/Ad hoc Reports/BI Local/BI Portugal
2026-08-18 11:18:08  INFO          Ya existe en disco, no se descarga de nuevo
2026-08-18 11:18:08  INFO    [92/210] Rankings (v27)
2026-08-18 11:18:08  INFO          Proyecto: Production/Dashboards/Ad hoc Reports/BI Local/BI Portugal
2026-08-18 11:18:08  INFO          Ya existe en disco, no se descarga de nuevo
2026-08-18 11:18:08  INFO    [93/210] Report Portugal (v11)
2026-08-18 11:18:08  INFO          Proyecto: Production/Dashboards/Ad hoc Reports/BI Local/BI Portugal
2026-08-18 11:18:08  INFO          Ya existe en disco, no se descarga de nuevo
2026-08-18 11:18:08  INFO    [94/210] CdM Pharmacy Visits (v23)
2026-08-18 11:18:08  INFO          Proyecto: Production/Dashboards/Ad hoc Reports/BI Local/BI Portugal
2026-08-18 11:18:08  INFO          Ya existe en disco, no se descarga de nuevo
2026-08-18 11:18:08  INFO    [95/210] CdM Clinics Visits (v82)
2026-08-18 11:18:08  INFO          Proyecto: Production/Dashboards/Ad hoc Reports/BI Local/BI Portugal
2026-08-18 11:18:08  INFO          Ya existe en disco, no se descarga de nuevo
2026-08-18 11:18:08  INFO    [96/210] CdM Clinics Visits - 2025 (v4)
2026-08-18 11:18:08  INFO          Proyecto: Production/Dashboards/Ad hoc Reports/BI Local/BI Portugal
2026-08-18 11:18:08  INFO          Ya existe en disco, no se descarga de nuevo
2026-08-18 11:18:08  INFO    --- Subiendo lote (96/210 workbooks procesados) ---
2026-08-18 11:18:08  INFO          Sin cambios que subir
2026-08-18 11:18:08  INFO          Lote subido
2026-08-18 11:18:09  INFO          8 version(es) marcadas como subidas en Oracle
2026-08-18 11:18:09  INFO    [97/210] Cdm Sellin SS (v12)
2026-08-18 11:18:09  INFO          Proyecto: Production/Dashboards/Ad hoc Reports/BI Local/BI Portugal
2026-08-18 11:18:09  INFO          Ya existe en disco, no se descarga de nuevo
2026-08-18 11:18:09  INFO    [98/210] Kam Review (v130)
2026-08-18 11:18:09  INFO          Proyecto: Production/Dashboards/Ad hoc Reports/BI Local/BI International
2026-08-18 11:18:09  INFO          Ya existe en disco, no se descarga de nuevo
2026-08-18 11:18:09  INFO    [99/210] Kam Review Histórico (v31)
2026-08-18 11:18:09  INFO          Proyecto: Production/Dashboards/Ad hoc Reports/BI Local/BI International
2026-08-18 11:18:09  INFO          Ya existe en disco, no se descarga de nuevo
2026-08-18 11:18:09  INFO    [100/210] Uds Proyectadas Internacional (v13)
2026-08-18 11:18:09  INFO          Proyecto: Production/Dashboards/Ad hoc Reports/BI Local/BI International
2026-08-18 11:18:09  INFO          Ya existe en disco, no se descarga de nuevo
2026-08-18 11:18:09  INFO    [101/210] Andromedapp (v15)
2026-08-18 11:18:09  INFO          Proyecto: Production/Dashboards/Ad hoc Reports/BI Local/BI México
2026-08-18 11:18:09  INFO          Ya existe en disco, no se descarga de nuevo
2026-08-18 11:18:09  INFO    [102/210] Reporte Diario de Ventas (v28)
2026-08-18 11:18:09  INFO          Proyecto: Production/Dashboards/Ad hoc Reports/BI Local/BI México/Mockups IBS
2026-08-18 11:18:09  INFO          Ya existe en disco, no se descarga de nuevo
2026-08-18 11:18:09  INFO    [103/210] Fill Rate a Detalle (v21)
2026-08-18 11:18:09  INFO          Proyecto: Production/Dashboards/Ad hoc Reports/BI Local/BI México/Mockups IBS
2026-08-18 11:18:09  INFO          Ya existe en disco, no se descarga de nuevo
2026-08-18 11:18:09  INFO    [104/210] Tablero rentabilidad (v2)
2026-08-18 11:18:09  INFO          Proyecto: Production/Dashboards/Ad hoc Reports/BI Local/BI México/Mockups IBS
2026-08-18 11:18:09  INFO          Ya existe en disco, no se descarga de nuevo
2026-08-18 11:18:09  INFO    --- Subiendo lote (104/210 workbooks procesados) ---
2026-08-18 11:18:09  INFO          Sin cambios que subir
2026-08-18 11:18:09  INFO          Lote subido
2026-08-18 11:18:09  INFO          8 version(es) marcadas como subidas en Oracle
2026-08-18 11:18:09  INFO    [105/210] Plan de la Demanda (v3)
2026-08-18 11:18:09  INFO          Proyecto: Production/Dashboards/Ad hoc Reports/BI Local/BI México/Mockups IBS
2026-08-18 11:18:09  INFO          Ya existe en disco, no se descarga de nuevo
2026-08-18 11:18:09  INFO    [106/210] Conciliacion_Financiera (v2)
2026-08-18 11:18:09  INFO          Proyecto: Production/Dashboards/Ad hoc Reports/BI Local/BI México/Mockups IBS
2026-08-18 11:18:09  INFO          Ya existe en disco, no se descarga de nuevo
2026-08-18 11:18:09  INFO    [107/210] Plan de inventarios (v2)
2026-08-18 11:18:09  INFO          Proyecto: Production/Dashboards/Ad hoc Reports/BI Local/BI México/Mockups IBS
2026-08-18 11:18:09  INFO          Ya existe en disco, no se descarga de nuevo
2026-08-18 11:18:09  INFO    [108/210] CdM Stangest (v15)
2026-08-18 11:18:09  INFO          Proyecto: Production/Dashboards/Ad hoc Reports/BI Local/BI Stangest
2026-08-18 11:18:09  INFO          Ya existe en disco, no se descarga de nuevo
2026-08-18 11:18:09  INFO    [109/210] CdM Sell out TOTY (v6)
2026-08-18 11:18:09  INFO          Proyecto: Production/Dashboards/Ad hoc Reports/BI Local/BI Toty
2026-08-18 11:18:09  INFO          Ya existe en disco, no se descarga de nuevo
2026-08-18 11:18:09  INFO    [110/210] Client Corporate Catalog (v3)
2026-08-18 11:18:09  INFO          Proyecto: Production/Dashboards/MDM
2026-08-18 11:18:09  INFO          Ya existe en disco, no se descarga de nuevo
2026-08-18 11:18:09  INFO    [111/210] JDE Product Catalog (v41)
2026-08-18 11:18:09  INFO          Proyecto: Production/Dashboards/MDM
2026-08-18 11:18:09  INFO          Ya existe en disco, no se descarga de nuevo
2026-08-18 11:18:09  INFO    [112/210] CdM Data Source y Workbook (v22)
2026-08-18 11:18:09  INFO          Proyecto: Production/Dashboards/MDM
2026-08-18 11:18:09  INFO          Ya existe en disco, no se descarga de nuevo
2026-08-18 11:18:09  INFO    --- Subiendo lote (112/210 workbooks procesados) ---
2026-08-18 11:18:09  INFO          Sin cambios que subir
2026-08-18 11:18:09  INFO          Lote subido
2026-08-18 11:18:10  INFO          8 version(es) marcadas como subidas en Oracle
2026-08-18 11:18:10  INFO    [113/210] Product Corporate Catalog (v106)
2026-08-18 11:18:10  INFO          Proyecto: Production/Dashboards/MDM
2026-08-18 11:18:10  INFO          Ya existe en disco, no se descarga de nuevo
2026-08-18 11:18:10  INFO    [114/210] JDE Logistics Product Catalog (v8)
2026-08-18 11:18:10  INFO          Proyecto: Production/Dashboards/MDM
2026-08-18 11:18:10  INFO          Ya existe en disco, no se descarga de nuevo
2026-08-18 11:18:10  INFO    [115/210] Glossary (v12)
2026-08-18 11:18:10  INFO          Proyecto: Production/Dashboards/MDM
2026-08-18 11:18:10  INFO          Ya existe en disco, no se descarga de nuevo
2026-08-18 11:18:10  INFO    [116/210] Tableau Usage (v7)
2026-08-18 11:18:10  INFO          Proyecto: Production/Dashboards/MDM
2026-08-18 11:18:10  INFO          Ya existe en disco, no se descarga de nuevo
2026-08-18 11:18:10  INFO    [117/210] Dashboard Catalog (v1)
2026-08-18 11:18:10  INFO          Proyecto: Production/Dashboards/MDM
2026-08-18 11:18:10  INFO          Ya existe en disco, no se descarga de nuevo
2026-08-18 11:18:10  INFO    [118/210] KPIs Demand (v10)
2026-08-18 11:18:10  INFO          Proyecto: Production/Dashboards/Supply Chain
2026-08-18 11:18:10  INFO          Ya existe en disco, no se descarga de nuevo
2026-08-18 11:18:10  INFO    [119/210] Lanzamientos (v146)
2026-08-18 11:18:10  INFO          Proyecto: Production/Dashboards/Supply Chain
2026-08-18 11:18:10  INFO          Ya existe en disco, no se descarga de nuevo
2026-08-18 11:18:10  INFO    [120/210] Pedidos (v45)
2026-08-18 11:18:10  INFO          Proyecto: Production/Dashboards/Supply Chain
2026-08-18 11:18:10  INFO          Ya existe en disco, no se descarga de nuevo
2026-08-18 11:18:10  INFO    --- Subiendo lote (120/210 workbooks procesados) ---
2026-08-18 11:18:10  INFO          Sin cambios que subir
2026-08-18 11:18:10  INFO          Lote subido
2026-08-18 11:18:10  INFO          8 version(es) marcadas como subidas en Oracle
2026-08-18 11:18:10  INFO    [121/210] Apro vs Demanda (v4)
2026-08-18 11:18:10  INFO          Proyecto: Production/Dashboards/Supply Chain
2026-08-18 11:18:10  INFO          Ya existe en disco, no se descarga de nuevo
2026-08-18 11:18:10  INFO    [122/210] Triangulo Previsiones (v14)
2026-08-18 11:18:10  INFO          Proyecto: Production/Dashboards/Supply Chain
2026-08-18 11:18:10  INFO          Ya existe en disco, no se descarga de nuevo
2026-08-18 11:18:10  INFO    [123/210] Inventario (v16)
2026-08-18 11:18:10  INFO          Proyecto: Production/Dashboards/Supply Chain
2026-08-18 11:18:10  INFO          Ya existe en disco, no se descarga de nuevo
2026-08-18 11:18:10  INFO    [124/210] Aprovisionamiento Interno (v1)
2026-08-18 11:18:10  INFO          Proyecto: Production/Dashboards/Supply Chain
2026-08-18 11:18:10  INFO          Ya existe en disco, no se descarga de nuevo
2026-08-18 11:18:10  INFO    [125/210] Stocks (v51)
2026-08-18 11:18:10  INFO          Proyecto: Production/Dashboards/Supply Chain
2026-08-18 11:18:10  INFO          Ya existe en disco, no se descarga de nuevo
2026-08-18 11:18:10  INFO    [126/210] Unhealthy Stock Detail Table (v21)
2026-08-18 11:18:10  INFO          Proyecto: Production/Dashboards/Supply Chain
2026-08-18 11:18:10  INFO          Ya existe en disco, no se descarga de nuevo
2026-08-18 11:18:10  INFO    [127/210] CdM Supply (v31)
2026-08-18 11:18:10  INFO          Proyecto: Production/Dashboards/Supply Chain
2026-08-18 11:18:10  INFO          Ya existe en disco, no se descarga de nuevo
2026-08-18 11:18:10  INFO    [128/210] Consumos (v9)
2026-08-18 11:18:10  INFO          Proyecto: Production/Dashboards/Supply Chain
2026-08-18 11:18:10  INFO          Ya existe en disco, no se descarga de nuevo
2026-08-18 11:18:10  INFO    --- Subiendo lote (128/210 workbooks procesados) ---
2026-08-18 11:18:10  INFO          Sin cambios que subir
2026-08-18 11:18:10  INFO          Lote subido
2026-08-18 11:18:11  INFO          8 version(es) marcadas como subidas en Oracle
2026-08-18 11:18:11  INFO    [129/210] Servicio (v16)
2026-08-18 11:18:11  INFO          Proyecto: Production/Dashboards/Supply Chain
2026-08-18 11:18:11  INFO          Ya existe en disco, no se descarga de nuevo
2026-08-18 11:18:11  INFO    [130/210] Aprovisionamiento Semanal (v27)
2026-08-18 11:18:11  INFO          Proyecto: Production/Dashboards/Supply Chain
2026-08-18 11:18:11  INFO          Ya existe en disco, no se descarga de nuevo
2026-08-18 11:18:11  INFO    [131/210] CdM Compras (v23)
2026-08-18 11:18:11  INFO          Proyecto: Production/Dashboards/Supply Chain
2026-08-18 11:18:11  INFO          Ya existe en disco, no se descarga de nuevo
2026-08-18 11:18:11  INFO    [132/210] CdM Logistica (v9)
2026-08-18 11:18:11  INFO          Proyecto: Production/Dashboards/Supply Chain
2026-08-18 11:18:11  INFO          Ya existe en disco, no se descarga de nuevo
2026-08-18 11:18:11  INFO    [133/210] Forecast Grouped (v4)
2026-08-18 11:18:11  INFO          Proyecto: Production/Dashboards/Supply Chain
2026-08-18 11:18:11  INFO          Ya existe en disco, no se descarga de nuevo
2026-08-18 11:18:11  INFO    [134/210] Unhealthy Stock (v64)
2026-08-18 11:18:11  INFO          Proyecto: Production/Dashboards/Supply Chain
2026-08-18 11:18:11  INFO          Ya existe en disco, no se descarga de nuevo
2026-08-18 11:18:11  INFO    [135/210] Pallets (v70)
2026-08-18 11:18:11  INFO          Proyecto: Production/Dashboards/Supply Chain
2026-08-18 11:18:11  INFO          Ya existe en disco, no se descarga de nuevo
2026-08-18 11:18:11  INFO    [136/210] Compras (v73)
2026-08-18 11:18:11  INFO          Proyecto: Production/Dashboards/Supply Chain
2026-08-18 11:18:11  INFO          Ya existe en disco, no se descarga de nuevo
2026-08-18 11:18:11  INFO    --- Subiendo lote (136/210 workbooks procesados) ---
2026-08-18 11:18:11  INFO          Sin cambios que subir
2026-08-18 11:18:11  INFO          Lote subido
2026-08-18 11:18:11  INFO          8 version(es) marcadas como subidas en Oracle
2026-08-18 11:18:11  INFO    [137/210] CdM Demand (v39)
2026-08-18 11:18:11  INFO          Proyecto: Production/Dashboards/Supply Chain
2026-08-18 11:18:11  INFO          Ya existe en disco, no se descarga de nuevo
2026-08-18 11:18:11  INFO    [138/210] Stock Cuarentena (v9)
2026-08-18 11:18:11  INFO          Proyecto: Production/Dashboards/Supply Chain
2026-08-18 11:18:11  INFO          Ya existe en disco, no se descarga de nuevo
2026-08-18 11:18:11  INFO    [139/210] Coberturas (v12)
2026-08-18 11:18:11  INFO          Proyecto: Production/Dashboards/Supply Chain
2026-08-18 11:18:11  INFO          Ya existe en disco, no se descarga de nuevo
2026-08-18 11:18:11  INFO    [140/210] Recepciones (v25)
2026-08-18 11:18:11  INFO          Proyecto: Production/Dashboards/Supply Chain
2026-08-18 11:18:11  INFO          Ya existe en disco, no se descarga de nuevo
2026-08-18 11:18:11  INFO    [141/210] ModuloKajalForecasting (v199)
2026-08-18 11:18:11  INFO          Proyecto: Production/Dashboards/Supply Chain/Demand Planning
2026-08-18 11:18:11  INFO          Ya existe en disco, no se descarga de nuevo
2026-08-18 11:18:11  INFO    [142/210] Kajal Home (v2)
2026-08-18 11:18:11  INFO          Proyecto: Production/Dashboards/Supply Chain/Demand Planning
2026-08-18 11:18:11  INFO          Ya existe en disco, no se descarga de nuevo
2026-08-18 11:18:11  INFO    [143/210] Self service (v60)
2026-08-18 11:18:11  INFO          Proyecto: Production/Dashboards/Supply Chain/Demand Planning
2026-08-18 11:18:11  INFO          Ya existe en disco, no se descarga de nuevo
2026-08-18 11:18:11  INFO    [144/210] ModuloKajalAnalytics (v138)
2026-08-18 11:18:11  INFO          Proyecto: Production/Dashboards/Supply Chain/Demand Planning
2026-08-18 11:18:11  INFO          Ya existe en disco, no se descarga de nuevo
2026-08-18 11:18:11  INFO    --- Subiendo lote (144/210 workbooks procesados) ---
2026-08-18 11:18:11  INFO          Sin cambios que subir
2026-08-18 11:18:11  INFO          Lote subido
2026-08-18 11:18:12  INFO          8 version(es) marcadas como subidas en Oracle
2026-08-18 11:18:12  INFO    [145/210] Presupuesto (v40)
2026-08-18 11:18:12  INFO          Proyecto: Production/Dashboards/Supply Chain/Demand Planning
2026-08-18 11:18:12  INFO          Ya existe en disco, no se descarga de nuevo
2026-08-18 11:18:12  INFO    [146/210] ModuloKajalInventory (v85)
2026-08-18 11:18:12  INFO          Proyecto: Production/Dashboards/Supply Chain/Demand Planning
2026-08-18 11:18:12  INFO          Ya existe en disco, no se descarga de nuevo
2026-08-18 11:18:12  INFO    [147/210] CdM Calidad (v45)
2026-08-18 11:18:12  INFO          Proyecto: Production/Dashboards/Industrial
2026-08-18 11:18:12  INFO          Ya existe en disco, no se descarga de nuevo
2026-08-18 11:18:12  INFO    [148/210] CdM Industrial Torrejon (v43)
2026-08-18 11:18:12  INFO          Proyecto: Production/Dashboards/Industrial
2026-08-18 11:18:12  INFO          Ya existe en disco, no se descarga de nuevo
2026-08-18 11:18:12  INFO    [149/210] CdM Financiero (v35)
2026-08-18 11:18:12  INFO          Proyecto: Production/Dashboards/Industrial
2026-08-18 11:18:12  INFO          Ya existe en disco, no se descarga de nuevo
2026-08-18 11:18:12  INFO    [150/210] CdM Industrial La Concha (v8)
2026-08-18 11:18:12  INFO          Proyecto: Production/Dashboards/Industrial
2026-08-18 11:18:12  INFO          Ya existe en disco, no se descarga de nuevo
2026-08-18 11:18:12  INFO    [151/210] CdM Produccion (v39)
2026-08-18 11:18:12  INFO          Proyecto: Production/Dashboards/Industrial
2026-08-18 11:18:12  INFO          Ya existe en disco, no se descarga de nuevo
2026-08-18 11:18:12  INFO    [152/210] CdM Summary (v16)
2026-08-18 11:18:12  INFO          Proyecto: Production/Dashboards/Industrial
2026-08-18 11:18:12  INFO          Ya existe en disco, no se descarga de nuevo
2026-08-18 11:18:12  INFO    --- Subiendo lote (152/210 workbooks procesados) ---
2026-08-18 11:18:12  INFO          Sin cambios que subir
2026-08-18 11:18:12  INFO          Lote subido
2026-08-18 11:18:12  INFO          8 version(es) marcadas como subidas en Oracle
2026-08-18 11:18:12  INFO    [153/210] CdM Ingenieria (v38)
2026-08-18 11:18:12  INFO          Proyecto: Production/Dashboards/Industrial
2026-08-18 11:18:12  INFO          Ya existe en disco, no se descarga de nuevo
2026-08-18 11:18:12  INFO    [154/210] Observatorio Heliocare - ShopperTec (v23)
2026-08-18 11:18:12  INFO          Proyecto: Production/Dashboards/Clientes
2026-08-18 11:18:12  INFO          Ya existe en disco, no se descarga de nuevo
2026-08-18 11:18:12  INFO    [155/210] CdM Commercial Performance (v58)
2026-08-18 11:18:12  INFO          Proyecto: Production/Dashboards/Commercial Performance
2026-08-18 11:18:12  INFO          Ya existe en disco, no se descarga de nuevo
2026-08-18 11:18:12  INFO    [156/210] Observatorio Heliocare - ShopperTec v2 (v1)
2026-08-18 11:18:12  INFO          Proyecto: Development/Mockups
2026-08-18 11:18:12  INFO          Ya existe en disco, no se descarga de nuevo
2026-08-18 11:18:12  INFO    [157/210] Mockup VF/KAM/e-KAM v3 (v5)
2026-08-18 11:18:12  INFO          Proyecto: Development/Mockups
2026-08-18 11:18:12  INFO          Ya existe en disco, no se descarga de nuevo
2026-08-18 11:18:12  INFO    [158/210] Template Tableau (v1)
2026-08-18 11:18:12  INFO          Proyecto: Development/Ad hoc Reports
2026-08-18 11:18:12  INFO          Ya existe en disco, no se descarga de nuevo
2026-08-18 11:18:12  INFO    [159/210] CdM Area Clientes_BACKUP (v1)
2026-08-18 11:18:12  INFO          Proyecto: Development/Ad hoc Reports/Spain
2026-08-18 11:18:12  INFO          Ya existe en disco, no se descarga de nuevo
2026-08-18 11:18:12  INFO    [160/210] Consulta filtrado por Importe a nivel MARCA-PEDIDO (v2)
2026-08-18 11:18:12  INFO          Proyecto: Development/Ad hoc Reports/Spain
2026-08-18 11:18:12  INFO          Ya existe en disco, no se descarga de nuevo
2026-08-18 11:18:12  INFO    --- Subiendo lote (160/210 workbooks procesados) ---
2026-08-18 11:18:12  INFO          Sin cambios que subir
2026-08-18 11:18:12  INFO          Lote subido
2026-08-18 11:18:13  INFO          8 version(es) marcadas como subidas en Oracle
2026-08-18 11:18:13  INFO    [161/210] 3. GOLD_20/01/2025_Añadir Importe pendiente (v1)
2026-08-18 11:18:13  INFO          Proyecto: Development/Ad hoc Reports/Spain
2026-08-18 11:18:13  INFO          Ya existe en disco, no se descarga de nuevo
2026-08-18 11:18:13  INFO    [162/210] CdM Area Clientes_Ranking Gerentes y Propietarios_Cambios v2 (v10)
2026-08-18 11:18:13  INFO          Proyecto: Development/Ad hoc Reports/Spain
2026-08-18 11:18:13  INFO          Ya existe en disco, no se descarga de nuevo
2026-08-18 11:18:13  INFO    [163/210] Clientes en crecimiento (v10)
2026-08-18 11:18:13  INFO          Proyecto: Development/Ad hoc Reports/Italy
2026-08-18 11:18:13  INFO          Ya existe en disco, no se descarga de nuevo
2026-08-18 11:18:13  INFO    [164/210] Progetto_v3 (v3)
2026-08-18 11:18:13  INFO          Proyecto: Development/Ad hoc Reports/Italy
2026-08-18 11:18:13  INFO          Ya existe en disco, no se descarga de nuevo
2026-08-18 11:18:13  INFO    [165/210] PROGETTO_V2 (v1)
2026-08-18 11:18:13  INFO          Proyecto: Development/Ad hoc Reports/Italy
2026-08-18 11:18:13  INFO          Ya existe en disco, no se descarga de nuevo
2026-08-18 11:18:13  INFO    [166/210] CdM Sell In (v34)
2026-08-18 11:18:13  INFO          Proyecto: Development/Ad hoc Reports/Stangest
2026-08-18 11:18:13  INFO          Ya existe en disco, no se descarga de nuevo
2026-08-18 11:18:13  INFO    [167/210] Dashboard Ventas Por Distrito & Ano (v1)
2026-08-18 11:18:13  INFO          Proyecto: Development/Ad hoc Reports/Portugal
2026-08-18 11:18:13  INFO          Ya existe en disco, no se descarga de nuevo
2026-08-18 11:18:13  INFO    [168/210] Dashboard Ventas Marca Por Delegada (v1)
2026-08-18 11:18:13  INFO          Proyecto: Development/Ad hoc Reports/Portugal
2026-08-18 11:18:13  INFO          Ya existe en disco, no se descarga de nuevo
2026-08-18 11:18:13  INFO    --- Subiendo lote (168/210 workbooks procesados) ---
2026-08-18 11:18:13  INFO          Sin cambios que subir
2026-08-18 11:18:13  INFO          Lote subido
2026-08-18 11:18:13  INFO          8 version(es) marcadas como subidas en Oracle
2026-08-18 11:18:13  INFO    [169/210] Dashboard Ventas Marca Por Distrito (v1)
2026-08-18 11:18:13  INFO          Proyecto: Development/Ad hoc Reports/Portugal
2026-08-18 11:18:13  INFO          Ya existe en disco, no se descarga de nuevo
2026-08-18 11:18:13  INFO    [170/210] CdM Logistica (v9)
2026-08-18 11:18:13  INFO          Proyecto: Development/Ad hoc Reports/Supply
2026-08-18 11:18:13  INFO          Ya existe en disco, no se descarga de nuevo
2026-08-18 11:18:13  INFO    [171/210] 2. show_sales_totals_in_a_crosstab_starter (v1)
2026-08-18 11:18:13  INFO          Proyecto: Development/Formacion Information Labs
2026-08-18 11:18:13  INFO          Ya existe en disco, no se descarga de nuevo
2026-08-18 11:18:13  INFO    [172/210] New- 2.1 create_a_date_calculation_starter (v2)
2026-08-18 11:18:13  INFO          Proyecto: Development/Formacion Information Labs
2026-08-18 11:18:13  INFO          Ya existe en disco, no se descarga de nuevo
2026-08-18 11:18:13  INFO    [173/210] 1. sort_by_fields_in_a_view_starter (v2)
2026-08-18 11:18:13  INFO          Proyecto: Development/Formacion Information Labs
2026-08-18 11:18:13  INFO          Ya existe en disco, no se descarga de nuevo
2026-08-18 11:18:13  INFO    [174/210] 3. add_a_filter_to_context_starter (v2)
2026-08-18 11:18:13  INFO          Proyecto: Development/Formacion Information Labs
2026-08-18 11:18:13  INFO          Ya existe en disco, no se descarga de nuevo
2026-08-18 11:18:13  INFO    [175/210] 2.1 create_a_calculation_with_aggregation_starter (v2)
2026-08-18 11:18:13  INFO          Proyecto: Development/Formacion Information Labs
2026-08-18 11:18:13  INFO          Ya existe en disco, no se descarga de nuevo
2026-08-18 11:18:13  INFO    [176/210] 3. add_a_forecast_to_a_view_starter (v2)
2026-08-18 11:18:13  INFO          Proyecto: Development/Formacion Information Labs
2026-08-18 11:18:13  INFO          Ya existe en disco, no se descarga de nuevo
2026-08-18 11:18:13  INFO    --- Subiendo lote (176/210 workbooks procesados) ---
2026-08-18 11:18:14  INFO          Sin cambios que subir
2026-08-18 11:18:14  INFO          Lote subido
2026-08-18 11:18:14  INFO          8 version(es) marcadas como subidas en Oracle
2026-08-18 11:18:14  INFO    [177/210] 2. apply_a_year_over_year_table_calculation_starter (v3)
2026-08-18 11:18:14  INFO          Proyecto: Development/Formacion Information Labs
2026-08-18 11:18:14  INFO          Ya existe en disco, no se descarga de nuevo
2026-08-18 11:18:14  INFO    [178/210] 4.  create_a_bar-in-bar_chart_starter (v2)
2026-08-18 11:18:14  INFO          Proyecto: Development/Formacion Information Labs
2026-08-18 11:18:14  INFO          Ya existe en disco, no se descarga de nuevo
2026-08-18 11:18:14  INFO    [179/210] 2.1 create_a_weighted_average_starter (v1)
2026-08-18 11:18:14  INFO          Proyecto: Development/Formacion Information Labs
2026-08-18 11:18:14  INFO          Ya existe en disco, no se descarga de nuevo
2026-08-18 11:18:14  INFO    [180/210] 3. apply_a_rank_table_calculation_starter (v2)
2026-08-18 11:18:14  INFO          Proyecto: Development/Formacion Information Labs
2026-08-18 11:18:14  INFO          Ya existe en disco, no se descarga de nuevo
2026-08-18 11:18:14  INFO    [181/210] 3. add_actions_to_a_dashboard_starter (v1)
2026-08-18 11:18:14  INFO          Proyecto: Development/Formacion Information Labs
2026-08-18 11:18:14  INFO          Ya existe en disco, no se descarga de nuevo
2026-08-18 11:18:14  INFO    [182/210] 2. build_a_heat_map_starter (v1)
2026-08-18 11:18:14  INFO          Proyecto: Development/Formacion Information Labs
2026-08-18 11:18:14  INFO          Ya existe en disco, no se descarga de nuevo
2026-08-18 11:18:14  INFO    [183/210] 4. calculate_the_average_product_profit_by_category_starter (v2)
2026-08-18 11:18:14  INFO          Proyecto: Development/Formacion Information Labs
2026-08-18 11:18:14  INFO          Ya existe en disco, no se descarga de nuevo
2026-08-18 11:18:14  INFO    [184/210] Solución - Sample Superstore Dashboard (v1)
2026-08-18 11:18:14  INFO          Proyecto: Development/Formacion Information Labs
2026-08-18 11:18:14  INFO          Ya existe en disco, no se descarga de nuevo
2026-08-18 11:18:14  INFO    --- Subiendo lote (184/210 workbooks procesados) ---
2026-08-18 11:18:14  INFO          Sin cambios que subir
2026-08-18 11:18:14  INFO          Lote subido
2026-08-18 11:18:14  INFO          8 version(es) marcadas como subidas en Oracle
2026-08-18 11:18:14  INFO    [185/210] 4. create_a_parameter_for_switching_measures_ and filter_starter (v2)
2026-08-18 11:18:14  INFO          Proyecto: Development/Formacion Information Labs
2026-08-18 11:18:14  INFO          Ya existe en disco, no se descarga de nuevo
2026-08-18 11:18:14  INFO    [186/210] 1. create_a_hierarchy_starter (v1)
2026-08-18 11:18:14  INFO          Proyecto: Development/Formacion Information Labs
2026-08-18 11:18:14  INFO          Ya existe en disco, no se descarga de nuevo
2026-08-18 11:18:14  INFO    [187/210] 3. Box and Whisker Plot Starter (v1)
2026-08-18 11:18:14  INFO          Proyecto: Development/Formacion Information Labs
2026-08-18 11:18:14  INFO          Ya existe en disco, no se descarga de nuevo
2026-08-18 11:18:14  INFO    [188/210] 2.1 manipulate_strings_starter (v1)
2026-08-18 11:18:14  INFO          Proyecto: Development/Formacion Information Labs
2026-08-18 11:18:14  INFO          Ya existe en disco, no se descarga de nuevo
2026-08-18 11:18:14  INFO    [189/210] 1. show_data_across_discrete_and_continuous_months (v1)
2026-08-18 11:18:14  INFO          Proyecto: Development/Formacion Information Labs
2026-08-18 11:18:14  INFO          Ya existe en disco, no se descarga de nuevo
2026-08-18 11:18:14  INFO    [190/210] 2. build_a_highlight_table_starter (v1)
2026-08-18 11:18:14  INFO          Proyecto: Development/Formacion Information Labs
2026-08-18 11:18:14  INFO          Ya existe en disco, no se descarga de nuevo
2026-08-18 11:18:14  INFO    [191/210] 1. create_and_customize_filters_starter (v1)
2026-08-18 11:18:14  INFO          Proyecto: Development/Formacion Information Labs
2026-08-18 11:18:14  INFO          Ya existe en disco, no se descarga de nuevo
2026-08-18 11:18:14  INFO    [192/210] 1. build_a_combined_axis_chart_starter (v1)
2026-08-18 11:18:14  INFO          Proyecto: Development/Formacion Information Labs
2026-08-18 11:18:14  INFO          Ya existe en disco, no se descarga de nuevo
2026-08-18 11:18:14  INFO    --- Subiendo lote (192/210 workbooks procesados) ---
2026-08-18 11:18:14  INFO          Sin cambios que subir
2026-08-18 11:18:14  INFO          Lote subido
2026-08-18 11:18:15  INFO          8 version(es) marcadas como subidas en Oracle
2026-08-18 11:18:15  INFO    [193/210] Ejercicio Final - Sample Superstore Dashboard (v1)
2026-08-18 11:18:15  INFO          Proyecto: Development/Formacion Information Labs
2026-08-18 11:18:15  INFO          Ya existe en disco, no se descarga de nuevo
2026-08-18 11:18:15  INFO    [194/210] 3. build_a_tree_map_starter (v2)
2026-08-18 11:18:15  INFO          Proyecto: Development/Formacion Information Labs
2026-08-18 11:18:15  INFO          Ya existe en disco, no se descarga de nuevo
2026-08-18 11:18:15  INFO    [195/210] 2.1 build_a_symbol_map_starter (v1)
2026-08-18 11:18:15  INFO          Proyecto: Development/Formacion Information Labs
2026-08-18 11:18:15  INFO          Ya existe en disco, no se descarga de nuevo
2026-08-18 11:18:15  INFO    [196/210] 3. filter_percent_of_sales_starter (v1)
2026-08-18 11:18:15  INFO          Proyecto: Development/Formacion Information Labs
2026-08-18 11:18:15  INFO          Ya existe en disco, no se descarga de nuevo
2026-08-18 11:18:15  INFO    [197/210] 1.  apply_custom_dates_starter (v1)
2026-08-18 11:18:15  INFO          Proyecto: Development/Formacion Information Labs
2026-08-18 11:18:15  INFO          Ya existe en disco, no se descarga de nuevo
2026-08-18 11:18:15  INFO    [198/210] 2.1 create_a_date_calculation_starter (v2)
2026-08-18 11:18:15  INFO          Proyecto: Development/Formacion Information Labs
2026-08-18 11:18:15  INFO          Ya existe en disco, no se descarga de nuevo
2026-08-18 11:18:15  INFO    [199/210] 1. create_a_group_starter (v1)
2026-08-18 11:18:15  INFO          Proyecto: Development/Formacion Information Labs
2026-08-18 11:18:15  INFO          Ya existe en disco, no se descarga de nuevo
2026-08-18 11:18:15  INFO    [200/210] 2.1 Build a combined axis chart started (26092024) (v1)
2026-08-18 11:18:15  INFO          Proyecto: Development/Formacion Information Labs
2026-08-18 11:18:15  INFO          Ya existe en disco, no se descarga de nuevo
2026-08-18 11:18:15  INFO    --- Subiendo lote (200/210 workbooks procesados) ---
2026-08-18 11:18:15  INFO          Sin cambios que subir
2026-08-18 11:18:15  INFO          Lote subido
2026-08-18 11:18:15  INFO          8 version(es) marcadas como subidas en Oracle
2026-08-18 11:18:15  INFO    [201/210] 2. apply_a_rank_table_calculation_starter (v2)
2026-08-18 11:18:15  INFO          Proyecto: Development/Formacion Information Labs
2026-08-18 11:18:15  INFO          Ya existe en disco, no se descarga de nuevo
2026-08-18 11:18:15  INFO    [202/210] 3. build_an_interactive_dashboard_starter (v1)
2026-08-18 11:18:15  INFO          Proyecto: Development/Formacion Information Labs
2026-08-18 11:18:15  INFO          Ya existe en disco, no se descarga de nuevo
2026-08-18 11:18:15  INFO    [203/210] 4. use_a_histogram_to_view_distributions_starter (v2)
2026-08-18 11:18:15  INFO          Proyecto: Development/Formacion Information Labs
2026-08-18 11:18:15  INFO          Ya existe en disco, no se descarga de nuevo
2026-08-18 11:18:15  INFO    [204/210] 1. build_a_combo_chart_starter (v1)
2026-08-18 11:18:15  INFO          Proyecto: Development/Formacion Information Labs
2026-08-18 11:18:15  INFO          Ya existe en disco, no se descarga de nuevo
2026-08-18 11:18:15  INFO    [205/210] 4. use_an_aggregated_dimension_in_a_calculation_starter (v2)
2026-08-18 11:18:15  INFO          Proyecto: Development/Formacion Information Labs
2026-08-18 11:18:15  INFO          Ya existe en disco, no se descarga de nuevo
2026-08-18 11:18:15  INFO    [206/210] 3. build_a_pie_chart_starter (v2)
2026-08-18 11:18:15  INFO          Proyecto: Development/Formacion Information Labs
2026-08-18 11:18:15  INFO          Ya existe en disco, no se descarga de nuevo
2026-08-18 11:18:15  INFO    [207/210] 2. build_a_scatter_plot_starter (v1)
2026-08-18 11:18:15  INFO          Proyecto: Development/Formacion Information Labs
2026-08-18 11:18:15  INFO          Ya existe en disco, no se descarga de nuevo
2026-08-18 11:18:15  INFO    [208/210] 1. Actividad Global Library (v1)
2026-08-18 11:18:15  INFO          Proyecto: Development/Formacion Information Labs
2026-08-18 11:18:15  INFO          Ya existe en disco, no se descarga de nuevo
2026-08-18 11:18:15  INFO    --- Subiendo lote (208/210 workbooks procesados) ---
2026-08-18 11:18:15  INFO          Sin cambios que subir
2026-08-18 11:18:15  INFO          Lote subido
2026-08-18 11:18:16  INFO          8 version(es) marcadas como subidas en Oracle
2026-08-18 11:18:16  INFO    [209/210] 3. create_trend_lines_with_small_multiples_starter (v2)
2026-08-18 11:18:16  INFO          Proyecto: Development/Formacion Information Labs
2026-08-18 11:18:16  INFO          Ya existe en disco, no se descarga de nuevo
2026-08-18 11:18:16  INFO    [210/210] 3. add_two_types_of_reference__lines_starter (v1)
2026-08-18 11:18:16  INFO          Proyecto: Development/Formacion Information Labs
2026-08-18 11:18:16  INFO          Ya existe en disco, no se descarga de nuevo
2026-08-18 11:18:16  INFO    --- Subiendo lote (210/210 workbooks procesados) ---
2026-08-18 11:18:16  INFO          Sin cambios que subir
2026-08-18 11:18:16  INFO          Lote subido
2026-08-18 11:18:16  INFO          2 version(es) marcadas como subidas en Oracle
2026-08-18 11:18:17  INFO  Signed out
2026-08-18 11:18:18  INFO  [8/8] Resumen
2026-08-18 11:18:18  INFO  ============================================================
2026-08-18 11:18:18  INFO  RESUMEN DE LA EJECUCION
2026-08-18 11:18:18  INFO  ============================================================
2026-08-18 11:18:18  INFO  Workbooks con version nueva ... 210
2026-08-18 11:18:18  INFO  Descargados correctamente ..... 210
2026-08-18 11:18:18  INFO  Con error ...................... 0
2026-08-18 11:18:18  INFO  Versiones retiradas ............ 0
2026-08-18 11:18:18  INFO  Lotes subidos a GitHub ......... 27
2026-08-18 11:18:18  INFO  Lotes fallidos ................. 0
2026-08-18 11:18:18  INFO  Tiempo total ................... 1m 7s
2026-08-18 11:18:18  INFO  ============================================================
2026-08-18 11:18:18  INFO  BACKUP COMPLETADO SIN ERRORES
2026-08-18 11:18:18  INFO  ============================================================
2026-08-18 11:36:33  INFO  ============================================================
2026-08-18 11:36:33  INFO  BACKUP TABLEAU -> GITHUB
2026-08-18 11:36:33  INFO  ============================================================
2026-08-18 11:36:33  INFO  Configuracion cargada y validada
2026-08-18 11:36:33  INFO  [1/8] Borrando las listas anteriores
2026-08-18 11:36:33  INFO        Listo
2026-08-18 11:36:33  INFO  [2/8] Consultando Oracle (versionado + lista de descarga)
2026-08-18 11:36:35  INFO        Listas generadas
2026-08-18 11:36:35  INFO  [3/8] Leyendo las listas
2026-08-18 11:36:35  INFO        210 workbooks con version nueva que descargar
2026-08-18 11:36:35  INFO        0 versiones marcadas para retirar de GitHub hoy
2026-08-18 11:36:35  INFO  [4/8] Sincronizacion omitida (modo sin GitHub)
2026-08-18 11:36:35  INFO  [5/8] Preparando la carpeta de descargas
2026-08-18 11:36:35  INFO        Nada que retirar hoy
2026-08-18 11:36:35  INFO  [6/8] Conectando con Tableau
2026-08-18 11:36:36  INFO  Signed into https://dub01.online.tableau.com as user with id ae9b04e0-08c6-4b88-9bb9-595a9d2d1fa3
2026-08-18 11:36:36  INFO        Conectado
2026-08-18 11:36:36  INFO  [7/8] Descargando (sin subir a GitHub)
2026-08-18 11:36:36  INFO    [1/210] Admin Insights Starter (v319)
2026-08-18 11:36:36  INFO          Proyecto: Admin Insights
2026-08-18 11:36:37  INFO  Downloaded workbook revision None to C:\tabcmd\TableauGitHub\Tableau Workbooks\Versiones\Admin Insights Starter_v319.twb (ID: cede88a2-52d7-439a-8d72-f16b42a73b89)
2026-08-18 11:36:37  INFO          Descargado (2.1 MB)
2026-08-18 11:36:37  INFO    [2/210] GroupsDescarga (v3)
2026-08-18 11:36:37  INFO          Proyecto: Admin Insights/Control Interno
2026-08-18 11:36:37  INFO  Downloaded workbook revision None to C:\tabcmd\TableauGitHub\Tableau Workbooks\Versiones\GroupsDescarga_v3.twb (ID: 0f8d7b9f-d980-4c7a-8b63-5ed717d0b7db)
2026-08-18 11:36:37  INFO          Descargado (0.1 MB)
2026-08-18 11:36:37  INFO    [3/210] AdminInsightsStarter (v1)
2026-08-18 11:36:37  INFO          Proyecto: Admin Insights/Control Interno
2026-08-18 11:36:37  INFO  Downloaded workbook revision None to C:\tabcmd\TableauGitHub\Tableau Workbooks\Versiones\AdminInsightsStarter_v1.twb (ID: bc6819cc-7c9f-4145-acf2-ffcbe5d7b032)
2026-08-18 11:36:37  INFO          Descargado (1.7 MB)
2026-08-18 11:36:37  INFO    [4/210] SiteContentDescarga (v4)
2026-08-18 11:36:37  INFO          Proyecto: Admin Insights/Control Interno
2026-08-18 11:36:38  INFO  Downloaded workbook revision None to C:\tabcmd\TableauGitHub\Tableau Workbooks\Versiones\SiteContentDescarga_v4.twb (ID: c2059073-84a1-49f9-bcc3-3ed15db2c04a)
2026-08-18 11:36:38  INFO          Descargado (0.3 MB)
2026-08-18 11:36:38  INFO    [5/210] Control (v1)
2026-08-18 11:36:38  INFO          Proyecto: Admin Insights/Control Interno
2026-08-18 11:36:38  INFO  Downloaded workbook revision None to C:\tabcmd\TableauGitHub\Tableau Workbooks\Versiones\Control_v1.twbx (ID: 661efd3a-e7cd-4cef-9e5f-0ab0899cd7ae)
2026-08-18 11:36:38  INFO          Descargado (0.1 MB)
2026-08-18 11:36:38  INFO    [6/210] PermissionsDescarga (v4)
2026-08-18 11:36:38  INFO          Proyecto: Admin Insights/Control Interno
2026-08-18 11:36:38  INFO  Downloaded workbook revision None to C:\tabcmd\TableauGitHub\Tableau Workbooks\Versiones\PermissionsDescarga_v4.twb (ID: 2b4b8855-e713-4f71-84aa-6619b4ebae6e)
2026-08-18 11:36:38  INFO          Descargado (0.1 MB)
2026-08-18 11:36:38  INFO    [7/210] PlantillaEmpleados (v1)
2026-08-18 11:36:38  INFO          Proyecto: Admin Insights/Control Interno
2026-08-18 11:36:39  INFO  Downloaded workbook revision None to C:\tabcmd\TableauGitHub\Tableau Workbooks\Versiones\PlantillaEmpleados_v1.twbx (ID: 37a6df32-2e68-466a-8c1c-987f946c7832)
2026-08-18 11:36:39  INFO          Descargado (0.2 MB)
2026-08-18 11:36:39  INFO    [8/210] Self Service PRO Anonimizado (v2)
2026-08-18 11:36:39  INFO          Proyecto: Admin Insights/Control Interno
2026-08-18 11:41:09  INFO  ============================================================
2026-08-18 11:41:09  INFO  BACKUP TABLEAU -> GITHUB
2026-08-18 11:41:09  INFO  ============================================================
2026-08-18 11:41:09  INFO  Configuracion cargada y validada
2026-08-18 11:41:09  INFO  [1/8] Borrando las listas anteriores
2026-08-18 11:41:09  INFO        Listo
2026-08-18 11:41:09  INFO  [2/8] Consultando Oracle (versionado + lista de descarga)
2026-08-18 11:41:11  INFO        Listas generadas
2026-08-18 11:41:11  INFO  [3/8] Leyendo las listas
2026-08-18 11:41:12  INFO        210 workbooks con version nueva que descargar
2026-08-18 11:41:12  INFO        0 versiones marcadas para retirar de GitHub hoy
2026-08-18 11:41:12  INFO  [4/8] Sincronizacion omitida (modo sin GitHub)
2026-08-18 11:41:12  INFO  [5/8] Preparando la carpeta de descargas
2026-08-18 11:41:12  INFO        Nada que retirar hoy
2026-08-18 11:41:12  INFO  [6/8] Conectando con Tableau
2026-08-18 11:41:12  INFO  Signed into https://dub01.online.tableau.com as user with id ae9b04e0-08c6-4b88-9bb9-595a9d2d1fa3
2026-08-18 11:41:12  INFO        Conectado
2026-08-18 11:41:12  INFO  [7/8] Descargando (sin subir a GitHub)
2026-08-18 11:41:12  INFO    [1/210] Admin Insights Starter (v319)
2026-08-18 11:41:12  INFO          Proyecto: Admin Insights
2026-08-18 11:41:13  INFO  Downloaded workbook revision None to C:\tabcmd\TableauGitHub\Tableau Workbooks\Versiones\Admin Insights Starter_v319.twb (ID: cede88a2-52d7-439a-8d72-f16b42a73b89)
2026-08-18 11:41:13  INFO          Descargado (2.1 MB)
2026-08-18 11:41:13  INFO    [2/210] GroupsDescarga (v3)
2026-08-18 11:41:13  INFO          Proyecto: Admin Insights/Control Interno
2026-08-18 11:41:13  INFO  Downloaded workbook revision None to C:\tabcmd\TableauGitHub\Tableau Workbooks\Versiones\GroupsDescarga_v3.twb (ID: 0f8d7b9f-d980-4c7a-8b63-5ed717d0b7db)
2026-08-18 11:41:13  INFO          Descargado (0.1 MB)
2026-08-18 11:41:13  INFO    [3/210] AdminInsightsStarter (v1)
2026-08-18 11:41:13  INFO          Proyecto: Admin Insights/Control Interno
2026-08-18 11:41:14  INFO  Downloaded workbook revision None to C:\tabcmd\TableauGitHub\Tableau Workbooks\Versiones\AdminInsightsStarter_v1.twb (ID: bc6819cc-7c9f-4145-acf2-ffcbe5d7b032)
2026-08-18 11:41:14  INFO          Descargado (1.7 MB)
2026-08-18 11:41:14  INFO    [4/210] SiteContentDescarga (v4)
2026-08-18 11:41:14  INFO          Proyecto: Admin Insights/Control Interno
2026-08-18 11:41:14  INFO  Downloaded workbook revision None to C:\tabcmd\TableauGitHub\Tableau Workbooks\Versiones\SiteContentDescarga_v4.twb (ID: c2059073-84a1-49f9-bcc3-3ed15db2c04a)
2026-08-18 11:41:14  INFO          Descargado (0.3 MB)
2026-08-18 11:41:14  INFO    [5/210] Control (v1)
2026-08-18 11:41:14  INFO          Proyecto: Admin Insights/Control Interno
2026-08-18 11:41:14  INFO  Downloaded workbook revision None to C:\tabcmd\TableauGitHub\Tableau Workbooks\Versiones\Control_v1.twbx (ID: 661efd3a-e7cd-4cef-9e5f-0ab0899cd7ae)
2026-08-18 11:41:14  INFO          Descargado (0.1 MB)
2026-08-18 11:41:14  INFO    [6/210] PermissionsDescarga (v4)
2026-08-18 11:41:14  INFO          Proyecto: Admin Insights/Control Interno
2026-08-18 11:41:14  INFO  Downloaded workbook revision None to C:\tabcmd\TableauGitHub\Tableau Workbooks\Versiones\PermissionsDescarga_v4.twb (ID: 2b4b8855-e713-4f71-84aa-6619b4ebae6e)
2026-08-18 11:41:14  INFO          Descargado (0.1 MB)
2026-08-18 11:41:14  INFO    [7/210] PlantillaEmpleados (v1)
2026-08-18 11:41:14  INFO          Proyecto: Admin Insights/Control Interno
2026-08-18 11:41:15  INFO  Downloaded workbook revision None to C:\tabcmd\TableauGitHub\Tableau Workbooks\Versiones\PlantillaEmpleados_v1.twbx (ID: 37a6df32-2e68-466a-8c1c-987f946c7832)
2026-08-18 11:41:15  INFO          Descargado (0.2 MB)
2026-08-18 11:41:15  INFO    [8/210] Self Service PRO Anonimizado (v2)
2026-08-18 11:41:15  INFO          Proyecto: Admin Insights/Control Interno
2026-08-18 11:42:57  INFO  Downloaded workbook revision None to C:\tabcmd\TableauGitHub\Tableau Workbooks\Versiones\Self Service PRO Anonimizado_v2.twbx (ID: 805eabd7-3190-4fa3-bb05-ae64e921c108)
2026-08-18 11:42:57  INFO          Descargado (1230.4 MB)
2026-08-18 11:42:58  INFO    [9/210] Estado_Procesos (v26)
2026-08-18 11:42:58  INFO          Proyecto: Admin Insights/Control Interno
2026-08-18 11:42:58  INFO  Downloaded workbook revision None to C:\tabcmd\TableauGitHub\Tableau Workbooks\Versiones\Estado_Procesos_v26.twbx (ID: be60de22-ec56-4896-954a-a934c3b6c6e3)
2026-08-18 11:42:58  INFO          Descargado (0.1 MB)
2026-08-18 11:42:58  INFO    [10/210] TS Event Descarga (v6)
2026-08-18 11:42:58  INFO          Proyecto: Admin Insights/Control Interno
2026-08-18 11:42:58  INFO  Downloaded workbook revision None to C:\tabcmd\TableauGitHub\Tableau Workbooks\Versiones\TS Event Descarga_v6.twb (ID: 81a65352-6990-46de-a5fc-5cc1760b1bce)
2026-08-18 11:42:58  INFO          Descargado (0.1 MB)
2026-08-18 11:42:58  INFO    [11/210] SharepointEmployeesList (v1)
2026-08-18 11:42:58  INFO          Proyecto: Admin Insights/Control Interno
2026-08-18 11:42:59  INFO  Downloaded workbook revision None to C:\tabcmd\TableauGitHub\Tableau Workbooks\Versiones\SharepointEmployeesList_v1.twbx (ID: cf31ca05-5022-4dd9-a138-b48878efba1f)
2026-08-18 11:42:59  INFO          Descargado (0.1 MB)
2026-08-18 11:42:59  INFO    [12/210] Venta Interna PRO Anonimizado (v2)
2026-08-18 11:42:59  INFO          Proyecto: Admin Insights/Control Interno
2026-08-18 11:43:49  INFO  Downloaded workbook revision None to C:\tabcmd\TableauGitHub\Tableau Workbooks\Versiones\Venta Interna PRO Anonimizado_v2.twbx (ID: f10955d1-ca93-423d-9184-1b5ff58d4150)
2026-08-18 11:43:49  INFO          Descargado (601.2 MB)
2026-08-18 11:43:49  INFO    [13/210] Control Grupos, usuarios y actividad (v23)
2026-08-18 11:43:49  INFO          Proyecto: Admin Insights/Control Interno
2026-08-18 11:43:50  INFO  Downloaded workbook revision None to C:\tabcmd\TableauGitHub\Tableau Workbooks\Versiones\Control Grupos, usuarios y actividad_v23.twbx (ID: 77f140fc-5acf-4daa-a2b4-0186bd6988fc)
2026-08-18 11:43:50  INFO          Descargado (0.1 MB)
2026-08-18 11:43:50  INFO    [14/210] Control Pedidos (v3)
2026-08-18 11:43:50  INFO          Proyecto: Admin Insights/Control Interno
2026-08-18 11:43:50  INFO  Downloaded workbook revision None to C:\tabcmd\TableauGitHub\Tableau Workbooks\Versiones\Control Pedidos_v3.twbx (ID: ceab7fdd-9119-497e-9615-fb869c3fdb06)
2026-08-18 11:43:50  INFO          Descargado (0.1 MB)
2026-08-18 11:43:50  INFO    [15/210] Tableau Volume (v7)
2026-08-18 11:43:50  INFO          Proyecto: Admin Insights/Control Interno
2026-08-18 11:43:50  INFO  Downloaded workbook revision None to C:\tabcmd\TableauGitHub\Tableau Workbooks\Versiones\Tableau Volume_v7.twbx (ID: d99d37a4-2441-4e2e-8efb-de7660b31aad)
2026-08-18 11:43:50  INFO          Descargado (0.1 MB)
2026-08-18 11:43:51  INFO    [16/210] Tableau Usage (v24)
2026-08-18 11:43:51  INFO          Proyecto: Admin Insights/Control Interno
2026-08-18 11:43:51  INFO  Downloaded workbook revision None to C:\tabcmd\TableauGitHub\Tableau Workbooks\Versiones\Tableau Usage_v24.twbx (ID: 47d4646a-2acb-4a62-bfb0-6d2e68ef908a)
2026-08-18 11:43:51  INFO          Descargado (0.3 MB)
2026-08-18 11:43:51  INFO    [17/210] Home (v244)
2026-08-18 11:43:51  INFO          Proyecto: Production
2026-08-18 11:43:52  INFO  Downloaded workbook revision None to C:\tabcmd\TableauGitHub\Tableau Workbooks\Versiones\Home_v244.twbx (ID: 42259644-f293-486c-a2d6-d300f43d95bd)
2026-08-18 11:43:52  INFO          Descargado (10.2 MB)
2026-08-18 11:43:52  INFO    [18/210] Pharma Visits Mex (v6)
2026-08-18 11:43:52  INFO          Proyecto: Production/Dashboards/Hexagono
2026-08-18 11:43:52  INFO  Downloaded workbook revision None to C:\tabcmd\TableauGitHub\Tableau Workbooks\Versiones\Pharma Visits Mex_v6.twbx (ID: 40e78df0-f33c-48ff-97dc-9ea0000fe100)
2026-08-18 11:43:52  INFO          Descargado (0.2 MB)
2026-08-18 11:43:52  INFO    [19/210] Training & Learning (v34)
2026-08-18 11:43:52  INFO          Proyecto: Production/Dashboards/Hexagono
2026-08-18 11:43:52  INFO  Downloaded workbook revision None to C:\tabcmd\TableauGitHub\Tableau Workbooks\Versiones\Training & Learning_v34.twbx (ID: be6eebd7-44a9-44ce-9576-b47e9206ed78)
2026-08-18 11:43:52  INFO          Descargado (0.2 MB)
2026-08-18 11:43:52  INFO    [20/210] VF Dashboard (v25)
2026-08-18 11:43:52  INFO          Proyecto: Production/Dashboards/Hexagono
2026-08-18 11:43:53  INFO  Downloaded workbook revision None to C:\tabcmd\TableauGitHub\Tableau Workbooks\Versiones\VF Dashboard_v25.twbx (ID: 3096f322-962d-4f48-8528-8061783c1c7d)
2026-08-18 11:43:53  INFO          Descargado (0.4 MB)
2026-08-18 11:43:53  INFO    [21/210] Digital Marketing PRO (v13)
2026-08-18 11:43:53  INFO          Proyecto: Production/Dashboards/Hexagono
2026-08-18 11:43:53  INFO  Downloaded workbook revision None to C:\tabcmd\TableauGitHub\Tableau Workbooks\Versiones\Digital Marketing PRO_v13.twbx (ID: dc245705-f8eb-4c64-a5df-1ea0547c2e81)
2026-08-18 11:43:53  INFO          Descargado (0.7 MB)
2026-08-18 11:43:53  INFO    [22/210] Order to Cash PRO (v29)
2026-08-18 11:43:53  INFO          Proyecto: Production/Dashboards/Hexagono
2026-08-18 11:43:54  INFO  Downloaded workbook revision None to C:\tabcmd\TableauGitHub\Tableau Workbooks\Versiones\Order to Cash PRO_v29.twbx (ID: 9f57b383-b5f5-4e05-a50e-6cdddb41e436)
2026-08-18 11:43:54  INFO          Descargado (0.8 MB)
2026-08-18 11:43:54  INFO    [23/210] Home Hexagon (v13)
2026-08-18 11:43:54  INFO          Proyecto: Production/Dashboards/Hexagono
2026-08-18 11:44:01  INFO  Downloaded workbook revision None to C:\tabcmd\TableauGitHub\Tableau Workbooks\Versiones\Home Hexagon_v13.twbx (ID: bc103e88-3047-4351-81c2-fcfb35bfcf22)
2026-08-18 11:44:01  INFO          Descargado (41.0 MB)
2026-08-18 11:44:01  INFO    [24/210] Seguimiento Presupuesto (v2)
2026-08-18 11:44:01  INFO          Proyecto: Production/Dashboards/Performance Sell In
2026-08-18 11:44:01  INFO  Downloaded workbook revision None to C:\tabcmd\TableauGitHub\Tableau Workbooks\Versiones\Seguimiento Presupuesto_v2.twbx (ID: 858e6496-45d0-4e05-9dbc-3de7292ba71d)
2026-08-18 11:44:01  INFO          Descargado (0.2 MB)
2026-08-18 11:44:01  INFO    [25/210] Zoom VN (v37)
2026-08-18 11:44:01  INFO          Proyecto: Production/Dashboards/Performance Sell In
2026-08-18 11:44:02  INFO  Downloaded workbook revision None to C:\tabcmd\TableauGitHub\Tableau Workbooks\Versiones\Zoom VN_v37.twbx (ID: 85c2d2f3-8c19-418b-8f49-f722843118eb)
2026-08-18 11:44:02  INFO          Descargado (1.0 MB)
2026-08-18 11:44:02  INFO    [26/210] Daily Net Sales (v9)
2026-08-18 11:44:02  INFO          Proyecto: Production/Dashboards/Performance Sell In
2026-08-18 11:44:03  INFO  Downloaded workbook revision None to C:\tabcmd\TableauGitHub\Tableau Workbooks\Versiones\Daily Net Sales_v9.twbx (ID: 2e6c08cd-9dd9-4da4-bbc7-7931b4195914)
2026-08-18 11:44:03  INFO          Descargado (0.6 MB)
2026-08-18 11:44:03  INFO    [27/210] Seguimiento Performance Sell In (v37)
2026-08-18 11:44:03  INFO          Proyecto: Production/Dashboards/Performance Sell In
2026-08-18 11:44:03  INFO  Downloaded workbook revision None to C:\tabcmd\TableauGitHub\Tableau Workbooks\Versiones\Seguimiento Performance Sell In_v37.twbx (ID: ab8a76c0-45ec-421e-b9b0-aa323c11b6a3)
2026-08-18 11:44:03  INFO          Descargado (0.3 MB)
2026-08-18 11:44:03  INFO    [28/210] Ceco Cuenta (v6)
2026-08-18 11:44:03  INFO          Proyecto: Production/Dashboards/Performance Sell In
2026-08-18 11:44:04  INFO  Downloaded workbook revision None to C:\tabcmd\TableauGitHub\Tableau Workbooks\Versiones\Ceco Cuenta_v6.twbx (ID: f2cffbb5-876b-4103-b8c9-725d987e108d)
2026-08-18 11:44:04  INFO          Descargado (0.1 MB)
2026-08-18 11:44:04  INFO    [29/210] Self Service PRO (v100)
2026-08-18 11:44:04  INFO          Proyecto: Production/Dashboards/Performance Sell In
2026-08-18 11:44:04  INFO  Downloaded workbook revision None to C:\tabcmd\TableauGitHub\Tableau Workbooks\Versiones\Self Service PRO_v100.twbx (ID: 98a98141-404e-494a-a1e3-1dca9e900c54)
2026-08-18 11:44:04  INFO          Descargado (0.4 MB)
2026-08-18 11:44:04  INFO    [30/210] Termometro Ventas Diarias (v46)
2026-08-18 11:44:04  INFO          Proyecto: Production/Dashboards/Performance Sell In
2026-08-18 11:44:05  INFO  Downloaded workbook revision None to C:\tabcmd\TableauGitHub\Tableau Workbooks\Versiones\Termometro Ventas Diarias_v46.twbx (ID: 51d8ca76-1a3e-4fb3-a42f-9365e417f806)
2026-08-18 11:44:05  INFO          Descargado (0.4 MB)
2026-08-18 11:44:05  INFO    [31/210] Venta Interna PRO (v69)
2026-08-18 11:44:05  INFO          Proyecto: Production/Dashboards/Performance Sell In
2026-08-18 11:44:06  INFO  Downloaded workbook revision None to C:\tabcmd\TableauGitHub\Tableau Workbooks\Versiones\Venta Interna PRO_v69.twbx (ID: 04d1a277-9533-4ce9-8616-a7e31fa82da5)
2026-08-18 11:44:06  INFO          Descargado (1.3 MB)
2026-08-18 11:44:06  INFO    [32/210] Zoom Dtos BU (v11)
2026-08-18 11:44:06  INFO          Proyecto: Production/Dashboards/Performance Sell In
2026-08-18 11:44:06  INFO  Downloaded workbook revision None to C:\tabcmd\TableauGitHub\Tableau Workbooks\Versiones\Zoom Dtos BU_v11.twbx (ID: 4c323995-6f47-4c11-b6fb-22a12bd181eb)
2026-08-18 11:44:06  INFO          Descargado (0.5 MB)
2026-08-18 11:44:06  INFO    [33/210] Termometro Ventas Mensuales (v47)
2026-08-18 11:44:06  INFO          Proyecto: Production/Dashboards/Performance Sell In
2026-08-18 11:44:07  INFO  Downloaded workbook revision None to C:\tabcmd\TableauGitHub\Tableau Workbooks\Versiones\Termometro Ventas Mensuales_v47.twbx (ID: 2cffeac7-70bb-474b-90b1-071753995690)
2026-08-18 11:44:07  INFO          Descargado (0.4 MB)
2026-08-18 11:44:07  INFO    [34/210] Venta Interna - YTD (v1)
2026-08-18 11:44:07  INFO          Proyecto: Production/Dashboards/Performance Sell In
2026-08-18 11:44:07  INFO  Downloaded workbook revision None to C:\tabcmd\TableauGitHub\Tableau Workbooks\Versiones\Venta Interna - YTD_v1.twbx (ID: 9b8407f3-0a94-48a3-94a7-62754cbd618d)
2026-08-18 11:44:07  INFO          Descargado (0.4 MB)
2026-08-18 11:44:07  INFO    [35/210] PL (v36)
2026-08-18 11:44:07  INFO          Proyecto: Production/Dashboards/Performance Sell In
2026-08-18 11:44:08  INFO  Downloaded workbook revision None to C:\tabcmd\TableauGitHub\Tableau Workbooks\Versiones\PL_v36.twbx (ID: 91c161b6-c54a-4161-a348-eb0eaab868d1)
2026-08-18 11:44:08  INFO          Descargado (0.8 MB)
2026-08-18 11:44:08  INFO    [36/210] Venta Interna - MTD (v1)
2026-08-18 11:44:08  INFO          Proyecto: Production/Dashboards/Performance Sell In
2026-08-18 11:44:08  INFO  Downloaded workbook revision None to C:\tabcmd\TableauGitHub\Tableau Workbooks\Versiones\Venta Interna - MTD_v1.twbx (ID: ae558d36-888b-4baa-a9f4-96b5ee9bdc24)
2026-08-18 11:44:08  INFO          Descargado (0.4 MB)
2026-08-18 11:44:08  INFO    [37/210] Informe Actividad por Tipo Centro (v24)
2026-08-18 11:44:08  INFO          Proyecto: Production/Dashboards/Ad hoc Reports/BI Local/BI España
2026-08-18 11:44:09  INFO  Downloaded workbook revision None to C:\tabcmd\TableauGitHub\Tableau Workbooks\Versiones\Informe Actividad por Tipo Centro_v24.twbx (ID: 43597e46-7f38-47ff-b6d6-5ce2f161e6a0)
2026-08-18 11:44:09  INFO          Descargado (0.1 MB)
2026-08-18 11:44:09  INFO    [38/210] Proyeccion Preventa Heliocare (v5)
2026-08-18 11:44:09  INFO          Proyecto: Production/Dashboards/Ad hoc Reports/BI Local/BI España
2026-08-18 11:44:09  INFO  Downloaded workbook revision None to C:\tabcmd\TableauGitHub\Tableau Workbooks\Versiones\Proyeccion Preventa Heliocare_v5.twbx (ID: 50072467-a859-426e-a84b-135f1eed4097)
2026-08-18 11:44:09  INFO          Descargado (0.1 MB)
2026-08-18 11:44:09  INFO    [39/210] Rankings (v69)
2026-08-18 11:44:09  INFO          Proyecto: Production/Dashboards/Ad hoc Reports/BI Local/BI España
2026-08-18 11:44:10  INFO  Downloaded workbook revision None to C:\tabcmd\TableauGitHub\Tableau Workbooks\Versiones\Rankings_v69.twbx (ID: fc964802-f146-43f2-9163-b3a86ca7f66d)
2026-08-18 11:44:10  INFO          Descargado (0.4 MB)
2026-08-18 11:44:10  INFO    [40/210] Analisis por Tipo Venta (v18)
2026-08-18 11:44:10  INFO          Proyecto: Production/Dashboards/Ad hoc Reports/BI Local/BI España
2026-08-18 11:44:10  INFO  Downloaded workbook revision None to C:\tabcmd\TableauGitHub\Tableau Workbooks\Versiones\Analisis por Tipo Venta_v18.twbx (ID: bd742d87-1c1f-4079-9bba-aac6472b44e5)
2026-08-18 11:44:10  INFO          Descargado (0.1 MB)
2026-08-18 11:44:10  INFO    [41/210] CdM Informes Delegado (v59)
2026-08-18 11:44:10  INFO          Proyecto: Production/Dashboards/Ad hoc Reports/BI Local/BI España
2026-08-18 11:44:10  INFO  Downloaded workbook revision None to C:\tabcmd\TableauGitHub\Tableau Workbooks\Versiones\CdM Informes Delegado_v59.twbx (ID: f30dfe94-7b18-4d30-94cd-77fede4610ba)
2026-08-18 11:44:10  INFO          Descargado (0.3 MB)
2026-08-18 11:44:10  INFO    [42/210] CdM Area Clientes (v349)
2026-08-18 11:44:10  INFO          Proyecto: Production/Dashboards/Ad hoc Reports/BI Local/BI España
2026-08-18 11:44:12  INFO  Downloaded workbook revision None to C:\tabcmd\TableauGitHub\Tableau Workbooks\Versiones\CdM Area Clientes_v349.twbx (ID: dba0dffd-11b5-44e9-8cb6-6f2ebac65bec)
2026-08-18 11:44:12  INFO          Descargado (1.8 MB)
2026-08-18 11:44:12  INFO    [43/210] CdM Rankings-Area Clientes (v28)
2026-08-18 11:44:12  INFO          Proyecto: Production/Dashboards/Ad hoc Reports/BI Local/BI España
2026-08-18 11:44:13  INFO  Downloaded workbook revision None to C:\tabcmd\TableauGitHub\Tableau Workbooks\Versiones\CdM Rankings-Area Clientes_v28.twbx (ID: 15a938d8-cd10-4f27-ae70-fdd460bb12ad)
2026-08-18 11:44:13  INFO          Descargado (0.6 MB)
2026-08-18 11:44:13  INFO    [44/210] CdM PLUS Incentivos (v111)
2026-08-18 11:44:13  INFO          Proyecto: Production/Dashboards/Ad hoc Reports/BI Local/BI España
2026-08-18 11:44:13  INFO  Downloaded workbook revision None to C:\tabcmd\TableauGitHub\Tableau Workbooks\Versiones\CdM PLUS Incentivos_v111.twbx (ID: f464faa1-5ca4-45e6-9c54-6a3d727e82b3)
2026-08-18 11:44:13  INFO          Descargado (1.7 MB)
2026-08-18 11:44:13  INFO    [45/210] CdM Matrices (v94)
2026-08-18 11:44:13  INFO          Proyecto: Production/Dashboards/Ad hoc Reports/BI Local/BI España
2026-08-18 11:44:14  INFO  Downloaded workbook revision None to C:\tabcmd\TableauGitHub\Tableau Workbooks\Versiones\CdM Matrices_v94.twbx (ID: b625f02e-d6b4-42ef-b494-2e7fc656c9a5)
2026-08-18 11:44:14  INFO          Descargado (0.3 MB)
2026-08-18 11:44:14  INFO    [46/210] CdM Venta Interna (v235)
2026-08-18 11:44:14  INFO          Proyecto: Production/Dashboards/Ad hoc Reports/BI Local/BI España
2026-08-18 11:44:16  INFO  Downloaded workbook revision None to C:\tabcmd\TableauGitHub\Tableau Workbooks\Versiones\CdM Venta Interna_v235.twbx (ID: 2ac5c118-f0e1-4880-b032-2d4884bc3af8)
2026-08-18 11:44:16  INFO          Descargado (1.7 MB)
2026-08-18 11:44:16  INFO    [47/210] IAD Salesforce (v113)
2026-08-18 11:44:16  INFO          Proyecto: Production/Dashboards/Ad hoc Reports/BI Local/BI España
2026-08-18 11:44:16  INFO  Downloaded workbook revision None to C:\tabcmd\TableauGitHub\Tableau Workbooks\Versiones\IAD Salesforce_v113.twbx (ID: bf648395-3fae-48e4-8d58-6f7fd04867b6)
2026-08-18 11:44:16  INFO          Descargado (0.4 MB)
2026-08-18 11:44:16  INFO    [48/210] Informe Provision Rappel (v36)
2026-08-18 11:44:16  INFO          Proyecto: Production/Dashboards/Ad hoc Reports/BI Local/BI España
2026-08-18 11:44:16  INFO  Downloaded workbook revision None to C:\tabcmd\TableauGitHub\Tableau Workbooks\Versiones\Informe Provision Rappel_v36.twbx (ID: 3135aa9b-d239-48f9-bfe2-97f8b66635d3)
2026-08-18 11:44:16  INFO          Descargado (0.1 MB)
2026-08-18 11:44:16  INFO    [49/210] CdM Unidades Regulatorio (v7)
2026-08-18 11:44:16  INFO          Proyecto: Production/Dashboards/Ad hoc Reports/BI Local/BI España
2026-08-18 11:44:17  INFO  Downloaded workbook revision None to C:\tabcmd\TableauGitHub\Tableau Workbooks\Versiones\CdM Unidades Regulatorio_v7.twbx (ID: 0a5cdc3e-306c-44af-9ef5-768f99f4a263)
2026-08-18 11:44:17  INFO          Descargado (0.1 MB)
2026-08-18 11:44:17  INFO    [50/210] CdM Sell out (v62)
2026-08-18 11:44:17  INFO          Proyecto: Production/Dashboards/Ad hoc Reports/BI Local/BI España
2026-08-18 11:44:17  INFO  Downloaded workbook revision None to C:\tabcmd\TableauGitHub\Tableau Workbooks\Versiones\CdM Sell out_v62.twbx (ID: 7b98ed27-cf90-40ea-a086-a67959bcba8e)
2026-08-18 11:44:17  INFO          Descargado (0.4 MB)
2026-08-18 11:44:17  INFO    [51/210] CdM AP Incentivos (v25)
2026-08-18 11:44:17  INFO          Proyecto: Production/Dashboards/Ad hoc Reports/BI Local/BI España
2026-08-18 11:44:17  INFO  Downloaded workbook revision None to C:\tabcmd\TableauGitHub\Tableau Workbooks\Versiones\CdM AP Incentivos_v25.twbx (ID: d267ca43-03cf-4ab1-8482-ab4c037b85fa)
2026-08-18 11:44:17  INFO          Descargado (0.2 MB)
2026-08-18 11:44:17  INFO    [52/210] KPIs Estrategicos (v6)
2026-08-18 11:44:17  INFO          Proyecto: Production/Dashboards/Ad hoc Reports/BI Local/BI España
2026-08-18 11:44:18  INFO  Downloaded workbook revision None to C:\tabcmd\TableauGitHub\Tableau Workbooks\Versiones\KPIs Estrategicos_v6.twbx (ID: 1afab344-4948-4955-9a8d-339dfc574894)
2026-08-18 11:44:18  INFO          Descargado (0.4 MB)
2026-08-18 11:44:18  INFO    [53/210] CdM Clientes - Filtro Facturacion (v31)
2026-08-18 11:44:18  INFO          Proyecto: Production/Dashboards/Ad hoc Reports/BI Local/BI España
2026-08-18 11:44:19  INFO  Downloaded workbook revision None to C:\tabcmd\TableauGitHub\Tableau Workbooks\Versiones\CdM Clientes - Filtro Facturacion_v31.twbx (ID: b70062b9-8ad6-4c22-a875-bc4e16df3a58)
2026-08-18 11:44:19  INFO          Descargado (0.4 MB)
2026-08-18 11:44:19  INFO    [54/210] Estrategia Ciclo (v24)
2026-08-18 11:44:19  INFO          Proyecto: Production/Dashboards/Ad hoc Reports/BI Local/BI España
2026-08-18 11:44:19  INFO  Downloaded workbook revision None to C:\tabcmd\TableauGitHub\Tableau Workbooks\Versiones\Estrategia Ciclo_v24.twbx (ID: 00814ae0-b0b6-44aa-abfc-aff5be99d374)
2026-08-18 11:44:19  INFO          Descargado (0.2 MB)
2026-08-18 11:44:19  INFO    [55/210] CdM Red Select Ejecutivo (v59)
2026-08-18 11:44:19  INFO          Proyecto: Production/Dashboards/Ad hoc Reports/BI Local/BI España
2026-08-18 11:44:20  INFO  Downloaded workbook revision None to C:\tabcmd\TableauGitHub\Tableau Workbooks\Versiones\CdM Red Select Ejecutivo_v59.twbx (ID: 4cdc883b-254e-4d3c-a548-57cbade4a3e8)
2026-08-18 11:44:20  INFO          Descargado (1.6 MB)
2026-08-18 11:44:20  INFO    [56/210] Seguimiento Acuerdos Comerciales (v34)
2026-08-18 11:44:20  INFO          Proyecto: Production/Dashboards/Ad hoc Reports/BI Local/BI España
2026-08-18 11:44:20  INFO  Downloaded workbook revision None to C:\tabcmd\TableauGitHub\Tableau Workbooks\Versiones\Seguimiento Acuerdos Comerciales_v34.twbx (ID: 4c3a98a8-964d-4af6-b6ac-eee7d2b82b34)
2026-08-18 11:44:20  INFO          Descargado (0.4 MB)
2026-08-18 11:44:20  INFO    [57/210] CdM Gastos Red Comercial (v27)
2026-08-18 11:44:20  INFO          Proyecto: Production/Dashboards/Ad hoc Reports/BI Local/BI España
2026-08-18 11:44:21  INFO  Downloaded workbook revision None to C:\tabcmd\TableauGitHub\Tableau Workbooks\Versiones\CdM Gastos Red Comercial_v27.twbx (ID: 90345dd6-36be-4e67-95cf-d58808bbd346)
2026-08-18 11:44:21  INFO          Descargado (0.2 MB)
2026-08-18 11:44:21  INFO    [58/210] CdM Campañas (v30)
2026-08-18 11:44:21  INFO          Proyecto: Production/Dashboards/Ad hoc Reports/BI Local/BI España
2026-08-18 11:44:21  INFO  Downloaded workbook revision None to C:\tabcmd\TableauGitHub\Tableau Workbooks\Versiones\CdM Campañas_v30.twbx (ID: a5722517-6d85-4a14-8e3d-19db8e940149)
2026-08-18 11:44:21  INFO          Descargado (0.2 MB)
2026-08-18 11:44:21  INFO    [59/210] Analisis Importe Pendiente (v11)
2026-08-18 11:44:21  INFO          Proyecto: Production/Dashboards/Ad hoc Reports/BI Local/BI España
2026-08-18 11:44:21  INFO  Downloaded workbook revision None to C:\tabcmd\TableauGitHub\Tableau Workbooks\Versiones\Analisis Importe Pendiente_v11.twbx (ID: cb328a90-df69-4062-9fc9-505398b6e3aa)
2026-08-18 11:44:21  INFO          Descargado (0.1 MB)
2026-08-18 11:44:21  INFO    [60/210] CdM CARE Incentivos (v21)
2026-08-18 11:44:21  INFO          Proyecto: Production/Dashboards/Ad hoc Reports/BI Local/BI España
2026-08-18 11:44:22  INFO  Downloaded workbook revision None to C:\tabcmd\TableauGitHub\Tableau Workbooks\Versiones\CdM CARE Incentivos_v21.twbx (ID: 12ec4ee6-057d-46ec-b510-a821864c9068)
2026-08-18 11:44:22  INFO          Descargado (1.8 MB)
2026-08-18 11:44:22  INFO    [61/210] Informe Clientes sin Venta (con Prop.) (v3)
2026-08-18 11:44:22  INFO          Proyecto: Production/Dashboards/Ad hoc Reports/BI Local/BI España
2026-08-18 11:44:22  INFO  Downloaded workbook revision None to C:\tabcmd\TableauGitHub\Tableau Workbooks\Versiones\Informe Clientes sin Venta (con Prop.)_v3.twbx (ID: 320b2fc5-f53a-41b7-b63d-6c64aa5b7c8b)
2026-08-18 11:44:22  INFO          Descargado (0.1 MB)
2026-08-18 11:44:22  INFO    [62/210] CdM DERM Incentivos (v90)
2026-08-18 11:44:22  INFO          Proyecto: Production/Dashboards/Ad hoc Reports/BI Local/BI España
2026-08-18 11:44:23  INFO  Downloaded workbook revision None to C:\tabcmd\TableauGitHub\Tableau Workbooks\Versiones\CdM DERM Incentivos_v90.twbx (ID: ce639af7-d263-4d26-b73a-f49647bfe20e)
2026-08-18 11:44:23  INFO          Descargado (1.8 MB)
2026-08-18 11:44:23  INFO    [63/210] CdM COACH Incentivos (v58)
2026-08-18 11:44:23  INFO          Proyecto: Production/Dashboards/Ad hoc Reports/BI Local/BI España
2026-08-18 11:44:24  INFO  Downloaded workbook revision None to C:\tabcmd\TableauGitHub\Tableau Workbooks\Versiones\CdM COACH Incentivos_v58.twbx (ID: ddd99cd0-51a5-40d3-9f9d-d3af13ea88a8)
2026-08-18 11:44:24  INFO          Descargado (1.6 MB)
2026-08-18 11:44:24  INFO    [64/210] Uds Proyectadas (v39)
2026-08-18 11:44:24  INFO          Proyecto: Production/Dashboards/Ad hoc Reports/BI Local/BI España
2026-08-18 11:44:25  INFO  Downloaded workbook revision None to C:\tabcmd\TableauGitHub\Tableau Workbooks\Versiones\Uds Proyectadas_v39.twbx (ID: b3d517bb-c60c-4610-84db-88c4233302b1)
2026-08-18 11:44:25  INFO          Descargado (0.3 MB)
2026-08-18 11:44:25  INFO    [65/210] CdM Redención (v61)
2026-08-18 11:44:25  INFO          Proyecto: Production/Dashboards/Ad hoc Reports/BI Local/BI España
2026-08-18 11:44:25  INFO  Downloaded workbook revision None to C:\tabcmd\TableauGitHub\Tableau Workbooks\Versiones\CdM Redención_v61.twbx (ID: 439cd2fe-05ef-41f0-ab0a-1b0f74af84a9)
2026-08-18 11:44:25  INFO          Descargado (0.1 MB)
2026-08-18 11:44:25  INFO    [66/210] CdM NEO Incentivos (v84)
2026-08-18 11:44:25  INFO          Proyecto: Production/Dashboards/Ad hoc Reports/BI Local/BI España
2026-08-18 11:44:26  INFO  Downloaded workbook revision None to C:\tabcmd\TableauGitHub\Tableau Workbooks\Versiones\CdM NEO Incentivos_v84.twbx (ID: 8ac5d362-9c0d-4244-a198-ce0d6d39231f)
2026-08-18 11:44:26  INFO          Descargado (1.7 MB)
2026-08-18 11:44:26  INFO    [67/210] CdM Preventas (v52)
2026-08-18 11:44:26  INFO          Proyecto: Production/Dashboards/Ad hoc Reports/BI Local/BI España
2026-08-18 11:44:26  INFO  Downloaded workbook revision None to C:\tabcmd\TableauGitHub\Tableau Workbooks\Versiones\CdM Preventas_v52.twbx (ID: 7653d326-194d-49e3-a420-7b055c4e8d7b)
2026-08-18 11:44:26  INFO          Descargado (0.3 MB)
2026-08-18 11:44:26  INFO    [68/210] CdM Tarifa de Precios y Uds Caja (v26)
2026-08-18 11:44:26  INFO          Proyecto: Production/Dashboards/Ad hoc Reports/BI Local/BI España
2026-08-18 11:44:27  INFO  Downloaded workbook revision None to C:\tabcmd\TableauGitHub\Tableau Workbooks\Versiones\CdM Tarifa de Precios y Uds Caja_v26.twbx (ID: efa77e7b-0174-49e8-8aae-dfed2792178c)
2026-08-18 11:44:27  INFO          Descargado (0.2 MB)
2026-08-18 11:44:27  INFO    [69/210] Analisis de Mercados (v35)
2026-08-18 11:44:27  INFO          Proyecto: Production/Dashboards/Ad hoc Reports/BI Local/BI España
2026-08-18 11:44:27  INFO  Downloaded workbook revision None to C:\tabcmd\TableauGitHub\Tableau Workbooks\Versiones\Analisis de Mercados_v35.twbx (ID: a9fe61ee-38b8-48a4-8db7-98d8defdd0eb)
2026-08-18 11:44:27  INFO          Descargado (0.2 MB)
2026-08-18 11:44:27  INFO    [70/210] Seguridad Dashboards (v12)
2026-08-18 11:44:27  INFO          Proyecto: Production/Dashboards/Ad hoc Reports/BI Local/BI España
2026-08-18 11:44:27  INFO  Downloaded workbook revision None to C:\tabcmd\TableauGitHub\Tableau Workbooks\Versiones\Seguridad Dashboards_v12.twbx (ID: d309987f-e081-4c52-9c0f-d3d540c170eb)
2026-08-18 11:44:27  INFO          Descargado (0.2 MB)
2026-08-18 11:44:27  INFO    [71/210] CdM Integral - Actividad (v131)
2026-08-18 11:44:27  INFO          Proyecto: Production/Dashboards/Ad hoc Reports/BI Local/BI España
2026-08-18 11:44:28  INFO  Downloaded workbook revision None to C:\tabcmd\TableauGitHub\Tableau Workbooks\Versiones\CdM Integral - Actividad_v131.twbx (ID: 49f7ffd7-4cf9-4a4e-972d-107fb0a2d371)
2026-08-18 11:44:28  INFO          Descargado (0.9 MB)
2026-08-18 11:44:28  INFO    [72/210] CdM Matrices Cosm (v13)
2026-08-18 11:44:28  INFO          Proyecto: Production/Dashboards/Ad hoc Reports/BI Local/BI España
2026-08-18 11:44:29  INFO  Downloaded workbook revision None to C:\tabcmd\TableauGitHub\Tableau Workbooks\Versiones\CdM Matrices Cosm_v13.twbx (ID: 8b575faa-1276-41b2-ae79-2ece5f5b9429)
2026-08-18 11:44:29  INFO          Descargado (0.2 MB)
2026-08-18 11:44:29  INFO    [73/210] Analisis Packs (v13)
2026-08-18 11:44:29  INFO          Proyecto: Production/Dashboards/Ad hoc Reports/BI Local/BI España
2026-08-18 11:44:29  INFO  Downloaded workbook revision None to C:\tabcmd\TableauGitHub\Tableau Workbooks\Versiones\Analisis Packs_v13.twbx (ID: 8b340c1b-5d4f-44d3-aef2-77219dc7a7ae)
2026-08-18 11:44:29  INFO          Descargado (0.2 MB)
2026-08-18 11:44:29  INFO    [74/210] CdM Area Clientes Self Service (v115)
2026-08-18 11:44:29  INFO          Proyecto: Production/Dashboards/Ad hoc Reports/BI Local/BI España
2026-08-18 11:44:29  INFO  Downloaded workbook revision None to C:\tabcmd\TableauGitHub\Tableau Workbooks\Versiones\CdM Area Clientes Self Service_v115.twbx (ID: 7644ed0c-6122-449b-8d7f-cf33049e9d71)
2026-08-18 11:44:29  INFO          Descargado (0.4 MB)
2026-08-18 11:44:29  INFO    [75/210] Presupuesto Internas (v34)
2026-08-18 11:44:29  INFO          Proyecto: Production/Dashboards/Ad hoc Reports/BI Local/BI España
2026-08-18 11:44:30  INFO  Downloaded workbook revision None to C:\tabcmd\TableauGitHub\Tableau Workbooks\Versiones\Presupuesto Internas_v34.twbx (ID: 530c2476-9f18-49a6-9c76-abcfc60304fa)
2026-08-18 11:44:30  INFO          Descargado (0.2 MB)
2026-08-18 11:44:30  INFO    [76/210] Informe Incentivos Cobrados (v6)
2026-08-18 11:44:30  INFO          Proyecto: Production/Dashboards/Ad hoc Reports/BI Local/BI España
2026-08-18 11:44:30  INFO  Downloaded workbook revision None to C:\tabcmd\TableauGitHub\Tableau Workbooks\Versiones\Informe Incentivos Cobrados_v6.twbx (ID: 0f6b157a-62a0-4903-a1c2-d20a82f2a43c)
2026-08-18 11:44:30  INFO          Descargado (0.1 MB)
2026-08-18 11:44:30  INFO    [77/210] CdM SKIN Incentivos (v85)
2026-08-18 11:44:30  INFO          Proyecto: Production/Dashboards/Ad hoc Reports/BI Local/BI España
2026-08-18 11:44:31  INFO  Downloaded workbook revision None to C:\tabcmd\TableauGitHub\Tableau Workbooks\Versiones\CdM SKIN Incentivos_v85.twbx (ID: eaf84fef-7f97-463a-b4d8-f18d31dc6ddc)
2026-08-18 11:44:31  INFO          Descargado (1.7 MB)
2026-08-18 11:44:31  INFO    [78/210] CdM Select Self Service (v24)
2026-08-18 11:44:31  INFO          Proyecto: Production/Dashboards/Ad hoc Reports/BI Local/BI España
2026-08-18 11:44:31  INFO  Downloaded workbook revision None to C:\tabcmd\TableauGitHub\Tableau Workbooks\Versiones\CdM Select Self Service_v24.twbx (ID: 0ca38d57-3efc-4051-a26c-16e4934f5ec6)
2026-08-18 11:44:31  INFO          Descargado (0.3 MB)
2026-08-18 11:44:31  INFO    [79/210] CdM Integral Self Service AA (v58)
2026-08-18 11:44:31  INFO          Proyecto: Production/Dashboards/Ad hoc Reports/BI Local/BI España
2026-08-18 11:44:32  INFO  Downloaded workbook revision None to C:\tabcmd\TableauGitHub\Tableau Workbooks\Versiones\CdM Integral Self Service AA_v58.twbx (ID: 85581bce-8429-40e8-a643-05dfb61709ea)
2026-08-18 11:44:32  INFO          Descargado (0.3 MB)
2026-08-18 11:44:32  INFO    [80/210] CdM Incentivos Global (v16)
2026-08-18 11:44:32  INFO          Proyecto: Production/Dashboards/Ad hoc Reports/BI Local/BI España
2026-08-18 11:44:32  INFO  Downloaded workbook revision None to C:\tabcmd\TableauGitHub\Tableau Workbooks\Versiones\CdM Incentivos Global_v16.twbx (ID: 6dd68259-d8e8-4ba8-8322-bb7c9edcf2d7)
2026-08-18 11:44:32  INFO          Descargado (0.2 MB)
2026-08-18 11:44:32  INFO    [81/210] Auditoria Cod JDE - Cod SF (v9)
2026-08-18 11:44:32  INFO          Proyecto: Production/Dashboards/Ad hoc Reports/BI Local/BI España/Informes Automaticos
2026-08-18 11:44:32  INFO  Downloaded workbook revision None to C:\tabcmd\TableauGitHub\Tableau Workbooks\Versiones\Auditoria Cod JDE - Cod SF_v9.twbx (ID: fec0c86c-b25a-4900-a56b-32f53f815254)
2026-08-18 11:44:32  INFO          Descargado (0.2 MB)
2026-08-18 11:44:32  INFO    [82/210] CdM SRI Producto Agrupado YTD (v3)
2026-08-18 11:44:32  INFO          Proyecto: Production/Dashboards/Ad hoc Reports/BI Local/BI España/Informes Automaticos
2026-08-18 11:44:33  INFO  Downloaded workbook revision None to C:\tabcmd\TableauGitHub\Tableau Workbooks\Versiones\CdM SRI Producto Agrupado YTD_v3.twbx (ID: 6c3624ba-8ae6-47e1-88f5-739c4654d82c)
2026-08-18 11:44:33  INFO          Descargado (0.5 MB)
2026-08-18 11:44:33  INFO    [83/210] CdM Venta Interna Detalle Marca MTD (v5)
2026-08-18 11:44:33  INFO          Proyecto: Production/Dashboards/Ad hoc Reports/BI Local/BI España/Informes Automaticos
2026-08-18 11:44:34  INFO  Downloaded workbook revision None to C:\tabcmd\TableauGitHub\Tableau Workbooks\Versiones\CdM Venta Interna Detalle Marca MTD_v5.twbx (ID: ca8187f9-b57d-40cb-9481-32de862bfa70)
2026-08-18 11:44:34  INFO          Descargado (0.5 MB)
2026-08-18 11:44:34  INFO    [84/210] CdM Venta Interna Detalle Producto Agrupado YTD (v6)
2026-08-18 11:44:34  INFO          Proyecto: Production/Dashboards/Ad hoc Reports/BI Local/BI España/Informes Automaticos
2026-08-18 11:44:34  INFO  Downloaded workbook revision None to C:\tabcmd\TableauGitHub\Tableau Workbooks\Versiones\CdM Venta Interna Detalle Producto Agrupado YTD_v6.twbx (ID: 8e73ef4d-70cb-4273-8b03-b5a099a5d88f)
2026-08-18 11:44:34  INFO          Descargado (0.5 MB)
2026-08-18 11:44:34  INFO    [85/210] CdM SRI Marca YTD (v3)
2026-08-18 11:44:34  INFO          Proyecto: Production/Dashboards/Ad hoc Reports/BI Local/BI España/Informes Automaticos
2026-08-18 11:44:35  INFO  Downloaded workbook revision None to C:\tabcmd\TableauGitHub\Tableau Workbooks\Versiones\CdM SRI Marca YTD_v3.twbx (ID: 23042a04-c6e7-4025-8d16-ca2aa34fb054)
2026-08-18 11:44:35  INFO          Descargado (0.5 MB)
2026-08-18 11:44:35  INFO    [86/210] CdM Venta Interna Detalle Marca YTD (v10)
2026-08-18 11:44:35  INFO          Proyecto: Production/Dashboards/Ad hoc Reports/BI Local/BI España/Informes Automaticos
2026-08-18 11:44:35  INFO  Downloaded workbook revision None to C:\tabcmd\TableauGitHub\Tableau Workbooks\Versiones\CdM Venta Interna Detalle Marca YTD_v10.twbx (ID: 56a0a900-531c-4810-ba13-21d94f2cd08c)
2026-08-18 11:44:35  INFO          Descargado (0.5 MB)
2026-08-18 11:44:35  INFO    [87/210] CdM SRI Producto Agrupado MTD (v2)
2026-08-18 11:44:35  INFO          Proyecto: Production/Dashboards/Ad hoc Reports/BI Local/BI España/Informes Automaticos
2026-08-18 11:44:36  INFO  Downloaded workbook revision None to C:\tabcmd\TableauGitHub\Tableau Workbooks\Versiones\CdM SRI Producto Agrupado MTD_v2.twbx (ID: 5a70f7b6-81d2-4d25-ae63-5d122ca3cdb3)
2026-08-18 11:44:36  INFO          Descargado (0.5 MB)
2026-08-18 11:44:36  INFO    [88/210] CdM Venta Interna Detalle Producto Agrupado MTD (v5)
2026-08-18 11:44:36  INFO          Proyecto: Production/Dashboards/Ad hoc Reports/BI Local/BI España/Informes Automaticos
2026-08-18 11:44:37  INFO  Downloaded workbook revision None to C:\tabcmd\TableauGitHub\Tableau Workbooks\Versiones\CdM Venta Interna Detalle Producto Agrupado MTD_v5.twbx (ID: c38c8894-0c75-45a0-a7cb-c0feaf5cce02)
2026-08-18 11:44:37  INFO          Descargado (0.5 MB)
2026-08-18 11:44:37  INFO    [89/210] CdM SRI Marca MTD (v2)
2026-08-18 11:44:37  INFO          Proyecto: Production/Dashboards/Ad hoc Reports/BI Local/BI España/Informes Automaticos
2026-08-18 11:44:37  INFO  Downloaded workbook revision None to C:\tabcmd\TableauGitHub\Tableau Workbooks\Versiones\CdM SRI Marca MTD_v2.twbx (ID: f2917c3d-565d-400f-9aeb-b265055ac158)
2026-08-18 11:44:37  INFO          Descargado (0.5 MB)
2026-08-18 11:44:37  INFO    [90/210] CdM Clinics Visits - 2024 (v7)
2026-08-18 11:44:37  INFO          Proyecto: Production/Dashboards/Ad hoc Reports/BI Local/BI Portugal
2026-08-18 11:44:38  INFO  Downloaded workbook revision None to C:\tabcmd\TableauGitHub\Tableau Workbooks\Versiones\CdM Clinics Visits - 2024_v7.twbx (ID: 18ec46ff-27d9-409c-b4bd-fc3fb7e82160)
2026-08-18 11:44:38  INFO          Descargado (0.2 MB)
2026-08-18 11:44:38  INFO    [91/210] Cdm Sellin (v95)
2026-08-18 11:44:38  INFO          Proyecto: Production/Dashboards/Ad hoc Reports/BI Local/BI Portugal
2026-08-18 11:44:39  INFO  Downloaded workbook revision None to C:\tabcmd\TableauGitHub\Tableau Workbooks\Versiones\Cdm Sellin_v95.twbx (ID: 1ecb1192-e6e9-483f-94c9-d359122a7b05)
2026-08-18 11:44:39  INFO          Descargado (0.8 MB)
2026-08-18 11:44:39  INFO    [92/210] Rankings (v27)
2026-08-18 11:44:39  INFO          Proyecto: Production/Dashboards/Ad hoc Reports/BI Local/BI Portugal
2026-08-18 11:44:39  INFO  Downloaded workbook revision None to C:\tabcmd\TableauGitHub\Tableau Workbooks\Versiones\Rankings_v27.twbx (ID: d89b5d93-bd58-4ecb-81bb-f4109412dfcc)
2026-08-18 11:44:39  INFO          Descargado (0.4 MB)
2026-08-18 11:44:39  INFO    [93/210] Report Portugal (v11)
2026-08-18 11:44:39  INFO          Proyecto: Production/Dashboards/Ad hoc Reports/BI Local/BI Portugal
2026-08-18 11:44:40  INFO  Downloaded workbook revision None to C:\tabcmd\TableauGitHub\Tableau Workbooks\Versiones\Report Portugal_v11.twbx (ID: befc7a54-894c-4ae4-b9d8-aa0ae7326178)
2026-08-18 11:44:40  INFO          Descargado (0.3 MB)
2026-08-18 11:44:40  INFO    [94/210] CdM Pharmacy Visits (v23)
2026-08-18 11:44:40  INFO          Proyecto: Production/Dashboards/Ad hoc Reports/BI Local/BI Portugal
2026-08-18 11:44:41  INFO  Downloaded workbook revision None to C:\tabcmd\TableauGitHub\Tableau Workbooks\Versiones\CdM Pharmacy Visits_v23.twbx (ID: 61fecdef-dd00-4579-a32d-c6d32776214e)
2026-08-18 11:44:41  INFO          Descargado (0.3 MB)
2026-08-18 11:44:41  INFO    [95/210] CdM Clinics Visits (v82)
2026-08-18 11:44:41  INFO          Proyecto: Production/Dashboards/Ad hoc Reports/BI Local/BI Portugal
2026-08-18 11:44:41  INFO  Downloaded workbook revision None to C:\tabcmd\TableauGitHub\Tableau Workbooks\Versiones\CdM Clinics Visits_v82.twbx (ID: 908f730e-801e-46f3-ab2a-924c006aff01)
2026-08-18 11:44:41  INFO          Descargado (0.5 MB)
2026-08-18 11:44:41  INFO    [96/210] CdM Clinics Visits - 2025 (v4)
2026-08-18 11:44:41  INFO          Proyecto: Production/Dashboards/Ad hoc Reports/BI Local/BI Portugal
2026-08-18 11:44:41  INFO  Downloaded workbook revision None to C:\tabcmd\TableauGitHub\Tableau Workbooks\Versiones\CdM Clinics Visits - 2025_v4.twbx (ID: 5ab5adba-d62b-41a3-8493-9a005d5ec246)
2026-08-18 11:44:41  INFO          Descargado (0.2 MB)
2026-08-18 11:44:41  INFO    [97/210] Cdm Sellin SS (v12)
2026-08-18 11:44:41  INFO          Proyecto: Production/Dashboards/Ad hoc Reports/BI Local/BI Portugal
2026-08-18 11:44:42  INFO  Downloaded workbook revision None to C:\tabcmd\TableauGitHub\Tableau Workbooks\Versiones\Cdm Sellin SS_v12.twbx (ID: 94883fc2-b50f-4efb-ae4d-ad01569996b2)
2026-08-18 11:44:42  INFO          Descargado (0.9 MB)
2026-08-18 11:44:42  INFO    [98/210] Kam Review (v130)
2026-08-18 11:44:42  INFO          Proyecto: Production/Dashboards/Ad hoc Reports/BI Local/BI International
2026-08-18 11:44:43  INFO  Downloaded workbook revision None to C:\tabcmd\TableauGitHub\Tableau Workbooks\Versiones\Kam Review_v130.twbx (ID: 176cac7d-4334-41a3-849b-945f049f38fa)
2026-08-18 11:44:43  INFO          Descargado (0.2 MB)
2026-08-18 11:44:43  INFO    [99/210] Kam Review Histórico (v31)
2026-08-18 11:44:43  INFO          Proyecto: Production/Dashboards/Ad hoc Reports/BI Local/BI International
2026-08-18 11:44:43  INFO  Downloaded workbook revision None to C:\tabcmd\TableauGitHub\Tableau Workbooks\Versiones\Kam Review Histórico_v31.twbx (ID: b1b06104-e871-4fd0-b1b5-87e7199fc147)
2026-08-18 11:44:43  INFO          Descargado (0.3 MB)
2026-08-18 11:44:43  INFO    [100/210] Uds Proyectadas Internacional (v13)
2026-08-18 11:44:43  INFO          Proyecto: Production/Dashboards/Ad hoc Reports/BI Local/BI International
2026-08-18 11:44:43  INFO  Downloaded workbook revision None to C:\tabcmd\TableauGitHub\Tableau Workbooks\Versiones\Uds Proyectadas Internacional_v13.twbx (ID: 1d753b93-48b1-46e2-9c21-890df96d98b0)
2026-08-18 11:44:43  INFO          Descargado (0.2 MB)
2026-08-18 11:44:43  INFO    [101/210] Andromedapp (v15)
2026-08-18 11:44:43  INFO          Proyecto: Production/Dashboards/Ad hoc Reports/BI Local/BI México
2026-08-18 11:44:44  INFO  Downloaded workbook revision None to C:\tabcmd\TableauGitHub\Tableau Workbooks\Versiones\Andromedapp_v15.twbx (ID: 82c21686-3501-46e3-ba84-dba4fedda068)
2026-08-18 11:44:44  INFO          Descargado (1.0 MB)
2026-08-18 11:44:44  INFO    [102/210] Reporte Diario de Ventas (v28)
2026-08-18 11:44:44  INFO          Proyecto: Production/Dashboards/Ad hoc Reports/BI Local/BI México/Mockups IBS
2026-08-18 11:44:45  INFO  Downloaded workbook revision None to C:\tabcmd\TableauGitHub\Tableau Workbooks\Versiones\Reporte Diario de Ventas_v28.twbx (ID: 89465930-7806-4389-9d4f-185fc8952b91)
2026-08-18 11:44:45  INFO          Descargado (1.3 MB)
2026-08-18 11:44:45  INFO    [103/210] Fill Rate a Detalle (v21)
2026-08-18 11:44:45  INFO          Proyecto: Production/Dashboards/Ad hoc Reports/BI Local/BI México/Mockups IBS
2026-08-18 11:44:45  INFO  Downloaded workbook revision None to C:\tabcmd\TableauGitHub\Tableau Workbooks\Versiones\Fill Rate a Detalle_v21.twbx (ID: 401c2f5f-11e7-4a22-a4b4-a4af310a6835)
2026-08-18 11:44:45  INFO          Descargado (1.1 MB)
2026-08-18 11:44:45  INFO    [104/210] Tablero rentabilidad (v2)
2026-08-18 11:44:45  INFO          Proyecto: Production/Dashboards/Ad hoc Reports/BI Local/BI México/Mockups IBS
2026-08-18 11:44:46  INFO  Downloaded workbook revision None to C:\tabcmd\TableauGitHub\Tableau Workbooks\Versiones\Tablero rentabilidad_v2.twbx (ID: cccc2754-c3b4-4671-a5a8-930a455c7831)
2026-08-18 11:44:46  INFO          Descargado (2.3 MB)
2026-08-18 11:44:46  INFO    [105/210] Plan de la Demanda (v3)
2026-08-18 11:44:46  INFO          Proyecto: Production/Dashboards/Ad hoc Reports/BI Local/BI México/Mockups IBS
2026-08-18 11:44:48  INFO  Downloaded workbook revision None to C:\tabcmd\TableauGitHub\Tableau Workbooks\Versiones\Plan de la Demanda_v3.twbx (ID: 5a37a03e-1159-44a8-8e29-1f5a56202cd7)
2026-08-18 11:44:48  INFO          Descargado (0.9 MB)
2026-08-18 11:44:48  INFO    [106/210] Conciliacion_Financiera (v2)
2026-08-18 11:44:48  INFO          Proyecto: Production/Dashboards/Ad hoc Reports/BI Local/BI México/Mockups IBS
2026-08-18 11:44:49  INFO  Downloaded workbook revision None to C:\tabcmd\TableauGitHub\Tableau Workbooks\Versiones\Conciliacion_Financiera_v2.twbx (ID: 4fa64e60-35b5-4d01-a886-d35440ff4438)
2026-08-18 11:44:49  INFO          Descargado (1.5 MB)
2026-08-18 11:44:49  INFO    [107/210] Plan de inventarios (v2)
2026-08-18 11:44:49  INFO          Proyecto: Production/Dashboards/Ad hoc Reports/BI Local/BI México/Mockups IBS
2026-08-18 11:44:50  INFO  Downloaded workbook revision None to C:\tabcmd\TableauGitHub\Tableau Workbooks\Versiones\Plan de inventarios_v2.twbx (ID: c192034a-0b9e-4db5-90f4-8cd584362cc5)
2026-08-18 11:44:50  INFO          Descargado (0.1 MB)
2026-08-18 11:44:50  INFO    [108/210] CdM Stangest (v15)
2026-08-18 11:44:50  INFO          Proyecto: Production/Dashboards/Ad hoc Reports/BI Local/BI Stangest
2026-08-18 11:44:51  INFO  Downloaded workbook revision None to C:\tabcmd\TableauGitHub\Tableau Workbooks\Versiones\CdM Stangest_v15.twbx (ID: 83e218df-5b78-408b-8172-2563534174b0)
2026-08-18 11:44:51  INFO          Descargado (1.2 MB)
2026-08-18 11:44:51  INFO    [109/210] CdM Sell out TOTY (v6)
2026-08-18 11:44:51  INFO          Proyecto: Production/Dashboards/Ad hoc Reports/BI Local/BI Toty
2026-08-18 11:44:51  INFO  Downloaded workbook revision None to C:\tabcmd\TableauGitHub\Tableau Workbooks\Versiones\CdM Sell out TOTY_v6.twbx (ID: ed7a7ccb-4607-488f-a3fa-0b484d54b276)
2026-08-18 11:44:51  INFO          Descargado (0.2 MB)
2026-08-18 11:44:51  INFO    [110/210] Client Corporate Catalog (v3)
2026-08-18 11:44:51  INFO          Proyecto: Production/Dashboards/MDM
2026-08-18 11:44:52  INFO  Downloaded workbook revision None to C:\tabcmd\TableauGitHub\Tableau Workbooks\Versiones\Client Corporate Catalog_v3.twbx (ID: 71a2c8fe-6580-47ef-a788-dac7554ed8ec)
2026-08-18 11:44:52  INFO          Descargado (0.1 MB)
2026-08-18 11:44:52  INFO    [111/210] JDE Product Catalog (v41)
2026-08-18 11:44:52  INFO          Proyecto: Production/Dashboards/MDM
2026-08-18 11:44:52  INFO  Downloaded workbook revision None to C:\tabcmd\TableauGitHub\Tableau Workbooks\Versiones\JDE Product Catalog_v41.twbx (ID: 4a3adf1c-fbdf-469e-844e-46517296f155)
2026-08-18 11:44:52  INFO          Descargado (0.6 MB)
2026-08-18 11:44:52  INFO    [112/210] CdM Data Source y Workbook (v22)
2026-08-18 11:44:52  INFO          Proyecto: Production/Dashboards/MDM
2026-08-18 11:44:53  INFO  Downloaded workbook revision None to C:\tabcmd\TableauGitHub\Tableau Workbooks\Versiones\CdM Data Source y Workbook_v22.twbx (ID: 5cc93ac7-3488-435e-8b55-62c6d1a90155)
2026-08-18 11:44:53  INFO          Descargado (0.2 MB)
2026-08-18 11:44:53  INFO    [113/210] Product Corporate Catalog (v106)
2026-08-18 11:44:53  INFO          Proyecto: Production/Dashboards/MDM
2026-08-18 11:44:53  INFO  Downloaded workbook revision None to C:\tabcmd\TableauGitHub\Tableau Workbooks\Versiones\Product Corporate Catalog_v106.twbx (ID: f2faf583-0eed-4212-888d-d6085654524f)
2026-08-18 11:44:53  INFO          Descargado (1.7 MB)
2026-08-18 11:44:53  INFO    [114/210] JDE Logistics Product Catalog (v8)
2026-08-18 11:44:53  INFO          Proyecto: Production/Dashboards/MDM
2026-08-18 11:44:54  INFO  Downloaded workbook revision None to C:\tabcmd\TableauGitHub\Tableau Workbooks\Versiones\JDE Logistics Product Catalog_v8.twbx (ID: 7178c8c9-ce98-415e-9e07-85559a36f0e7)
2026-08-18 11:44:54  INFO          Descargado (0.4 MB)
2026-08-18 11:44:54  INFO    [115/210] Glossary (v12)
2026-08-18 11:44:54  INFO          Proyecto: Production/Dashboards/MDM
2026-08-18 11:44:54  INFO  Downloaded workbook revision None to C:\tabcmd\TableauGitHub\Tableau Workbooks\Versiones\Glossary_v12.twbx (ID: ab34e89b-06f1-4083-a61e-18b104af5619)
2026-08-18 11:44:54  INFO          Descargado (0.1 MB)
2026-08-18 11:44:54  INFO    [116/210] Tableau Usage (v7)
2026-08-18 11:44:54  INFO          Proyecto: Production/Dashboards/MDM
2026-08-18 11:44:55  INFO  Downloaded workbook revision None to C:\tabcmd\TableauGitHub\Tableau Workbooks\Versiones\Tableau Usage_v7.twbx (ID: 20699235-400a-4cbe-b0bd-d83864297378)
2026-08-18 11:44:55  INFO          Descargado (0.3 MB)
2026-08-18 11:44:55  INFO    [117/210] Dashboard Catalog (v1)
2026-08-18 11:44:55  INFO          Proyecto: Production/Dashboards/MDM
2026-08-18 11:44:55  INFO  Downloaded workbook revision None to C:\tabcmd\TableauGitHub\Tableau Workbooks\Versiones\Dashboard Catalog_v1.twbx (ID: da0058d1-669f-478d-87b0-713bd5eecafa)
2026-08-18 11:44:55  INFO          Descargado (0.1 MB)
2026-08-18 11:44:55  INFO    [118/210] KPIs Demand (v10)
2026-08-18 11:44:55  INFO          Proyecto: Production/Dashboards/Supply Chain
2026-08-18 11:44:56  INFO  Downloaded workbook revision None to C:\tabcmd\TableauGitHub\Tableau Workbooks\Versiones\KPIs Demand_v10.twbx (ID: 2f9a2669-5564-425d-9b0e-68c0f307216d)
2026-08-18 11:44:56  INFO          Descargado (0.7 MB)
2026-08-18 11:44:56  INFO    [119/210] Lanzamientos (v146)
2026-08-18 11:44:56  INFO          Proyecto: Production/Dashboards/Supply Chain
2026-08-18 11:44:56  INFO  Downloaded workbook revision None to C:\tabcmd\TableauGitHub\Tableau Workbooks\Versiones\Lanzamientos_v146.twbx (ID: 94622750-0171-48b7-9bd4-8cc0c17936ee)
2026-08-18 11:44:56  INFO          Descargado (0.3 MB)
2026-08-18 11:44:56  INFO    [120/210] Pedidos (v45)
2026-08-18 11:44:56  INFO          Proyecto: Production/Dashboards/Supply Chain
2026-08-18 11:44:57  INFO  Downloaded workbook revision None to C:\tabcmd\TableauGitHub\Tableau Workbooks\Versiones\Pedidos_v45.twbx (ID: b3f30936-3cc3-4859-89aa-3d80ae0d5e1b)
2026-08-18 11:44:57  INFO          Descargado (0.2 MB)
2026-08-18 11:44:57  INFO    [121/210] Apro vs Demanda (v4)
2026-08-18 11:44:57  INFO          Proyecto: Production/Dashboards/Supply Chain
2026-08-18 11:44:57  INFO  Downloaded workbook revision None to C:\tabcmd\TableauGitHub\Tableau Workbooks\Versiones\Apro vs Demanda_v4.twbx (ID: 08bf945a-96ac-4023-9968-20739588416c)
2026-08-18 11:44:57  INFO          Descargado (0.1 MB)
2026-08-18 11:44:57  INFO    [122/210] Triangulo Previsiones (v14)
2026-08-18 11:44:57  INFO          Proyecto: Production/Dashboards/Supply Chain
2026-08-18 11:44:57  INFO  Downloaded workbook revision None to C:\tabcmd\TableauGitHub\Tableau Workbooks\Versiones\Triangulo Previsiones_v14.twbx (ID: f8096301-80a4-43b9-b4bf-6d2d45665567)
2026-08-18 11:44:57  INFO          Descargado (0.4 MB)
2026-08-18 11:44:57  INFO    [123/210] Inventario (v16)
2026-08-18 11:44:57  INFO          Proyecto: Production/Dashboards/Supply Chain
2026-08-18 11:44:57  INFO  Downloaded workbook revision None to C:\tabcmd\TableauGitHub\Tableau Workbooks\Versiones\Inventario_v16.twbx (ID: b2b2aadc-8f01-48b0-8385-38e7d8ade792)
2026-08-18 11:44:57  INFO          Descargado (0.1 MB)
2026-08-18 11:44:58  INFO    [124/210] Aprovisionamiento Interno (v1)
2026-08-18 11:44:58  INFO          Proyecto: Production/Dashboards/Supply Chain
2026-08-18 11:44:58  INFO  Downloaded workbook revision None to C:\tabcmd\TableauGitHub\Tableau Workbooks\Versiones\Aprovisionamiento Interno_v1.twbx (ID: 6dfa1efd-c27c-4206-9dc6-49401dddfb62)
2026-08-18 11:44:58  INFO          Descargado (0.1 MB)
2026-08-18 11:44:58  INFO    [125/210] Stocks (v51)
2026-08-18 11:44:58  INFO          Proyecto: Production/Dashboards/Supply Chain
2026-08-18 11:44:58  INFO  Downloaded workbook revision None to C:\tabcmd\TableauGitHub\Tableau Workbooks\Versiones\Stocks_v51.twbx (ID: 94b1b20f-97b8-4f97-b0aa-67624130f8a9)
2026-08-18 11:44:58  INFO          Descargado (0.2 MB)
2026-08-18 11:44:58  INFO    [126/210] Unhealthy Stock Detail Table (v21)
2026-08-18 11:44:58  INFO          Proyecto: Production/Dashboards/Supply Chain
2026-08-18 11:44:59  INFO  Downloaded workbook revision None to C:\tabcmd\TableauGitHub\Tableau Workbooks\Versiones\Unhealthy Stock Detail Table_v21.twbx (ID: 90e6876f-703c-4060-a4d7-6b3dd987ecbd)
2026-08-18 11:44:59  INFO          Descargado (0.6 MB)
2026-08-18 11:44:59  INFO    [127/210] CdM Supply (v31)
2026-08-18 11:44:59  INFO          Proyecto: Production/Dashboards/Supply Chain
2026-08-18 11:44:59  INFO  Downloaded workbook revision None to C:\tabcmd\TableauGitHub\Tableau Workbooks\Versiones\CdM Supply_v31.twbx (ID: 8159f7b6-3f91-4daf-829a-89ddc7c15e61)
2026-08-18 11:44:59  INFO          Descargado (0.3 MB)
2026-08-18 11:44:59  INFO    [128/210] Consumos (v9)
2026-08-18 11:44:59  INFO          Proyecto: Production/Dashboards/Supply Chain
2026-08-18 11:44:59  INFO  Downloaded workbook revision None to C:\tabcmd\TableauGitHub\Tableau Workbooks\Versiones\Consumos_v9.twbx (ID: 97e93239-162a-48e6-9aca-1f8cd82874f0)
2026-08-18 11:44:59  INFO          Descargado (0.4 MB)
2026-08-18 11:44:59  INFO    [129/210] Servicio (v16)
2026-08-18 11:44:59  INFO          Proyecto: Production/Dashboards/Supply Chain
2026-08-18 11:45:00  INFO  Downloaded workbook revision None to C:\tabcmd\TableauGitHub\Tableau Workbooks\Versiones\Servicio_v16.twbx (ID: 025cddb9-90a0-497f-ac77-7b1683ede196)
2026-08-18 11:45:00  INFO          Descargado (0.6 MB)
2026-08-18 11:45:00  INFO    [130/210] Aprovisionamiento Semanal (v27)
2026-08-18 11:45:00  INFO          Proyecto: Production/Dashboards/Supply Chain
2026-08-18 11:45:00  INFO  Downloaded workbook revision None to C:\tabcmd\TableauGitHub\Tableau Workbooks\Versiones\Aprovisionamiento Semanal_v27.twbx (ID: a0bd88b9-a32a-46af-be68-d1989a759e0d)
2026-08-18 11:45:00  INFO          Descargado (0.2 MB)
2026-08-18 11:45:00  INFO    [131/210] CdM Compras (v23)
2026-08-18 11:45:00  INFO          Proyecto: Production/Dashboards/Supply Chain
2026-08-18 11:45:01  INFO  Downloaded workbook revision None to C:\tabcmd\TableauGitHub\Tableau Workbooks\Versiones\CdM Compras_v23.twbx (ID: 54976f34-4959-4da9-91c4-6a9b42c390a0)
2026-08-18 11:45:01  INFO          Descargado (0.4 MB)
2026-08-18 11:45:01  INFO    [132/210] CdM Logistica (v9)
2026-08-18 11:45:01  INFO          Proyecto: Production/Dashboards/Supply Chain
2026-08-18 11:45:01  INFO  Downloaded workbook revision None to C:\tabcmd\TableauGitHub\Tableau Workbooks\Versiones\CdM Logistica_v9.twbx (ID: daa62578-322f-42a8-b849-4280d101c96b)
2026-08-18 11:45:01  INFO          Descargado (0.4 MB)
2026-08-18 11:45:01  INFO    [133/210] Forecast Grouped (v4)
2026-08-18 11:45:01  INFO          Proyecto: Production/Dashboards/Supply Chain
2026-08-18 11:45:01  INFO  Downloaded workbook revision None to C:\tabcmd\TableauGitHub\Tableau Workbooks\Versiones\Forecast Grouped_v4.twbx (ID: 81497e62-85c5-49bd-9034-da1de2d08768)
2026-08-18 11:45:01  INFO          Descargado (0.2 MB)
2026-08-18 11:45:01  INFO    [134/210] Unhealthy Stock (v64)
2026-08-18 11:45:01  INFO          Proyecto: Production/Dashboards/Supply Chain
2026-08-18 11:45:02  INFO  Downloaded workbook revision None to C:\tabcmd\TableauGitHub\Tableau Workbooks\Versiones\Unhealthy Stock_v64.twbx (ID: ffc70657-37e6-497b-8f3e-c1f7f788293c)
2026-08-18 11:45:02  INFO          Descargado (0.7 MB)
2026-08-18 11:45:02  INFO    [135/210] Pallets (v70)
2026-08-18 11:45:02  INFO          Proyecto: Production/Dashboards/Supply Chain
2026-08-18 11:45:02  INFO  Downloaded workbook revision None to C:\tabcmd\TableauGitHub\Tableau Workbooks\Versiones\Pallets_v70.twbx (ID: 52710e9d-8544-461b-bed3-b0c42e3c33bc)
2026-08-18 11:45:02  INFO          Descargado (0.2 MB)
2026-08-18 11:45:02  INFO    [136/210] Compras (v73)
2026-08-18 11:45:02  INFO          Proyecto: Production/Dashboards/Supply Chain
2026-08-18 11:45:03  INFO  Downloaded workbook revision None to C:\tabcmd\TableauGitHub\Tableau Workbooks\Versiones\Compras_v73.twbx (ID: c724a4f1-93f1-4369-85e8-b31946bb33c3)
2026-08-18 11:45:03  INFO          Descargado (0.5 MB)
2026-08-18 11:45:03  INFO    [137/210] CdM Demand (v39)
2026-08-18 11:45:03  INFO          Proyecto: Production/Dashboards/Supply Chain
2026-08-18 11:45:03  INFO  Downloaded workbook revision None to C:\tabcmd\TableauGitHub\Tableau Workbooks\Versiones\CdM Demand_v39.twbx (ID: 26c9e7fd-3c00-4d09-bc20-a189ea0a5473)
2026-08-18 11:45:03  INFO          Descargado (0.5 MB)
2026-08-18 11:45:03  INFO    [138/210] Stock Cuarentena (v9)
2026-08-18 11:45:03  INFO          Proyecto: Production/Dashboards/Supply Chain
2026-08-18 11:45:04  INFO  Downloaded workbook revision None to C:\tabcmd\TableauGitHub\Tableau Workbooks\Versiones\Stock Cuarentena_v9.twbx (ID: c2a2e045-0e80-4416-9c39-d322b5d10616)
2026-08-18 11:45:04  INFO          Descargado (0.1 MB)
2026-08-18 11:45:04  INFO    [139/210] Coberturas (v12)
2026-08-18 11:45:04  INFO          Proyecto: Production/Dashboards/Supply Chain
2026-08-18 11:45:04  INFO  Downloaded workbook revision None to C:\tabcmd\TableauGitHub\Tableau Workbooks\Versiones\Coberturas_v12.twbx (ID: 5491d1fb-5c5d-4c02-b81a-522f173b0af3)
2026-08-18 11:45:04  INFO          Descargado (0.1 MB)
2026-08-18 11:45:04  INFO    [140/210] Recepciones (v25)
2026-08-18 11:45:04  INFO          Proyecto: Production/Dashboards/Supply Chain
2026-08-18 11:45:05  INFO  Downloaded workbook revision None to C:\tabcmd\TableauGitHub\Tableau Workbooks\Versiones\Recepciones_v25.twbx (ID: 388e5336-9f9c-4c2e-a3d3-ad3161a95117)
2026-08-18 11:45:05  INFO          Descargado (0.5 MB)
2026-08-18 11:45:05  INFO    [141/210] ModuloKajalForecasting (v199)
2026-08-18 11:45:05  INFO          Proyecto: Production/Dashboards/Supply Chain/Demand Planning
2026-08-18 11:45:05  INFO  Downloaded workbook revision None to C:\tabcmd\TableauGitHub\Tableau Workbooks\Versiones\ModuloKajalForecasting_v199.twbx (ID: cec4b8b9-55c7-4fc1-9c9b-e15bd7efa311)
2026-08-18 11:45:05  INFO          Descargado (0.2 MB)
2026-08-18 11:45:05  INFO    [142/210] Kajal Home (v2)
2026-08-18 11:45:05  INFO          Proyecto: Production/Dashboards/Supply Chain/Demand Planning
2026-08-18 11:45:05  INFO  Downloaded workbook revision None to C:\tabcmd\TableauGitHub\Tableau Workbooks\Versiones\Kajal Home_v2.twbx (ID: 60af726b-e473-4946-bac4-66ab0a07bd64)
2026-08-18 11:45:05  INFO          Descargado (0.0 MB)
2026-08-18 11:45:05  INFO    [143/210] Self service (v60)
2026-08-18 11:45:05  INFO          Proyecto: Production/Dashboards/Supply Chain/Demand Planning
2026-08-18 11:45:06  INFO  Downloaded workbook revision None to C:\tabcmd\TableauGitHub\Tableau Workbooks\Versiones\Self service_v60.twbx (ID: 06d37d2a-1a28-402d-8117-68cdbb89537e)
2026-08-18 11:45:06  INFO          Descargado (0.0 MB)
2026-08-18 11:45:06  INFO    [144/210] ModuloKajalAnalytics (v138)
2026-08-18 11:45:06  INFO          Proyecto: Production/Dashboards/Supply Chain/Demand Planning
2026-08-18 11:45:06  INFO  Downloaded workbook revision None to C:\tabcmd\TableauGitHub\Tableau Workbooks\Versiones\ModuloKajalAnalytics_v138.twbx (ID: 9cd73a6f-2e87-4095-905c-7a2981d9b3f0)
2026-08-18 11:45:06  INFO          Descargado (0.1 MB)
2026-08-18 11:45:06  INFO    [145/210] Presupuesto (v40)
2026-08-18 11:45:06  INFO          Proyecto: Production/Dashboards/Supply Chain/Demand Planning
2026-08-18 11:45:06  INFO  Downloaded workbook revision None to C:\tabcmd\TableauGitHub\Tableau Workbooks\Versiones\Presupuesto_v40.twbx (ID: a7af926c-de99-4a94-a9b0-63bf6584800e)
2026-08-18 11:45:06  INFO          Descargado (0.0 MB)
2026-08-18 11:45:06  INFO    [146/210] ModuloKajalInventory (v85)
2026-08-18 11:45:06  INFO          Proyecto: Production/Dashboards/Supply Chain/Demand Planning
2026-08-18 11:45:07  INFO  Downloaded workbook revision None to C:\tabcmd\TableauGitHub\Tableau Workbooks\Versiones\ModuloKajalInventory_v85.twbx (ID: e1a58878-4fa7-4dd3-8c80-5ac9448be5b1)
2026-08-18 11:45:07  INFO          Descargado (0.0 MB)
2026-08-18 11:45:07  INFO    [147/210] CdM Calidad (v45)
2026-08-18 11:45:07  INFO          Proyecto: Production/Dashboards/Industrial
2026-08-18 11:45:07  INFO  Downloaded workbook revision None to C:\tabcmd\TableauGitHub\Tableau Workbooks\Versiones\CdM Calidad_v45.twbx (ID: 81fca027-9213-4ffd-8b15-a2b8b0ffffdf)
2026-08-18 11:45:07  INFO          Descargado (1.0 MB)
2026-08-18 11:45:07  INFO    [148/210] CdM Industrial Torrejon (v43)
2026-08-18 11:45:07  INFO          Proyecto: Production/Dashboards/Industrial
2026-08-18 11:45:08  INFO  Downloaded workbook revision None to C:\tabcmd\TableauGitHub\Tableau Workbooks\Versiones\CdM Industrial Torrejon_v43.twbx (ID: 4c0cf192-63c2-4366-9aea-4ee3f4547228)
2026-08-18 11:45:08  INFO          Descargado (0.6 MB)
2026-08-18 11:45:08  INFO    [149/210] CdM Financiero (v35)
2026-08-18 11:45:08  INFO          Proyecto: Production/Dashboards/Industrial
2026-08-18 11:45:08  INFO  Downloaded workbook revision None to C:\tabcmd\TableauGitHub\Tableau Workbooks\Versiones\CdM Financiero_v35.twbx (ID: c4aad7b5-6ed0-4548-93b1-47b53ed78f19)
2026-08-18 11:45:08  INFO          Descargado (0.3 MB)
2026-08-18 11:45:08  INFO    [150/210] CdM Industrial La Concha (v8)
2026-08-18 11:45:08  INFO          Proyecto: Production/Dashboards/Industrial
2026-08-18 11:45:09  INFO  Downloaded workbook revision None to C:\tabcmd\TableauGitHub\Tableau Workbooks\Versiones\CdM Industrial La Concha_v8.twbx (ID: a35d1832-d0e0-42a9-8f43-7654898c918b)
2026-08-18 11:45:09  INFO          Descargado (0.6 MB)
2026-08-18 11:45:09  INFO    [151/210] CdM Produccion (v39)
2026-08-18 11:45:09  INFO          Proyecto: Production/Dashboards/Industrial
2026-08-18 11:45:09  INFO  Downloaded workbook revision None to C:\tabcmd\TableauGitHub\Tableau Workbooks\Versiones\CdM Produccion_v39.twbx (ID: cfc82940-38fa-40b2-a73d-b0acbf4631ae)
2026-08-18 11:45:09  INFO          Descargado (0.8 MB)
2026-08-18 11:45:09  INFO    [152/210] CdM Summary (v16)
2026-08-18 11:45:09  INFO          Proyecto: Production/Dashboards/Industrial
2026-08-18 11:45:10  INFO  Downloaded workbook revision None to C:\tabcmd\TableauGitHub\Tableau Workbooks\Versiones\CdM Summary_v16.twbx (ID: ba9fdd79-36cd-4fa6-9d60-3cb41ef2aa57)
2026-08-18 11:45:10  INFO          Descargado (0.2 MB)
2026-08-18 11:45:10  INFO    [153/210] CdM Ingenieria (v38)
2026-08-18 11:45:10  INFO          Proyecto: Production/Dashboards/Industrial
2026-08-18 11:45:10  INFO  Downloaded workbook revision None to C:\tabcmd\TableauGitHub\Tableau Workbooks\Versiones\CdM Ingenieria_v38.twbx (ID: 377e37eb-2f16-4c59-ad32-a3bf45e9d9af)
2026-08-18 11:45:10  INFO          Descargado (0.4 MB)
2026-08-18 11:45:10  INFO    [154/210] Observatorio Heliocare - ShopperTec (v23)
2026-08-18 11:45:10  INFO          Proyecto: Production/Dashboards/Clientes
2026-08-18 11:45:11  INFO  Downloaded workbook revision None to C:\tabcmd\TableauGitHub\Tableau Workbooks\Versiones\Observatorio Heliocare - ShopperTec_v23.twbx (ID: 861ab620-3584-4aa3-b885-8227f4d0f3c1)
2026-08-18 11:45:11  INFO          Descargado (2.0 MB)
2026-08-18 11:45:11  INFO    [155/210] CdM Commercial Performance (v58)
2026-08-18 11:45:11  INFO          Proyecto: Production/Dashboards/Commercial Performance
2026-08-18 11:45:16  INFO  Downloaded workbook revision None to C:\tabcmd\TableauGitHub\Tableau Workbooks\Versiones\CdM Commercial Performance_v58.twbx (ID: 73dba8d9-3266-4df1-8f7f-7d422b280845)
2026-08-18 11:45:16  INFO          Descargado (2.2 MB)
2026-08-18 11:45:16  INFO    [156/210] Observatorio Heliocare - ShopperTec v2 (v1)
2026-08-18 11:45:16  INFO          Proyecto: Development/Mockups
2026-08-18 11:45:17  INFO  Downloaded workbook revision None to C:\tabcmd\TableauGitHub\Tableau Workbooks\Versiones\Observatorio Heliocare - ShopperTec v2_v1.twbx (ID: cce89199-a38d-4867-bcfb-024de026ec95)
2026-08-18 11:45:17  INFO          Descargado (0.1 MB)
2026-08-18 11:45:17  INFO    [157/210] Mockup VF/KAM/e-KAM v3 (v5)
2026-08-18 11:45:17  INFO          Proyecto: Development/Mockups
2026-08-18 11:45:49  INFO  Downloaded workbook revision None to C:\tabcmd\TableauGitHub\Tableau Workbooks\Versiones\Mockup VF\KAM\e-KAM v3_v5.twbx (ID: 4ef32152-1d1f-4db8-ba05-caaa90de7d94)
2026-08-18 11:45:49  INFO          Descargado (354.0 MB)
2026-08-18 11:45:49  INFO    [158/210] Template Tableau (v1)
2026-08-18 11:45:49  INFO          Proyecto: Development/Ad hoc Reports
2026-08-18 11:45:50  INFO  Downloaded workbook revision None to C:\tabcmd\TableauGitHub\Tableau Workbooks\Versiones\Template Tableau_v1.twbx (ID: 56ba4efe-1387-4e3e-96fa-8b8dcc21520b)
2026-08-18 11:45:50  INFO          Descargado (0.1 MB)
2026-08-18 11:45:50  INFO    [159/210] CdM Area Clientes_BACKUP (v1)
2026-08-18 11:45:50  INFO          Proyecto: Development/Ad hoc Reports/Spain
2026-08-18 11:45:51  INFO  Downloaded workbook revision None to C:\tabcmd\TableauGitHub\Tableau Workbooks\Versiones\CdM Area Clientes_BACKUP_v1.twbx (ID: 528b3f01-2a85-441f-b7d6-066c0035b285)
2026-08-18 11:45:51  INFO          Descargado (1.5 MB)
2026-08-18 11:45:51  INFO    [160/210] Consulta filtrado por Importe a nivel MARCA-PEDIDO (v2)
2026-08-18 11:45:51  INFO          Proyecto: Development/Ad hoc Reports/Spain
2026-08-18 11:45:53  INFO  Downloaded workbook revision None to C:\tabcmd\TableauGitHub\Tableau Workbooks\Versiones\Consulta filtrado por Importe a nivel MARCA-PEDIDO_v2.twbx (ID: e1f957d1-03a9-4c0b-bb48-044ebb95c74a)
2026-08-18 11:45:53  INFO          Descargado (1.7 MB)
2026-08-18 11:45:53  INFO    [161/210] 3. GOLD_20/01/2025_Añadir Importe pendiente (v1)
2026-08-18 11:45:53  INFO          Proyecto: Development/Ad hoc Reports/Spain
2026-08-18 11:45:54  INFO  Downloaded workbook revision None to C:\tabcmd\TableauGitHub\Tableau Workbooks\Versiones\3. GOLD_20\01\2025_Añadir Importe pendiente_v1.twbx (ID: 1f99659a-abb2-4602-b803-f617549f2105)
2026-08-18 11:45:54  INFO          Descargado (1.7 MB)
2026-08-18 11:45:54  INFO    [162/210] CdM Area Clientes_Ranking Gerentes y Propietarios_Cambios v2 (v10)
2026-08-18 11:45:54  INFO          Proyecto: Development/Ad hoc Reports/Spain
2026-08-18 11:45:56  INFO  Downloaded workbook revision None to C:\tabcmd\TableauGitHub\Tableau Workbooks\Versiones\CdM Area Clientes_Ranking Gerentes y Propietarios_Cambios v2_v10.twbx (ID: 6aacc475-e514-444c-93e8-b517eb52267b)
2026-08-18 11:45:56  INFO          Descargado (1.5 MB)
2026-08-18 11:45:56  INFO    [163/210] Clientes en crecimiento (v10)
2026-08-18 11:45:56  INFO          Proyecto: Development/Ad hoc Reports/Italy
2026-08-18 11:45:56  INFO  Downloaded workbook revision None to C:\tabcmd\TableauGitHub\Tableau Workbooks\Versiones\Clientes en crecimiento_v10.twbx (ID: 4afb5e42-c83c-4f7a-90f9-51572dbfa9da)
2026-08-18 11:45:56  INFO          Descargado (0.0 MB)
2026-08-18 11:45:56  INFO    [164/210] Progetto_v3 (v3)
2026-08-18 11:45:56  INFO          Proyecto: Development/Ad hoc Reports/Italy
2026-08-18 11:45:56  INFO  Downloaded workbook revision None to C:\tabcmd\TableauGitHub\Tableau Workbooks\Versiones\Progetto_v3_v3.twbx (ID: 2f7c9e88-f7b9-4b41-8906-5224237f9a6f)
2026-08-18 11:45:56  INFO          Descargado (0.0 MB)
2026-08-18 11:45:56  INFO    [165/210] PROGETTO_V2 (v1)
2026-08-18 11:45:56  INFO          Proyecto: Development/Ad hoc Reports/Italy
2026-08-18 11:45:57  INFO  Downloaded workbook revision None to C:\tabcmd\TableauGitHub\Tableau Workbooks\Versiones\PROGETTO_V2_v1.twbx (ID: 63e84460-5e97-4ada-86ef-fab8a9dab0c3)
2026-08-18 11:45:57  INFO          Descargado (0.0 MB)
2026-08-18 11:45:57  INFO    [166/210] CdM Sell In (v34)
2026-08-18 11:45:57  INFO          Proyecto: Development/Ad hoc Reports/Stangest
2026-08-18 11:45:58  INFO  Downloaded workbook revision None to C:\tabcmd\TableauGitHub\Tableau Workbooks\Versiones\CdM Sell In_v34.twbx (ID: 05446de5-a281-400c-bde3-65524a91c331)
2026-08-18 11:45:58  INFO          Descargado (1.2 MB)
2026-08-18 11:45:58  INFO    [167/210] Dashboard Ventas Por Distrito & Ano (v1)
2026-08-18 11:45:58  INFO          Proyecto: Development/Ad hoc Reports/Portugal
2026-08-18 11:45:58  INFO  Downloaded workbook revision None to C:\tabcmd\TableauGitHub\Tableau Workbooks\Versiones\Dashboard Ventas Por Distrito & Ano_v1.twbx (ID: 57db4d22-818b-4ceb-afcf-8ea33626a3e4)
2026-08-18 11:45:58  INFO          Descargado (0.0 MB)
2026-08-18 11:45:58  INFO    [168/210] Dashboard Ventas Marca Por Delegada (v1)
2026-08-18 11:45:58  INFO          Proyecto: Development/Ad hoc Reports/Portugal
2026-08-18 11:45:58  INFO  Downloaded workbook revision None to C:\tabcmd\TableauGitHub\Tableau Workbooks\Versiones\Dashboard Ventas Marca Por Delegada_v1.twbx (ID: 753b122d-3b24-47ec-87a5-5340b0cf43b3)
2026-08-18 11:45:58  INFO          Descargado (0.0 MB)
2026-08-18 11:45:58  INFO    [169/210] Dashboard Ventas Marca Por Distrito (v1)
2026-08-18 11:45:58  INFO          Proyecto: Development/Ad hoc Reports/Portugal
2026-08-18 11:45:59  INFO  Downloaded workbook revision None to C:\tabcmd\TableauGitHub\Tableau Workbooks\Versiones\Dashboard Ventas Marca Por Distrito_v1.twbx (ID: e38e1b6d-2137-4506-9256-d7a7777d40ce)
2026-08-18 11:45:59  INFO          Descargado (0.0 MB)
2026-08-18 11:45:59  INFO    [170/210] CdM Logistica (v9)
2026-08-18 11:45:59  INFO          Proyecto: Development/Ad hoc Reports/Supply
2026-08-18 11:45:59  INFO          Ya existe en Versiones/, no se descarga de nuevo
2026-08-18 11:45:59  INFO    [171/210] 2. show_sales_totals_in_a_crosstab_starter (v1)
2026-08-18 11:45:59  INFO          Proyecto: Development/Formacion Information Labs
2026-08-18 11:45:59  INFO  Downloaded workbook revision None to C:\tabcmd\TableauGitHub\Tableau Workbooks\Versiones\2. show_sales_totals_in_a_crosstab_starter_v1.twbx (ID: 24246da7-6929-4c6c-9656-1c85a859ac19)
2026-08-18 11:45:59  INFO          Descargado (2.1 MB)
2026-08-18 11:45:59  INFO    [172/210] New- 2.1 create_a_date_calculation_starter (v2)
2026-08-18 11:45:59  INFO          Proyecto: Development/Formacion Information Labs
2026-08-18 11:46:00  INFO  Downloaded workbook revision None to C:\tabcmd\TableauGitHub\Tableau Workbooks\Versiones\New- 2.1 create_a_date_calculation_starter_v2.twbx (ID: 025990ad-3bd0-497f-8225-dbbb4a592b62)
2026-08-18 11:46:00  INFO          Descargado (2.1 MB)
2026-08-18 11:46:00  INFO    [173/210] 1. sort_by_fields_in_a_view_starter (v2)
2026-08-18 11:46:00  INFO          Proyecto: Development/Formacion Information Labs
2026-08-18 11:46:01  INFO  Downloaded workbook revision None to C:\tabcmd\TableauGitHub\Tableau Workbooks\Versiones\1. sort_by_fields_in_a_view_starter_v2.twbx (ID: 84fd0418-e885-400a-8d8f-bb1400d5fdcd)
2026-08-18 11:46:01  INFO          Descargado (1.8 MB)
2026-08-18 11:46:01  INFO    [174/210] 3. add_a_filter_to_context_starter (v2)
2026-08-18 11:46:01  INFO          Proyecto: Development/Formacion Information Labs
2026-08-18 11:46:01  INFO  Downloaded workbook revision None to C:\tabcmd\TableauGitHub\Tableau Workbooks\Versiones\3. add_a_filter_to_context_starter_v2.twbx (ID: 2c4d24d0-c182-4299-a7ae-ead63bae9468)
2026-08-18 11:46:01  INFO          Descargado (7.3 MB)
2026-08-18 11:46:01  INFO    [175/210] 2.1 create_a_calculation_with_aggregation_starter (v2)
2026-08-18 11:46:01  INFO          Proyecto: Development/Formacion Information Labs
2026-08-18 11:46:02  INFO  Downloaded workbook revision None to C:\tabcmd\TableauGitHub\Tableau Workbooks\Versiones\2.1 create_a_calculation_with_aggregation_starter_v2.twbx (ID: 70035e74-b634-4d77-bd24-ad5bf2ef416f)
2026-08-18 11:46:02  INFO          Descargado (2.1 MB)
2026-08-18 11:46:02  INFO    [176/210] 3. add_a_forecast_to_a_view_starter (v2)
2026-08-18 11:46:02  INFO          Proyecto: Development/Formacion Information Labs
2026-08-18 11:46:03  INFO  Downloaded workbook revision None to C:\tabcmd\TableauGitHub\Tableau Workbooks\Versiones\3. add_a_forecast_to_a_view_starter_v2.twbx (ID: 8d31875a-6fa5-4bd0-80c7-ee5e34c6a3d7)
2026-08-18 11:46:03  INFO          Descargado (5.7 MB)
2026-08-18 11:46:03  INFO    [177/210] 2. apply_a_year_over_year_table_calculation_starter (v3)
2026-08-18 11:46:03  INFO          Proyecto: Development/Formacion Information Labs
2026-08-18 11:46:03  INFO  Downloaded workbook revision None to C:\tabcmd\TableauGitHub\Tableau Workbooks\Versiones\2. apply_a_year_over_year_table_calculation_starter_v3.twbx (ID: 334edcb3-b0a4-4b07-b581-68d448f7629a)
2026-08-18 11:46:03  INFO          Descargado (2.1 MB)
2026-08-18 11:46:03  INFO    [178/210] 4.  create_a_bar-in-bar_chart_starter (v2)
2026-08-18 11:46:03  INFO          Proyecto: Development/Formacion Information Labs
2026-08-18 11:46:03  INFO  Downloaded workbook revision None to C:\tabcmd\TableauGitHub\Tableau Workbooks\Versiones\4.  create_a_bar-in-bar_chart_starter_v2.twbx (ID: e0df7129-dfa2-4413-a3a9-b77c7c19fb8c)
2026-08-18 11:46:03  INFO          Descargado (5.7 MB)
2026-08-18 11:46:03  INFO    [179/210] 2.1 create_a_weighted_average_starter (v1)
2026-08-18 11:46:03  INFO          Proyecto: Development/Formacion Information Labs
2026-08-18 11:46:04  INFO  Downloaded workbook revision None to C:\tabcmd\TableauGitHub\Tableau Workbooks\Versiones\2.1 create_a_weighted_average_starter_v1.twbx (ID: 90ce9043-7981-4a77-a90d-d31d1005ea82)
2026-08-18 11:46:04  INFO          Descargado (2.2 MB)
2026-08-18 11:46:04  INFO    [180/210] 3. apply_a_rank_table_calculation_starter (v2)
2026-08-18 11:46:04  INFO          Proyecto: Development/Formacion Information Labs
2026-08-18 11:46:05  INFO  Downloaded workbook revision None to C:\tabcmd\TableauGitHub\Tableau Workbooks\Versiones\3. apply_a_rank_table_calculation_starter_v2.twbx (ID: eeefe2f5-923f-4bd9-8154-45d75b89f6a6)
2026-08-18 11:46:05  INFO          Descargado (5.7 MB)
2026-08-18 11:46:05  INFO    [181/210] 3. add_actions_to_a_dashboard_starter (v1)
2026-08-18 11:46:05  INFO          Proyecto: Development/Formacion Information Labs
2026-08-18 11:46:05  INFO  Downloaded workbook revision None to C:\tabcmd\TableauGitHub\Tableau Workbooks\Versiones\3. add_actions_to_a_dashboard_starter_v1.twbx (ID: 39f64b4f-fa7d-49bd-a283-329ef8e9e137)
2026-08-18 11:46:05  INFO          Descargado (0.1 MB)
2026-08-18 11:46:05  INFO    [182/210] 2. build_a_heat_map_starter (v1)
2026-08-18 11:46:05  INFO          Proyecto: Development/Formacion Information Labs
2026-08-18 11:46:05  INFO  Downloaded workbook revision None to C:\tabcmd\TableauGitHub\Tableau Workbooks\Versiones\2. build_a_heat_map_starter_v1.twbx (ID: c5d68cb5-7248-4880-8729-9938ddd31250)
2026-08-18 11:46:05  INFO          Descargado (2.1 MB)
2026-08-18 11:46:05  INFO    [183/210] 4. calculate_the_average_product_profit_by_category_starter (v2)
2026-08-18 11:46:05  INFO          Proyecto: Development/Formacion Information Labs
2026-08-18 11:46:06  INFO  Downloaded workbook revision None to C:\tabcmd\TableauGitHub\Tableau Workbooks\Versiones\4. calculate_the_average_product_profit_by_category_starter_v2.twbx (ID: 0f3c9f6e-936b-40b2-8073-63509273b3b6)
2026-08-18 11:46:06  INFO          Descargado (7.3 MB)
2026-08-18 11:46:06  INFO    [184/210] Solución - Sample Superstore Dashboard (v1)
2026-08-18 11:46:06  INFO          Proyecto: Development/Formacion Information Labs
2026-08-18 11:46:07  INFO  Downloaded workbook revision None to C:\tabcmd\TableauGitHub\Tableau Workbooks\Versiones\Solución - Sample Superstore Dashboard_v1.twbx (ID: 1dad5aa8-a075-4903-a434-febf3aea9ee4)
2026-08-18 11:46:07  INFO          Descargado (0.5 MB)
2026-08-18 11:46:07  INFO    [185/210] 4. create_a_parameter_for_switching_measures_ and filter_starter (v2)
2026-08-18 11:46:07  INFO          Proyecto: Development/Formacion Information Labs
2026-08-18 11:46:07  INFO  Downloaded workbook revision None to C:\tabcmd\TableauGitHub\Tableau Workbooks\Versiones\4. create_a_parameter_for_switching_measures_ and filter_starter_v2.twbx (ID: 3622a0c5-cc82-4388-a08e-18169c7f6ea6)
2026-08-18 11:46:07  INFO          Descargado (2.1 MB)
2026-08-18 11:46:07  INFO    [186/210] 1. create_a_hierarchy_starter (v1)
2026-08-18 11:46:07  INFO          Proyecto: Development/Formacion Information Labs
2026-08-18 11:46:08  INFO  Downloaded workbook revision None to C:\tabcmd\TableauGitHub\Tableau Workbooks\Versiones\1. create_a_hierarchy_starter_v1.twbx (ID: 4ede17d6-cf93-4924-b9c6-990dc11c6614)
2026-08-18 11:46:08  INFO          Descargado (5.7 MB)
2026-08-18 11:46:08  INFO    [187/210] 3. Box and Whisker Plot Starter (v1)
2026-08-18 11:46:08  INFO          Proyecto: Development/Formacion Information Labs
2026-08-18 11:46:08  INFO  Downloaded workbook revision None to C:\tabcmd\TableauGitHub\Tableau Workbooks\Versiones\3. Box and Whisker Plot Starter_v1.twbx (ID: 879993fa-59cd-4252-b7a4-f4a61fefcd65)
2026-08-18 11:46:08  INFO          Descargado (0.0 MB)
2026-08-18 11:46:08  INFO    [188/210] 2.1 manipulate_strings_starter (v1)
2026-08-18 11:46:08  INFO          Proyecto: Development/Formacion Information Labs
2026-08-18 11:46:08  INFO  Downloaded workbook revision None to C:\tabcmd\TableauGitHub\Tableau Workbooks\Versiones\2.1 manipulate_strings_starter_v1.twbx (ID: e1d5b4fc-767f-4e3f-a697-806ee7539137)
2026-08-18 11:46:08  INFO          Descargado (2.1 MB)
2026-08-18 11:46:08  INFO    [189/210] 1. show_data_across_discrete_and_continuous_months (v1)
2026-08-18 11:46:08  INFO          Proyecto: Development/Formacion Information Labs
2026-08-18 11:46:09  INFO  Downloaded workbook revision None to C:\tabcmd\TableauGitHub\Tableau Workbooks\Versiones\1. show_data_across_discrete_and_continuous_months_v1.twbx (ID: 2db15628-4cca-46ad-910f-02d73341f05d)
2026-08-18 11:46:09  INFO          Descargado (5.7 MB)
2026-08-18 11:46:09  INFO    [190/210] 2. build_a_highlight_table_starter (v1)
2026-08-18 11:46:09  INFO          Proyecto: Development/Formacion Information Labs
2026-08-18 11:46:09  INFO  Downloaded workbook revision None to C:\tabcmd\TableauGitHub\Tableau Workbooks\Versiones\2. build_a_highlight_table_starter_v1.twbx (ID: 073c6baa-9eff-435e-baaa-b5a238c8dc57)
2026-08-18 11:46:09  INFO          Descargado (2.1 MB)
2026-08-18 11:46:09  INFO    [191/210] 1. create_and_customize_filters_starter (v1)
2026-08-18 11:46:09  INFO          Proyecto: Development/Formacion Information Labs
2026-08-18 11:46:10  INFO  Downloaded workbook revision None to C:\tabcmd\TableauGitHub\Tableau Workbooks\Versiones\1. create_and_customize_filters_starter_v1.twbx (ID: 35cad839-f112-4df7-b1ad-68413eb4387b)
2026-08-18 11:46:10  INFO          Descargado (5.7 MB)
2026-08-18 11:46:10  INFO    [192/210] 1. build_a_combined_axis_chart_starter (v1)
2026-08-18 11:46:10  INFO          Proyecto: Development/Formacion Information Labs
2026-08-18 11:46:10  INFO  Downloaded workbook revision None to C:\tabcmd\TableauGitHub\Tableau Workbooks\Versiones\1. build_a_combined_axis_chart_starter_v1.twbx (ID: 566fbd2e-0c00-44e9-baae-1a1cc72f77af)
2026-08-18 11:46:10  INFO          Descargado (0.0 MB)
2026-08-18 11:46:10  INFO    [193/210] Ejercicio Final - Sample Superstore Dashboard (v1)
2026-08-18 11:46:10  INFO          Proyecto: Development/Formacion Information Labs
2026-08-18 11:46:11  INFO  Downloaded workbook revision None to C:\tabcmd\TableauGitHub\Tableau Workbooks\Versiones\Ejercicio Final - Sample Superstore Dashboard_v1.twbx (ID: 91bff09d-7e03-4677-8adb-54cec54cd553)
2026-08-18 11:46:11  INFO          Descargado (0.4 MB)
2026-08-18 11:46:11  INFO    [194/210] 3. build_a_tree_map_starter (v2)
2026-08-18 11:46:11  INFO          Proyecto: Development/Formacion Information Labs
2026-08-18 11:46:11  INFO  Downloaded workbook revision None to C:\tabcmd\TableauGitHub\Tableau Workbooks\Versiones\3. build_a_tree_map_starter_v2.twbx (ID: 558e913b-e7fe-41b7-9d00-13bff6e49cd3)
2026-08-18 11:46:11  INFO          Descargado (2.1 MB)
2026-08-18 11:46:11  INFO    [195/210] 2.1 build_a_symbol_map_starter (v1)
2026-08-18 11:46:11  INFO          Proyecto: Development/Formacion Information Labs
2026-08-18 11:46:12  INFO  Downloaded workbook revision None to C:\tabcmd\TableauGitHub\Tableau Workbooks\Versiones\2.1 build_a_symbol_map_starter_v1.twbx (ID: 37e4752b-e537-4206-b4b1-0b91b04d0795)
2026-08-18 11:46:12  INFO          Descargado (6.8 MB)
2026-08-18 11:46:12  INFO    [196/210] 3. filter_percent_of_sales_starter (v1)
2026-08-18 11:46:12  INFO          Proyecto: Development/Formacion Information Labs
2026-08-18 11:46:12  INFO  Downloaded workbook revision None to C:\tabcmd\TableauGitHub\Tableau Workbooks\Versiones\3. filter_percent_of_sales_starter_v1.twbx (ID: 6a5d784d-ae0a-4c6e-98f4-ad1653458b98)
2026-08-18 11:46:12  INFO          Descargado (5.7 MB)
2026-08-18 11:46:12  INFO    [197/210] 1.  apply_custom_dates_starter (v1)
2026-08-18 11:46:12  INFO          Proyecto: Development/Formacion Information Labs
2026-08-18 11:46:13  INFO  Downloaded workbook revision None to C:\tabcmd\TableauGitHub\Tableau Workbooks\Versiones\1.  apply_custom_dates_starter_v1.twbx (ID: e22aca7d-810b-4c7c-97ef-68570d657689)
2026-08-18 11:46:13  INFO          Descargado (7.4 MB)
2026-08-18 11:46:13  INFO    [198/210] 2.1 create_a_date_calculation_starter (v2)
2026-08-18 11:46:13  INFO          Proyecto: Development/Formacion Information Labs
2026-08-18 11:46:13  INFO  Downloaded workbook revision None to C:\tabcmd\TableauGitHub\Tableau Workbooks\Versiones\2.1 create_a_date_calculation_starter_v2.twbx (ID: 126a0640-e14c-4bf7-b57f-d7367de2725f)
2026-08-18 11:46:13  INFO          Descargado (2.1 MB)
2026-08-18 11:46:13  INFO    [199/210] 1. create_a_group_starter (v1)
2026-08-18 11:46:13  INFO          Proyecto: Development/Formacion Information Labs
2026-08-18 11:46:14  INFO  Downloaded workbook revision None to C:\tabcmd\TableauGitHub\Tableau Workbooks\Versiones\1. create_a_group_starter_v1.twbx (ID: 39577468-5863-47ec-9a42-93a344888d42)
2026-08-18 11:46:14  INFO          Descargado (5.7 MB)
2026-08-18 11:46:14  INFO    [200/210] 2.1 Build a combined axis chart started (26092024) (v1)
2026-08-18 11:46:14  INFO          Proyecto: Development/Formacion Information Labs
2026-08-18 11:46:14  INFO  Downloaded workbook revision None to C:\tabcmd\TableauGitHub\Tableau Workbooks\Versiones\2.1 Build a combined axis chart started (26092024)_v1.twbx (ID: 05776610-411a-48c9-b038-be913c2b0c16)
2026-08-18 11:46:14  INFO          Descargado (0.0 MB)
2026-08-18 11:46:14  INFO    [201/210] 2. apply_a_rank_table_calculation_starter (v2)
2026-08-18 11:46:14  INFO          Proyecto: Development/Formacion Information Labs
2026-08-18 11:46:15  INFO  Downloaded workbook revision None to C:\tabcmd\TableauGitHub\Tableau Workbooks\Versiones\2. apply_a_rank_table_calculation_starter_v2.twbx (ID: 5b2cc427-72cd-4e34-8358-e7d0603e65fb)
2026-08-18 11:46:15  INFO          Descargado (5.7 MB)
2026-08-18 11:46:15  INFO    [202/210] 3. build_an_interactive_dashboard_starter (v1)
2026-08-18 11:46:15  INFO          Proyecto: Development/Formacion Information Labs
2026-08-18 11:46:15  INFO  Downloaded workbook revision None to C:\tabcmd\TableauGitHub\Tableau Workbooks\Versiones\3. build_an_interactive_dashboard_starter_v1.twbx (ID: 5b57dfb9-8664-4928-9127-c1fa5e6d0032)
2026-08-18 11:46:15  INFO          Descargado (2.1 MB)
2026-08-18 11:46:15  INFO    [203/210] 4. use_a_histogram_to_view_distributions_starter (v2)
2026-08-18 11:46:15  INFO          Proyecto: Development/Formacion Information Labs
2026-08-18 11:46:16  INFO  Downloaded workbook revision None to C:\tabcmd\TableauGitHub\Tableau Workbooks\Versiones\4. use_a_histogram_to_view_distributions_starter_v2.twbx (ID: 13d9c47d-da83-4d89-8341-64d7c7599423)
2026-08-18 11:46:16  INFO          Descargado (4.3 MB)
2026-08-18 11:46:16  INFO    [204/210] 1. build_a_combo_chart_starter (v1)
2026-08-18 11:46:16  INFO          Proyecto: Development/Formacion Information Labs
2026-08-18 11:46:16  INFO  Downloaded workbook revision None to C:\tabcmd\TableauGitHub\Tableau Workbooks\Versiones\1. build_a_combo_chart_starter_v1.twbx (ID: 20242ea4-83af-40f3-956b-e717cef89bcc)
2026-08-18 11:46:16  INFO          Descargado (0.2 MB)
2026-08-18 11:46:16  INFO    [205/210] 4. use_an_aggregated_dimension_in_a_calculation_starter (v2)
2026-08-18 11:46:16  INFO          Proyecto: Development/Formacion Information Labs
2026-08-18 11:46:17  INFO  Downloaded workbook revision None to C:\tabcmd\TableauGitHub\Tableau Workbooks\Versiones\4. use_an_aggregated_dimension_in_a_calculation_starter_v2.twbx (ID: 80c6e611-b31a-400d-a295-ffb14d01250b)
2026-08-18 11:46:17  INFO          Descargado (5.9 MB)
2026-08-18 11:46:17  INFO    [206/210] 3. build_a_pie_chart_starter (v2)
2026-08-18 11:46:17  INFO          Proyecto: Development/Formacion Information Labs
2026-08-18 11:46:18  INFO  Downloaded workbook revision None to C:\tabcmd\TableauGitHub\Tableau Workbooks\Versiones\3. build_a_pie_chart_starter_v2.twbx (ID: a365f21b-7682-49ef-90a1-212cbdf31f6e)
2026-08-18 11:46:18  INFO          Descargado (2.1 MB)
2026-08-18 11:46:18  INFO    [207/210] 2. build_a_scatter_plot_starter (v1)
2026-08-18 11:46:18  INFO          Proyecto: Development/Formacion Information Labs
2026-08-18 11:46:18  INFO  Downloaded workbook revision None to C:\tabcmd\TableauGitHub\Tableau Workbooks\Versiones\2. build_a_scatter_plot_starter_v1.twbx (ID: c9f1b1cb-a435-4e24-a296-5f29733f5bdc)
2026-08-18 11:46:18  INFO          Descargado (0.5 MB)
2026-08-18 11:46:18  INFO    [208/210] 1. Actividad Global Library (v1)
2026-08-18 11:46:18  INFO          Proyecto: Development/Formacion Information Labs
2026-08-18 11:46:18  INFO  Downloaded workbook revision None to C:\tabcmd\TableauGitHub\Tableau Workbooks\Versiones\1. Actividad Global Library_v1.twbx (ID: b6b7f3c5-b086-4fca-959b-374531d13f30)
2026-08-18 11:46:18  INFO          Descargado (0.0 MB)
2026-08-18 11:46:18  INFO    [209/210] 3. create_trend_lines_with_small_multiples_starter (v2)
2026-08-18 11:46:18  INFO          Proyecto: Development/Formacion Information Labs
2026-08-18 11:46:19  INFO  Downloaded workbook revision None to C:\tabcmd\TableauGitHub\Tableau Workbooks\Versiones\3. create_trend_lines_with_small_multiples_starter_v2.twbx (ID: 2e65365e-21ef-4e68-9026-f51030f86c51)
2026-08-18 11:46:19  INFO          Descargado (5.9 MB)
2026-08-18 11:46:19  INFO    [210/210] 3. add_two_types_of_reference__lines_starter (v1)
2026-08-18 11:46:19  INFO          Proyecto: Development/Formacion Information Labs
2026-08-18 11:46:19  INFO  Downloaded workbook revision None to C:\tabcmd\TableauGitHub\Tableau Workbooks\Versiones\3. add_two_types_of_reference__lines_starter_v1.twbx (ID: 2848053c-fe8f-49fa-8624-4f04aaa8d71a)
2026-08-18 11:46:19  INFO          Descargado (2.1 MB)
2026-08-18 11:46:19  INFO  Signed out
2026-08-18 11:46:19  INFO  [8/8] Resumen
2026-08-18 11:46:19  INFO  ============================================================
2026-08-18 11:46:19  INFO  RESUMEN DE LA EJECUCION
2026-08-18 11:46:19  INFO  ============================================================
2026-08-18 11:46:19  INFO  Workbooks con version nueva ... 210
2026-08-18 11:46:19  INFO  Descargados correctamente ..... 210
2026-08-18 11:46:19  INFO  Con error ...................... 0
2026-08-18 11:46:19  INFO  Versiones retiradas ............ 0
2026-08-18 11:46:19  INFO  Lotes subidos a GitHub ......... 0
2026-08-18 11:46:19  INFO  Lotes fallidos ................. 0
2026-08-18 11:46:19  INFO  Tiempo total ................... 5m 10s
2026-08-18 11:46:19  INFO  ============================================================
2026-08-18 11:46:19  INFO  BACKUP COMPLETADO SIN ERRORES
2026-08-18 11:46:19  INFO  ============================================================
2026-08-18 11:49:02  INFO  ============================================================
2026-08-18 11:49:02  INFO  BACKUP TABLEAU -> GITHUB
2026-08-18 11:49:02  INFO  ============================================================
2026-08-18 11:49:02  INFO  Configuracion cargada y validada
2026-08-18 11:49:02  INFO  [1/8] Borrando las listas anteriores
2026-08-18 11:49:02  INFO        Listo
2026-08-18 11:49:02  INFO  [2/8] Consultando Oracle (versionado + lista de descarga)
2026-08-18 11:49:05  INFO        Listas generadas
2026-08-18 11:49:05  INFO  [3/8] Leyendo las listas
2026-08-18 11:49:05  INFO        210 workbooks con version nueva que descargar
2026-08-18 11:49:05  INFO        0 versiones marcadas para retirar de GitHub hoy
2026-08-18 11:49:05  INFO  [4/8] Sincronizando con GitHub
2026-08-18 11:49:54  INFO        Carpeta local alineada con el repositorio
2026-08-18 11:49:54  INFO  [5/8] Preparando la carpeta de descargas
2026-08-18 11:49:54  INFO        Nada que retirar hoy
2026-08-18 11:49:54  INFO  [6/8] Conectando con Tableau
2026-08-18 11:49:55  INFO  Signed into https://dub01.online.tableau.com as user with id ae9b04e0-08c6-4b88-9bb9-595a9d2d1fa3
2026-08-18 11:49:55  INFO        Conectado
2026-08-18 11:49:55  INFO  [7/8] Descargando y subiendo en lotes de 8
2026-08-18 11:49:55  INFO    [1/210] Admin Insights Starter (v319)
2026-08-18 11:49:55  INFO          Proyecto: Admin Insights
2026-08-18 11:49:55  INFO          Ya existe en Versiones/, no se descarga de nuevo
2026-08-18 11:49:55  INFO    [2/210] GroupsDescarga (v3)
2026-08-18 11:49:55  INFO          Proyecto: Admin Insights/Control Interno
2026-08-18 11:49:55  INFO          Ya existe en Versiones/, no se descarga de nuevo
2026-08-18 11:49:55  INFO    [3/210] AdminInsightsStarter (v1)
2026-08-18 11:49:55  INFO          Proyecto: Admin Insights/Control Interno
2026-08-18 11:49:55  INFO          Ya existe en Versiones/, no se descarga de nuevo
2026-08-18 11:49:55  INFO    [4/210] SiteContentDescarga (v4)
2026-08-18 11:49:55  INFO          Proyecto: Admin Insights/Control Interno
2026-08-18 11:49:55  INFO          Ya existe en Versiones/, no se descarga de nuevo
2026-08-18 11:49:55  INFO    [5/210] Control (v1)
2026-08-18 11:49:55  INFO          Proyecto: Admin Insights/Control Interno
2026-08-18 11:49:55  INFO          Ya existe en Versiones/, no se descarga de nuevo
2026-08-18 11:49:55  INFO    [6/210] PermissionsDescarga (v4)
2026-08-18 11:49:55  INFO          Proyecto: Admin Insights/Control Interno
2026-08-18 11:49:55  INFO          Ya existe en Versiones/, no se descarga de nuevo
2026-08-18 11:49:56  INFO    [7/210] PlantillaEmpleados (v1)
2026-08-18 11:49:56  INFO          Proyecto: Admin Insights/Control Interno
2026-08-18 11:49:56  INFO          Ya existe en Versiones/, no se descarga de nuevo
2026-08-18 11:49:56  INFO    [8/210] Self Service PRO Anonimizado (v2)
2026-08-18 11:49:56  INFO          Proyecto: Admin Insights/Control Interno
2026-08-18 11:49:56  INFO          Ya existe en Versiones/, no se descarga de nuevo
2026-08-18 11:50:04  INFO    --- Subiendo lote (8/210 workbooks procesados) ---
2026-08-18 11:51:21  INFO          Locking support detected on remote "origin". Consider enabling it with:
2026-08-18 11:51:21  INFO            $ git config lfs.https://cantabrialabs.ghe.com/cantabrialabs-it/CLabs-Tableau.git/info/lfs.locksverify true
2026-08-18 11:52:34  INFO          Uploading LFS objects: 100% (167/167), 2.4 GB | 34 MB/s, done.
2026-08-18 11:52:34  INFO          To https://cantabrialabs.ghe.com/cantabrialabs-it/CLabs-Tableau.git
2026-08-18 11:52:34  INFO             860422f..71b4f8f  main -> main
2026-08-18 11:52:34  INFO          Lote subido
2026-08-18 11:52:35  INFO          8 version(es) marcadas como subidas en Oracle
2026-08-18 11:52:35  INFO    [9/210] Estado_Procesos (v26)
2026-08-18 11:52:35  INFO          Proyecto: Admin Insights/Control Interno
2026-08-18 11:52:35  INFO          Ya existe en Versiones/, no se descarga de nuevo
2026-08-18 11:52:35  INFO    [10/210] TS Event Descarga (v6)
2026-08-18 11:52:35  INFO          Proyecto: Admin Insights/Control Interno
2026-08-18 11:52:35  INFO          Ya existe en Versiones/, no se descarga de nuevo
2026-08-18 11:52:35  INFO    [11/210] SharepointEmployeesList (v1)
2026-08-18 11:52:35  INFO          Proyecto: Admin Insights/Control Interno
2026-08-18 11:52:35  INFO          Ya existe en Versiones/, no se descarga de nuevo
2026-08-18 11:52:35  INFO    [12/210] Venta Interna PRO Anonimizado (v2)
2026-08-18 11:52:35  INFO          Proyecto: Admin Insights/Control Interno
2026-08-18 11:52:35  INFO          Ya existe en Versiones/, no se descarga de nuevo
2026-08-18 11:52:35  INFO    [13/210] Control Grupos, usuarios y actividad (v23)
2026-08-18 11:52:35  INFO          Proyecto: Admin Insights/Control Interno
2026-08-18 11:52:35  INFO          Ya existe en Versiones/, no se descarga de nuevo
2026-08-18 11:52:35  INFO    [14/210] Control Pedidos (v3)
2026-08-18 11:52:35  INFO          Proyecto: Admin Insights/Control Interno
2026-08-18 11:52:35  INFO          Ya existe en Versiones/, no se descarga de nuevo
2026-08-18 11:52:35  INFO    [15/210] Tableau Volume (v7)
2026-08-18 11:52:35  INFO          Proyecto: Admin Insights/Control Interno
2026-08-18 11:52:35  INFO          Ya existe en Versiones/, no se descarga de nuevo
2026-08-18 11:52:35  INFO    [16/210] Tableau Usage (v24)
2026-08-18 11:52:35  INFO          Proyecto: Admin Insights/Control Interno
2026-08-18 11:52:35  INFO          Ya existe en Versiones/, no se descarga de nuevo
2026-08-18 11:52:35  INFO    --- Subiendo lote (16/210 workbooks procesados) ---
2026-08-18 11:52:41  INFO          Locking support detected on remote "origin". Consider enabling it with:
2026-08-18 11:52:41  INFO            $ git config lfs.https://cantabrialabs.ghe.com/cantabrialabs-it/CLabs-Tableau.git/info/lfs.locksverify true
2026-08-18 11:52:41  INFO          To https://cantabrialabs.ghe.com/cantabrialabs-it/CLabs-Tableau.git
2026-08-18 11:52:41  INFO             71b4f8f..2393a0e  main -> main
2026-08-18 11:52:41  INFO          Lote subido
2026-08-18 11:52:42  INFO          8 version(es) marcadas como subidas en Oracle
2026-08-18 11:52:42  INFO    [17/210] Home (v244)
2026-08-18 11:52:42  INFO          Proyecto: Production
2026-08-18 11:52:42  INFO          Ya existe en Versiones/, no se descarga de nuevo
2026-08-18 11:52:42  INFO    [18/210] Pharma Visits Mex (v6)
2026-08-18 11:52:42  INFO          Proyecto: Production/Dashboards/Hexagono
2026-08-18 11:52:42  INFO          Ya existe en Versiones/, no se descarga de nuevo
2026-08-18 11:52:42  INFO    [19/210] Training & Learning (v34)
2026-08-18 11:52:42  INFO          Proyecto: Production/Dashboards/Hexagono
2026-08-18 11:52:42  INFO          Ya existe en Versiones/, no se descarga de nuevo
2026-08-18 11:52:42  INFO    [20/210] VF Dashboard (v25)
2026-08-18 11:52:42  INFO          Proyecto: Production/Dashboards/Hexagono
2026-08-18 11:52:42  INFO          Ya existe en Versiones/, no se descarga de nuevo
2026-08-18 11:52:42  INFO    [21/210] Digital Marketing PRO (v13)
2026-08-18 11:52:42  INFO          Proyecto: Production/Dashboards/Hexagono
2026-08-18 11:52:42  INFO          Ya existe en Versiones/, no se descarga de nuevo
2026-08-18 11:52:42  INFO    [22/210] Order to Cash PRO (v29)
2026-08-18 11:52:42  INFO          Proyecto: Production/Dashboards/Hexagono
2026-08-18 11:52:42  INFO          Ya existe en Versiones/, no se descarga de nuevo
2026-08-18 11:52:42  INFO    [23/210] Home Hexagon (v13)
2026-08-18 11:52:42  INFO          Proyecto: Production/Dashboards/Hexagono
2026-08-18 11:52:42  INFO          Ya existe en Versiones/, no se descarga de nuevo
2026-08-18 11:52:42  INFO    [24/210] Seguimiento Presupuesto (v2)
2026-08-18 11:52:42  INFO          Proyecto: Production/Dashboards/Performance Sell In
2026-08-18 11:52:42  INFO          Ya existe en Versiones/, no se descarga de nuevo
2026-08-18 11:52:42  INFO    --- Subiendo lote (24/210 workbooks procesados) ---
2026-08-18 11:52:46  INFO          Locking support detected on remote "origin". Consider enabling it with:
2026-08-18 11:52:46  INFO            $ git config lfs.https://cantabrialabs.ghe.com/cantabrialabs-it/CLabs-Tableau.git/info/lfs.locksverify true
2026-08-18 11:52:46  INFO          To https://cantabrialabs.ghe.com/cantabrialabs-it/CLabs-Tableau.git
2026-08-18 11:52:46  INFO             2393a0e..7f1fb63  main -> main
2026-08-18 11:52:46  INFO          Lote subido
2026-08-18 11:52:46  INFO          8 version(es) marcadas como subidas en Oracle
2026-08-18 11:52:46  INFO    [25/210] Zoom VN (v37)
2026-08-18 11:52:46  INFO          Proyecto: Production/Dashboards/Performance Sell In
2026-08-18 11:52:46  INFO          Ya existe en Versiones/, no se descarga de nuevo
2026-08-18 11:52:46  INFO    [26/210] Daily Net Sales (v9)
2026-08-18 11:52:46  INFO          Proyecto: Production/Dashboards/Performance Sell In
2026-08-18 11:52:46  INFO          Ya existe en Versiones/, no se descarga de nuevo
2026-08-18 11:52:46  INFO    [27/210] Seguimiento Performance Sell In (v37)
2026-08-18 11:52:46  INFO          Proyecto: Production/Dashboards/Performance Sell In
2026-08-18 11:52:46  INFO          Ya existe en Versiones/, no se descarga de nuevo
2026-08-18 11:52:46  INFO    [28/210] Ceco Cuenta (v6)
2026-08-18 11:52:46  INFO          Proyecto: Production/Dashboards/Performance Sell In
2026-08-18 11:52:46  INFO          Ya existe en Versiones/, no se descarga de nuevo
2026-08-18 11:52:46  INFO    [29/210] Self Service PRO (v100)
2026-08-18 11:52:46  INFO          Proyecto: Production/Dashboards/Performance Sell In
2026-08-18 11:52:46  INFO          Ya existe en Versiones/, no se descarga de nuevo
2026-08-18 11:52:46  INFO    [30/210] Termometro Ventas Diarias (v46)
2026-08-18 11:52:46  INFO          Proyecto: Production/Dashboards/Performance Sell In
2026-08-18 11:52:46  INFO          Ya existe en Versiones/, no se descarga de nuevo
2026-08-18 11:52:46  INFO    [31/210] Venta Interna PRO (v69)
2026-08-18 11:52:46  INFO          Proyecto: Production/Dashboards/Performance Sell In
2026-08-18 11:52:46  INFO          Ya existe en Versiones/, no se descarga de nuevo
2026-08-18 11:52:46  INFO    [32/210] Zoom Dtos BU (v11)
2026-08-18 11:52:46  INFO          Proyecto: Production/Dashboards/Performance Sell In
2026-08-18 11:52:46  INFO          Ya existe en Versiones/, no se descarga de nuevo
2026-08-18 11:52:46  INFO    --- Subiendo lote (32/210 workbooks procesados) ---
2026-08-18 11:52:50  INFO          Locking support detected on remote "origin". Consider enabling it with:
2026-08-18 11:52:50  INFO            $ git config lfs.https://cantabrialabs.ghe.com/cantabrialabs-it/CLabs-Tableau.git/info/lfs.locksverify true
2026-08-18 11:52:51  INFO          To https://cantabrialabs.ghe.com/cantabrialabs-it/CLabs-Tableau.git
2026-08-18 11:52:51  INFO             7f1fb63..7a93851  main -> main
2026-08-18 11:52:51  INFO          Lote subido
2026-08-18 11:52:51  INFO          8 version(es) marcadas como subidas en Oracle
2026-08-18 11:52:51  INFO    [33/210] Termometro Ventas Mensuales (v47)
2026-08-18 11:52:51  INFO          Proyecto: Production/Dashboards/Performance Sell In
2026-08-18 11:52:51  INFO          Ya existe en Versiones/, no se descarga de nuevo
2026-08-18 11:52:51  INFO    [34/210] Venta Interna - YTD (v1)
2026-08-18 11:52:51  INFO          Proyecto: Production/Dashboards/Performance Sell In
2026-08-18 11:52:51  INFO          Ya existe en Versiones/, no se descarga de nuevo
2026-08-18 11:52:51  INFO    [35/210] PL (v36)
2026-08-18 11:52:51  INFO          Proyecto: Production/Dashboards/Performance Sell In
2026-08-18 11:52:51  INFO          Ya existe en Versiones/, no se descarga de nuevo
2026-08-18 11:52:51  INFO    [36/210] Venta Interna - MTD (v1)
2026-08-18 11:52:51  INFO          Proyecto: Production/Dashboards/Performance Sell In
2026-08-18 11:52:51  INFO          Ya existe en Versiones/, no se descarga de nuevo
2026-08-18 11:52:51  INFO    [37/210] Informe Actividad por Tipo Centro (v24)
2026-08-18 11:52:51  INFO          Proyecto: Production/Dashboards/Ad hoc Reports/BI Local/BI España
2026-08-18 11:52:51  INFO          Ya existe en Versiones/, no se descarga de nuevo
2026-08-18 11:52:51  INFO    [38/210] Proyeccion Preventa Heliocare (v5)
2026-08-18 11:52:51  INFO          Proyecto: Production/Dashboards/Ad hoc Reports/BI Local/BI España
2026-08-18 11:52:51  INFO          Ya existe en Versiones/, no se descarga de nuevo
2026-08-18 11:52:51  INFO    [39/210] Rankings (v69)
2026-08-18 11:52:51  INFO          Proyecto: Production/Dashboards/Ad hoc Reports/BI Local/BI España
2026-08-18 11:52:51  INFO          Ya existe en Versiones/, no se descarga de nuevo
2026-08-18 11:52:51  INFO    [40/210] Analisis por Tipo Venta (v18)
2026-08-18 11:52:51  INFO          Proyecto: Production/Dashboards/Ad hoc Reports/BI Local/BI España
2026-08-18 11:52:51  INFO          Ya existe en Versiones/, no se descarga de nuevo
2026-08-18 11:52:51  INFO    --- Subiendo lote (40/210 workbooks procesados) ---
2026-08-18 11:52:55  INFO          Locking support detected on remote "origin". Consider enabling it with:
2026-08-18 11:52:55  INFO            $ git config lfs.https://cantabrialabs.ghe.com/cantabrialabs-it/CLabs-Tableau.git/info/lfs.locksverify true
2026-08-18 11:52:55  INFO          To https://cantabrialabs.ghe.com/cantabrialabs-it/CLabs-Tableau.git
2026-08-18 11:52:55  INFO             7a93851..1fc20b2  main -> main
2026-08-18 11:52:55  INFO          Lote subido
2026-08-18 11:52:56  INFO          8 version(es) marcadas como subidas en Oracle
2026-08-18 11:52:56  INFO    [41/210] CdM Informes Delegado (v59)
2026-08-18 11:52:56  INFO          Proyecto: Production/Dashboards/Ad hoc Reports/BI Local/BI España
2026-08-18 11:52:56  INFO          Ya existe en Versiones/, no se descarga de nuevo
2026-08-18 11:52:56  INFO    [42/210] CdM Area Clientes (v349)
2026-08-18 11:52:56  INFO          Proyecto: Production/Dashboards/Ad hoc Reports/BI Local/BI España
2026-08-18 11:52:56  INFO          Ya existe en Versiones/, no se descarga de nuevo
2026-08-18 11:52:56  INFO    [43/210] CdM Rankings-Area Clientes (v28)
2026-08-18 11:52:56  INFO          Proyecto: Production/Dashboards/Ad hoc Reports/BI Local/BI España
2026-08-18 11:52:56  INFO          Ya existe en Versiones/, no se descarga de nuevo
2026-08-18 11:52:56  INFO    [44/210] CdM PLUS Incentivos (v111)
2026-08-18 11:52:56  INFO          Proyecto: Production/Dashboards/Ad hoc Reports/BI Local/BI España
2026-08-18 11:52:56  INFO          Ya existe en Versiones/, no se descarga de nuevo
2026-08-18 11:52:56  INFO    [45/210] CdM Matrices (v94)
2026-08-18 11:52:56  INFO          Proyecto: Production/Dashboards/Ad hoc Reports/BI Local/BI España
2026-08-18 11:52:56  INFO          Ya existe en Versiones/, no se descarga de nuevo
2026-08-18 11:52:56  INFO    [46/210] CdM Venta Interna (v235)
2026-08-18 11:52:56  INFO          Proyecto: Production/Dashboards/Ad hoc Reports/BI Local/BI España
2026-08-18 11:52:56  INFO          Ya existe en Versiones/, no se descarga de nuevo
2026-08-18 11:52:56  INFO    [47/210] IAD Salesforce (v113)
2026-08-18 11:52:56  INFO          Proyecto: Production/Dashboards/Ad hoc Reports/BI Local/BI España
2026-08-18 11:52:56  INFO          Ya existe en Versiones/, no se descarga de nuevo
2026-08-18 11:52:56  INFO    [48/210] Informe Provision Rappel (v36)
2026-08-18 11:52:56  INFO          Proyecto: Production/Dashboards/Ad hoc Reports/BI Local/BI España
2026-08-18 11:52:56  INFO          Ya existe en Versiones/, no se descarga de nuevo
2026-08-18 11:52:56  INFO    --- Subiendo lote (48/210 workbooks procesados) ---
2026-08-18 11:52:59  INFO          Locking support detected on remote "origin". Consider enabling it with:
2026-08-18 11:52:59  INFO            $ git config lfs.https://cantabrialabs.ghe.com/cantabrialabs-it/CLabs-Tableau.git/info/lfs.locksverify true
2026-08-18 11:53:00  INFO          To https://cantabrialabs.ghe.com/cantabrialabs-it/CLabs-Tableau.git
2026-08-18 11:53:00  INFO             1fc20b2..fca4233  main -> main
2026-08-18 11:53:00  INFO          Lote subido
2026-08-18 11:53:00  INFO          8 version(es) marcadas como subidas en Oracle
2026-08-18 11:53:00  INFO    [49/210] CdM Unidades Regulatorio (v7)
2026-08-18 11:53:00  INFO          Proyecto: Production/Dashboards/Ad hoc Reports/BI Local/BI España
2026-08-18 11:53:00  INFO          Ya existe en Versiones/, no se descarga de nuevo
2026-08-18 11:53:00  INFO    [50/210] CdM Sell out (v62)
2026-08-18 11:53:00  INFO          Proyecto: Production/Dashboards/Ad hoc Reports/BI Local/BI España
2026-08-18 11:53:00  INFO          Ya existe en Versiones/, no se descarga de nuevo
2026-08-18 11:53:00  INFO    [51/210] CdM AP Incentivos (v25)
2026-08-18 11:53:00  INFO          Proyecto: Production/Dashboards/Ad hoc Reports/BI Local/BI España
2026-08-18 11:53:00  INFO          Ya existe en Versiones/, no se descarga de nuevo
2026-08-18 11:53:00  INFO    [52/210] KPIs Estrategicos (v6)
2026-08-18 11:53:00  INFO          Proyecto: Production/Dashboards/Ad hoc Reports/BI Local/BI España
2026-08-18 11:53:00  INFO          Ya existe en Versiones/, no se descarga de nuevo
2026-08-18 11:53:00  INFO    [53/210] CdM Clientes - Filtro Facturacion (v31)
2026-08-18 11:53:00  INFO          Proyecto: Production/Dashboards/Ad hoc Reports/BI Local/BI España
2026-08-18 11:53:00  INFO          Ya existe en Versiones/, no se descarga de nuevo
2026-08-18 11:53:00  INFO    [54/210] Estrategia Ciclo (v24)
2026-08-18 11:53:00  INFO          Proyecto: Production/Dashboards/Ad hoc Reports/BI Local/BI España
2026-08-18 11:53:00  INFO          Ya existe en Versiones/, no se descarga de nuevo
2026-08-18 11:53:00  INFO    [55/210] CdM Red Select Ejecutivo (v59)
2026-08-18 11:53:00  INFO          Proyecto: Production/Dashboards/Ad hoc Reports/BI Local/BI España
2026-08-18 11:53:00  INFO          Ya existe en Versiones/, no se descarga de nuevo
2026-08-18 11:53:00  INFO    [56/210] Seguimiento Acuerdos Comerciales (v34)
2026-08-18 11:53:00  INFO          Proyecto: Production/Dashboards/Ad hoc Reports/BI Local/BI España
2026-08-18 11:53:00  INFO          Ya existe en Versiones/, no se descarga de nuevo
2026-08-18 11:53:00  INFO    --- Subiendo lote (56/210 workbooks procesados) ---
2026-08-18 11:53:04  INFO          Locking support detected on remote "origin". Consider enabling it with:
2026-08-18 11:53:04  INFO            $ git config lfs.https://cantabrialabs.ghe.com/cantabrialabs-it/CLabs-Tableau.git/info/lfs.locksverify true
2026-08-18 11:53:05  INFO          To https://cantabrialabs.ghe.com/cantabrialabs-it/CLabs-Tableau.git
2026-08-18 11:53:05  INFO             fca4233..87c9580  main -> main
2026-08-18 11:53:05  INFO          Lote subido
2026-08-18 11:53:05  INFO          8 version(es) marcadas como subidas en Oracle
2026-08-18 11:53:05  INFO    [57/210] CdM Gastos Red Comercial (v27)
2026-08-18 11:53:05  INFO          Proyecto: Production/Dashboards/Ad hoc Reports/BI Local/BI España
2026-08-18 11:53:05  INFO          Ya existe en Versiones/, no se descarga de nuevo
2026-08-18 11:53:05  INFO    [58/210] CdM Campañas (v30)
2026-08-18 11:53:05  INFO          Proyecto: Production/Dashboards/Ad hoc Reports/BI Local/BI España
2026-08-18 11:53:05  INFO          Ya existe en Versiones/, no se descarga de nuevo
2026-08-18 11:53:05  INFO    [59/210] Analisis Importe Pendiente (v11)
2026-08-18 11:53:05  INFO          Proyecto: Production/Dashboards/Ad hoc Reports/BI Local/BI España
2026-08-18 11:53:05  INFO          Ya existe en Versiones/, no se descarga de nuevo
2026-08-18 11:53:05  INFO    [60/210] CdM CARE Incentivos (v21)
2026-08-18 11:53:05  INFO          Proyecto: Production/Dashboards/Ad hoc Reports/BI Local/BI España
2026-08-18 11:53:05  INFO          Ya existe en Versiones/, no se descarga de nuevo
2026-08-18 11:53:05  INFO    [61/210] Informe Clientes sin Venta (con Prop.) (v3)
2026-08-18 11:53:05  INFO          Proyecto: Production/Dashboards/Ad hoc Reports/BI Local/BI España
2026-08-18 11:53:05  INFO          Ya existe en Versiones/, no se descarga de nuevo
2026-08-18 11:53:05  INFO    [62/210] CdM DERM Incentivos (v90)
2026-08-18 11:53:05  INFO          Proyecto: Production/Dashboards/Ad hoc Reports/BI Local/BI España
2026-08-18 11:53:05  INFO          Ya existe en Versiones/, no se descarga de nuevo
2026-08-18 11:53:05  INFO    [63/210] CdM COACH Incentivos (v58)
2026-08-18 11:53:05  INFO          Proyecto: Production/Dashboards/Ad hoc Reports/BI Local/BI España
2026-08-18 11:53:05  INFO          Ya existe en Versiones/, no se descarga de nuevo
2026-08-18 11:53:05  INFO    [64/210] Uds Proyectadas (v39)
2026-08-18 11:53:05  INFO          Proyecto: Production/Dashboards/Ad hoc Reports/BI Local/BI España
2026-08-18 11:53:05  INFO          Ya existe en Versiones/, no se descarga de nuevo
2026-08-18 11:53:05  INFO    --- Subiendo lote (64/210 workbooks procesados) ---
2026-08-18 11:53:08  INFO          Locking support detected on remote "origin". Consider enabling it with:
2026-08-18 11:53:08  INFO            $ git config lfs.https://cantabrialabs.ghe.com/cantabrialabs-it/CLabs-Tableau.git/info/lfs.locksverify true
2026-08-18 11:53:09  INFO          To https://cantabrialabs.ghe.com/cantabrialabs-it/CLabs-Tableau.git
2026-08-18 11:53:09  INFO             87c9580..0594ff7  main -> main
2026-08-18 11:53:09  INFO          Lote subido
2026-08-18 11:53:09  INFO          8 version(es) marcadas como subidas en Oracle
2026-08-18 11:53:09  INFO    [65/210] CdM Redención (v61)
2026-08-18 11:53:09  INFO          Proyecto: Production/Dashboards/Ad hoc Reports/BI Local/BI España
2026-08-18 11:53:09  INFO          Ya existe en Versiones/, no se descarga de nuevo
2026-08-18 11:53:09  INFO    [66/210] CdM NEO Incentivos (v84)
2026-08-18 11:53:09  INFO          Proyecto: Production/Dashboards/Ad hoc Reports/BI Local/BI España
2026-08-18 11:53:09  INFO          Ya existe en Versiones/, no se descarga de nuevo
2026-08-18 11:53:09  INFO    [67/210] CdM Preventas (v52)
2026-08-18 11:53:09  INFO          Proyecto: Production/Dashboards/Ad hoc Reports/BI Local/BI España
2026-08-18 11:53:09  INFO          Ya existe en Versiones/, no se descarga de nuevo
2026-08-18 11:53:09  INFO    [68/210] CdM Tarifa de Precios y Uds Caja (v26)
2026-08-18 11:53:09  INFO          Proyecto: Production/Dashboards/Ad hoc Reports/BI Local/BI España
2026-08-18 11:53:09  INFO          Ya existe en Versiones/, no se descarga de nuevo
2026-08-18 11:53:09  INFO    [69/210] Analisis de Mercados (v35)
2026-08-18 11:53:09  INFO          Proyecto: Production/Dashboards/Ad hoc Reports/BI Local/BI España
2026-08-18 11:53:09  INFO          Ya existe en Versiones/, no se descarga de nuevo
2026-08-18 11:53:09  INFO    [70/210] Seguridad Dashboards (v12)
2026-08-18 11:53:09  INFO          Proyecto: Production/Dashboards/Ad hoc Reports/BI Local/BI España
2026-08-18 11:53:09  INFO          Ya existe en Versiones/, no se descarga de nuevo
2026-08-18 11:53:09  INFO    [71/210] CdM Integral - Actividad (v131)
2026-08-18 11:53:09  INFO          Proyecto: Production/Dashboards/Ad hoc Reports/BI Local/BI España
2026-08-18 11:53:09  INFO          Ya existe en Versiones/, no se descarga de nuevo
2026-08-18 11:53:09  INFO    [72/210] CdM Matrices Cosm (v13)
2026-08-18 11:53:09  INFO          Proyecto: Production/Dashboards/Ad hoc Reports/BI Local/BI España
2026-08-18 11:53:09  INFO          Ya existe en Versiones/, no se descarga de nuevo
2026-08-18 11:53:09  INFO    --- Subiendo lote (72/210 workbooks procesados) ---
2026-08-18 11:53:13  INFO          Locking support detected on remote "origin". Consider enabling it with:
2026-08-18 11:53:13  INFO            $ git config lfs.https://cantabrialabs.ghe.com/cantabrialabs-it/CLabs-Tableau.git/info/lfs.locksverify true
2026-08-18 11:53:13  INFO          To https://cantabrialabs.ghe.com/cantabrialabs-it/CLabs-Tableau.git
2026-08-18 11:53:13  INFO             0594ff7..436e67a  main -> main
2026-08-18 11:53:13  INFO          Lote subido
2026-08-18 11:53:14  INFO          8 version(es) marcadas como subidas en Oracle
2026-08-18 11:53:14  INFO    [73/210] Analisis Packs (v13)
2026-08-18 11:53:14  INFO          Proyecto: Production/Dashboards/Ad hoc Reports/BI Local/BI España
2026-08-18 11:53:14  INFO          Ya existe en Versiones/, no se descarga de nuevo
2026-08-18 11:53:14  INFO    [74/210] CdM Area Clientes Self Service (v115)
2026-08-18 11:53:14  INFO          Proyecto: Production/Dashboards/Ad hoc Reports/BI Local/BI España
2026-08-18 11:53:14  INFO          Ya existe en Versiones/, no se descarga de nuevo
2026-08-18 11:53:14  INFO    [75/210] Presupuesto Internas (v34)
2026-08-18 11:53:14  INFO          Proyecto: Production/Dashboards/Ad hoc Reports/BI Local/BI España
2026-08-18 11:53:14  INFO          Ya existe en Versiones/, no se descarga de nuevo
2026-08-18 11:53:14  INFO    [76/210] Informe Incentivos Cobrados (v6)
2026-08-18 11:53:14  INFO          Proyecto: Production/Dashboards/Ad hoc Reports/BI Local/BI España
2026-08-18 11:53:14  INFO          Ya existe en Versiones/, no se descarga de nuevo
2026-08-18 11:53:14  INFO    [77/210] CdM SKIN Incentivos (v85)
2026-08-18 11:53:14  INFO          Proyecto: Production/Dashboards/Ad hoc Reports/BI Local/BI España
2026-08-18 11:53:14  INFO          Ya existe en Versiones/, no se descarga de nuevo
2026-08-18 11:53:14  INFO    [78/210] CdM Select Self Service (v24)
2026-08-18 11:53:14  INFO          Proyecto: Production/Dashboards/Ad hoc Reports/BI Local/BI España
2026-08-18 11:53:14  INFO          Ya existe en Versiones/, no se descarga de nuevo
2026-08-18 11:53:14  INFO    [79/210] CdM Integral Self Service AA (v58)
2026-08-18 11:53:14  INFO          Proyecto: Production/Dashboards/Ad hoc Reports/BI Local/BI España
2026-08-18 11:53:14  INFO          Ya existe en Versiones/, no se descarga de nuevo
2026-08-18 11:53:14  INFO    [80/210] CdM Incentivos Global (v16)
2026-08-18 11:53:14  INFO          Proyecto: Production/Dashboards/Ad hoc Reports/BI Local/BI España
2026-08-18 11:53:14  INFO          Ya existe en Versiones/, no se descarga de nuevo
2026-08-18 11:53:14  INFO    --- Subiendo lote (80/210 workbooks procesados) ---
2026-08-18 11:53:17  INFO          Locking support detected on remote "origin". Consider enabling it with:
2026-08-18 11:53:17  INFO            $ git config lfs.https://cantabrialabs.ghe.com/cantabrialabs-it/CLabs-Tableau.git/info/lfs.locksverify true
2026-08-18 11:53:18  INFO          To https://cantabrialabs.ghe.com/cantabrialabs-it/CLabs-Tableau.git
2026-08-18 11:53:18  INFO             436e67a..fa6e615  main -> main
2026-08-18 11:53:18  INFO          Lote subido
2026-08-18 11:53:18  INFO          8 version(es) marcadas como subidas en Oracle
2026-08-18 11:53:18  INFO    [81/210] Auditoria Cod JDE - Cod SF (v9)
2026-08-18 11:53:18  INFO          Proyecto: Production/Dashboards/Ad hoc Reports/BI Local/BI España/Informes Automaticos
2026-08-18 11:53:18  INFO          Ya existe en Versiones/, no se descarga de nuevo
2026-08-18 11:53:18  INFO    [82/210] CdM SRI Producto Agrupado YTD (v3)
2026-08-18 11:53:18  INFO          Proyecto: Production/Dashboards/Ad hoc Reports/BI Local/BI España/Informes Automaticos
2026-08-18 11:53:18  INFO          Ya existe en Versiones/, no se descarga de nuevo
2026-08-18 11:53:18  INFO    [83/210] CdM Venta Interna Detalle Marca MTD (v5)
2026-08-18 11:53:18  INFO          Proyecto: Production/Dashboards/Ad hoc Reports/BI Local/BI España/Informes Automaticos
2026-08-18 11:53:18  INFO          Ya existe en Versiones/, no se descarga de nuevo
2026-08-18 11:53:18  INFO    [84/210] CdM Venta Interna Detalle Producto Agrupado YTD (v6)
2026-08-18 11:53:18  INFO          Proyecto: Production/Dashboards/Ad hoc Reports/BI Local/BI España/Informes Automaticos
2026-08-18 11:53:18  INFO          Ya existe en Versiones/, no se descarga de nuevo
2026-08-18 11:53:18  INFO    [85/210] CdM SRI Marca YTD (v3)
2026-08-18 11:53:18  INFO          Proyecto: Production/Dashboards/Ad hoc Reports/BI Local/BI España/Informes Automaticos
2026-08-18 11:53:18  INFO          Ya existe en Versiones/, no se descarga de nuevo
2026-08-18 11:53:18  INFO    [86/210] CdM Venta Interna Detalle Marca YTD (v10)
2026-08-18 11:53:18  INFO          Proyecto: Production/Dashboards/Ad hoc Reports/BI Local/BI España/Informes Automaticos
2026-08-18 11:53:18  INFO          Ya existe en Versiones/, no se descarga de nuevo
2026-08-18 11:53:18  INFO    [87/210] CdM SRI Producto Agrupado MTD (v2)
2026-08-18 11:53:18  INFO          Proyecto: Production/Dashboards/Ad hoc Reports/BI Local/BI España/Informes Automaticos
2026-08-18 11:53:18  INFO          Ya existe en Versiones/, no se descarga de nuevo
2026-08-18 11:53:18  INFO    [88/210] CdM Venta Interna Detalle Producto Agrupado MTD (v5)
2026-08-18 11:53:18  INFO          Proyecto: Production/Dashboards/Ad hoc Reports/BI Local/BI España/Informes Automaticos
2026-08-18 11:53:18  INFO          Ya existe en Versiones/, no se descarga de nuevo
2026-08-18 11:53:18  INFO    --- Subiendo lote (88/210 workbooks procesados) ---
2026-08-18 11:53:22  INFO          Locking support detected on remote "origin". Consider enabling it with:
2026-08-18 11:53:22  INFO            $ git config lfs.https://cantabrialabs.ghe.com/cantabrialabs-it/CLabs-Tableau.git/info/lfs.locksverify true
2026-08-18 11:53:23  INFO          To https://cantabrialabs.ghe.com/cantabrialabs-it/CLabs-Tableau.git
2026-08-18 11:53:23  INFO             fa6e615..0b600a0  main -> main
2026-08-18 11:53:23  INFO          Lote subido
2026-08-18 11:53:23  INFO          8 version(es) marcadas como subidas en Oracle
2026-08-18 11:53:23  INFO    [89/210] CdM SRI Marca MTD (v2)
2026-08-18 11:53:23  INFO          Proyecto: Production/Dashboards/Ad hoc Reports/BI Local/BI España/Informes Automaticos
2026-08-18 11:53:23  INFO          Ya existe en Versiones/, no se descarga de nuevo
2026-08-18 11:53:23  INFO    [90/210] CdM Clinics Visits - 2024 (v7)
2026-08-18 11:53:23  INFO          Proyecto: Production/Dashboards/Ad hoc Reports/BI Local/BI Portugal
2026-08-18 11:53:23  INFO          Ya existe en Versiones/, no se descarga de nuevo
2026-08-18 11:53:23  INFO    [91/210] Cdm Sellin (v95)
2026-08-18 11:53:23  INFO          Proyecto: Production/Dashboards/Ad hoc Reports/BI Local/BI Portugal
2026-08-18 11:53:23  INFO          Ya existe en Versiones/, no se descarga de nuevo
2026-08-18 11:53:23  INFO    [92/210] Rankings (v27)
2026-08-18 11:53:23  INFO          Proyecto: Production/Dashboards/Ad hoc Reports/BI Local/BI Portugal
2026-08-18 11:53:23  INFO          Ya existe en Versiones/, no se descarga de nuevo
2026-08-18 11:53:23  INFO    [93/210] Report Portugal (v11)
2026-08-18 11:53:23  INFO          Proyecto: Production/Dashboards/Ad hoc Reports/BI Local/BI Portugal
2026-08-18 11:53:23  INFO          Ya existe en Versiones/, no se descarga de nuevo
2026-08-18 11:53:23  INFO    [94/210] CdM Pharmacy Visits (v23)
2026-08-18 11:53:23  INFO          Proyecto: Production/Dashboards/Ad hoc Reports/BI Local/BI Portugal
2026-08-18 11:53:23  INFO          Ya existe en Versiones/, no se descarga de nuevo
2026-08-18 11:53:23  INFO    [95/210] CdM Clinics Visits (v82)
2026-08-18 11:53:23  INFO          Proyecto: Production/Dashboards/Ad hoc Reports/BI Local/BI Portugal
2026-08-18 11:53:23  INFO          Ya existe en Versiones/, no se descarga de nuevo
2026-08-18 11:53:23  INFO    [96/210] CdM Clinics Visits - 2025 (v4)
2026-08-18 11:53:23  INFO          Proyecto: Production/Dashboards/Ad hoc Reports/BI Local/BI Portugal
2026-08-18 11:53:23  INFO          Ya existe en Versiones/, no se descarga de nuevo
2026-08-18 11:53:23  INFO    --- Subiendo lote (96/210 workbooks procesados) ---
2026-08-18 11:53:27  INFO          Locking support detected on remote "origin". Consider enabling it with:
2026-08-18 11:53:27  INFO            $ git config lfs.https://cantabrialabs.ghe.com/cantabrialabs-it/CLabs-Tableau.git/info/lfs.locksverify true
2026-08-18 11:53:28  INFO          To https://cantabrialabs.ghe.com/cantabrialabs-it/CLabs-Tableau.git
2026-08-18 11:53:28  INFO             0b600a0..902cd9e  main -> main
2026-08-18 11:53:28  INFO          Lote subido
2026-08-18 11:53:28  INFO          8 version(es) marcadas como subidas en Oracle
2026-08-18 11:53:28  INFO    [97/210] Cdm Sellin SS (v12)
2026-08-18 11:53:28  INFO          Proyecto: Production/Dashboards/Ad hoc Reports/BI Local/BI Portugal
2026-08-18 11:53:28  INFO          Ya existe en Versiones/, no se descarga de nuevo
2026-08-18 11:53:28  INFO    [98/210] Kam Review (v130)
2026-08-18 11:53:28  INFO          Proyecto: Production/Dashboards/Ad hoc Reports/BI Local/BI International
2026-08-18 11:53:28  INFO          Ya existe en Versiones/, no se descarga de nuevo
2026-08-18 11:53:28  INFO    [99/210] Kam Review Histórico (v31)
2026-08-18 11:53:28  INFO          Proyecto: Production/Dashboards/Ad hoc Reports/BI Local/BI International
2026-08-18 11:53:28  INFO          Ya existe en Versiones/, no se descarga de nuevo
2026-08-18 11:53:28  INFO    [100/210] Uds Proyectadas Internacional (v13)
2026-08-18 11:53:28  INFO          Proyecto: Production/Dashboards/Ad hoc Reports/BI Local/BI International
2026-08-18 11:53:28  INFO          Ya existe en Versiones/, no se descarga de nuevo
2026-08-18 11:53:28  INFO    [101/210] Andromedapp (v15)
2026-08-18 11:53:28  INFO          Proyecto: Production/Dashboards/Ad hoc Reports/BI Local/BI México
2026-08-18 11:53:28  INFO          Ya existe en Versiones/, no se descarga de nuevo
2026-08-18 11:53:28  INFO    [102/210] Reporte Diario de Ventas (v28)
2026-08-18 11:53:28  INFO          Proyecto: Production/Dashboards/Ad hoc Reports/BI Local/BI México/Mockups IBS
2026-08-18 11:53:28  INFO          Ya existe en Versiones/, no se descarga de nuevo
2026-08-18 11:53:28  INFO    [103/210] Fill Rate a Detalle (v21)
2026-08-18 11:53:28  INFO          Proyecto: Production/Dashboards/Ad hoc Reports/BI Local/BI México/Mockups IBS
2026-08-18 11:53:28  INFO          Ya existe en Versiones/, no se descarga de nuevo
2026-08-18 11:53:28  INFO    [104/210] Tablero rentabilidad (v2)
2026-08-18 11:53:28  INFO          Proyecto: Production/Dashboards/Ad hoc Reports/BI Local/BI México/Mockups IBS
2026-08-18 11:53:28  INFO          Ya existe en Versiones/, no se descarga de nuevo
2026-08-18 11:53:28  INFO    --- Subiendo lote (104/210 workbooks procesados) ---
2026-08-18 11:53:32  INFO          Locking support detected on remote "origin". Consider enabling it with:
2026-08-18 11:53:32  INFO            $ git config lfs.https://cantabrialabs.ghe.com/cantabrialabs-it/CLabs-Tableau.git/info/lfs.locksverify true
2026-08-18 11:53:32  INFO          To https://cantabrialabs.ghe.com/cantabrialabs-it/CLabs-Tableau.git
2026-08-18 11:53:32  INFO             902cd9e..5698e68  main -> main
2026-08-18 11:53:32  INFO          Lote subido
2026-08-18 11:53:32  INFO          8 version(es) marcadas como subidas en Oracle
2026-08-18 11:53:32  INFO    [105/210] Plan de la Demanda (v3)
2026-08-18 11:53:32  INFO          Proyecto: Production/Dashboards/Ad hoc Reports/BI Local/BI México/Mockups IBS
2026-08-18 11:53:32  INFO          Ya existe en Versiones/, no se descarga de nuevo
2026-08-18 11:53:32  INFO    [106/210] Conciliacion_Financiera (v2)
2026-08-18 11:53:32  INFO          Proyecto: Production/Dashboards/Ad hoc Reports/BI Local/BI México/Mockups IBS
2026-08-18 11:53:32  INFO          Ya existe en Versiones/, no se descarga de nuevo
2026-08-18 11:53:32  INFO    [107/210] Plan de inventarios (v2)
2026-08-18 11:53:32  INFO          Proyecto: Production/Dashboards/Ad hoc Reports/BI Local/BI México/Mockups IBS
2026-08-18 11:53:32  INFO          Ya existe en Versiones/, no se descarga de nuevo
2026-08-18 11:53:32  INFO    [108/210] CdM Stangest (v15)
2026-08-18 11:53:32  INFO          Proyecto: Production/Dashboards/Ad hoc Reports/BI Local/BI Stangest
2026-08-18 11:53:32  INFO          Ya existe en Versiones/, no se descarga de nuevo
2026-08-18 11:53:32  INFO    [109/210] CdM Sell out TOTY (v6)
2026-08-18 11:53:32  INFO          Proyecto: Production/Dashboards/Ad hoc Reports/BI Local/BI Toty
2026-08-18 11:53:32  INFO          Ya existe en Versiones/, no se descarga de nuevo
2026-08-18 11:53:32  INFO    [110/210] Client Corporate Catalog (v3)
2026-08-18 11:53:32  INFO          Proyecto: Production/Dashboards/MDM
2026-08-18 11:53:32  INFO          Ya existe en Versiones/, no se descarga de nuevo
2026-08-18 11:53:32  INFO    [111/210] JDE Product Catalog (v41)
2026-08-18 11:53:32  INFO          Proyecto: Production/Dashboards/MDM
2026-08-18 11:53:32  INFO          Ya existe en Versiones/, no se descarga de nuevo
2026-08-18 11:53:32  INFO    [112/210] CdM Data Source y Workbook (v22)
2026-08-18 11:53:32  INFO          Proyecto: Production/Dashboards/MDM
2026-08-18 11:53:32  INFO          Ya existe en Versiones/, no se descarga de nuevo
2026-08-18 11:53:32  INFO    --- Subiendo lote (112/210 workbooks procesados) ---
2026-08-18 11:53:36  INFO          Locking support detected on remote "origin". Consider enabling it with:
2026-08-18 11:53:36  INFO            $ git config lfs.https://cantabrialabs.ghe.com/cantabrialabs-it/CLabs-Tableau.git/info/lfs.locksverify true
2026-08-18 11:53:37  INFO          To https://cantabrialabs.ghe.com/cantabrialabs-it/CLabs-Tableau.git
2026-08-18 11:53:37  INFO             5698e68..01d8022  main -> main
2026-08-18 11:53:37  INFO          Lote subido
2026-08-18 11:53:37  INFO          8 version(es) marcadas como subidas en Oracle
2026-08-18 11:53:37  INFO    [113/210] Product Corporate Catalog (v106)
2026-08-18 11:53:37  INFO          Proyecto: Production/Dashboards/MDM
2026-08-18 11:53:37  INFO          Ya existe en Versiones/, no se descarga de nuevo
2026-08-18 11:53:37  INFO    [114/210] JDE Logistics Product Catalog (v8)
2026-08-18 11:53:37  INFO          Proyecto: Production/Dashboards/MDM
2026-08-18 11:53:37  INFO          Ya existe en Versiones/, no se descarga de nuevo
2026-08-18 11:53:37  INFO    [115/210] Glossary (v12)
2026-08-18 11:53:37  INFO          Proyecto: Production/Dashboards/MDM
2026-08-18 11:53:37  INFO          Ya existe en Versiones/, no se descarga de nuevo
2026-08-18 11:53:37  INFO    [116/210] Tableau Usage (v7)
2026-08-18 11:53:37  INFO          Proyecto: Production/Dashboards/MDM
2026-08-18 11:53:37  INFO          Ya existe en Versiones/, no se descarga de nuevo
2026-08-18 11:53:37  INFO    [117/210] Dashboard Catalog (v1)
2026-08-18 11:53:37  INFO          Proyecto: Production/Dashboards/MDM
2026-08-18 11:53:37  INFO          Ya existe en Versiones/, no se descarga de nuevo
2026-08-18 11:53:37  INFO    [118/210] KPIs Demand (v10)
2026-08-18 11:53:37  INFO          Proyecto: Production/Dashboards/Supply Chain
2026-08-18 11:53:37  INFO          Ya existe en Versiones/, no se descarga de nuevo
2026-08-18 11:53:37  INFO    [119/210] Lanzamientos (v146)
2026-08-18 11:53:37  INFO          Proyecto: Production/Dashboards/Supply Chain
2026-08-18 11:53:37  INFO          Ya existe en Versiones/, no se descarga de nuevo
2026-08-18 11:53:37  INFO    [120/210] Pedidos (v45)
2026-08-18 11:53:37  INFO          Proyecto: Production/Dashboards/Supply Chain
2026-08-18 11:53:37  INFO          Ya existe en Versiones/, no se descarga de nuevo
2026-08-18 11:53:37  INFO    --- Subiendo lote (120/210 workbooks procesados) ---
2026-08-18 11:54:21  INFO          Locking support detected on remote "origin". Consider enabling it with:
2026-08-18 11:54:21  INFO            $ git config lfs.https://cantabrialabs.ghe.com/cantabrialabs-it/CLabs-Tableau.git/info/lfs.locksverify true
2026-08-18 11:54:22  INFO          To https://cantabrialabs.ghe.com/cantabrialabs-it/CLabs-Tableau.git
2026-08-18 11:54:22  INFO             01d8022..9816b30  main -> main
2026-08-18 11:54:22  INFO          Lote subido
2026-08-18 11:54:22  INFO          8 version(es) marcadas como subidas en Oracle
2026-08-18 11:54:22  INFO    [121/210] Apro vs Demanda (v4)
2026-08-18 11:54:22  INFO          Proyecto: Production/Dashboards/Supply Chain
2026-08-18 11:54:22  INFO          Ya existe en Versiones/, no se descarga de nuevo
2026-08-18 11:54:22  INFO    [122/210] Triangulo Previsiones (v14)
2026-08-18 11:54:22  INFO          Proyecto: Production/Dashboards/Supply Chain
2026-08-18 11:54:22  INFO          Ya existe en Versiones/, no se descarga de nuevo
2026-08-18 11:54:22  INFO    [123/210] Inventario (v16)
2026-08-18 11:54:22  INFO          Proyecto: Production/Dashboards/Supply Chain
2026-08-18 11:54:22  INFO          Ya existe en Versiones/, no se descarga de nuevo
2026-08-18 11:54:22  INFO    [124/210] Aprovisionamiento Interno (v1)
2026-08-18 11:54:22  INFO          Proyecto: Production/Dashboards/Supply Chain
2026-08-18 11:54:22  INFO          Ya existe en Versiones/, no se descarga de nuevo
2026-08-18 11:54:22  INFO    [125/210] Stocks (v51)
2026-08-18 11:54:22  INFO          Proyecto: Production/Dashboards/Supply Chain
2026-08-18 11:54:22  INFO          Ya existe en Versiones/, no se descarga de nuevo
2026-08-18 11:54:22  INFO    [126/210] Unhealthy Stock Detail Table (v21)
2026-08-18 11:54:22  INFO          Proyecto: Production/Dashboards/Supply Chain
2026-08-18 11:54:22  INFO          Ya existe en Versiones/, no se descarga de nuevo
2026-08-18 11:54:22  INFO    [127/210] CdM Supply (v31)
2026-08-18 11:54:22  INFO          Proyecto: Production/Dashboards/Supply Chain
2026-08-18 11:54:22  INFO          Ya existe en Versiones/, no se descarga de nuevo
2026-08-18 11:54:22  INFO    [128/210] Consumos (v9)
2026-08-18 11:54:22  INFO          Proyecto: Production/Dashboards/Supply Chain
2026-08-18 11:54:22  INFO          Ya existe en Versiones/, no se descarga de nuevo
2026-08-18 11:54:22  INFO    --- Subiendo lote (128/210 workbooks procesados) ---
2026-08-18 11:54:26  INFO          Locking support detected on remote "origin". Consider enabling it with:
2026-08-18 11:54:26  INFO            $ git config lfs.https://cantabrialabs.ghe.com/cantabrialabs-it/CLabs-Tableau.git/info/lfs.locksverify true
2026-08-18 11:54:27  INFO          To https://cantabrialabs.ghe.com/cantabrialabs-it/CLabs-Tableau.git
2026-08-18 11:54:27  INFO             9816b30..7f4db69  main -> main
2026-08-18 11:54:27  INFO          Lote subido
2026-08-18 11:54:27  INFO          8 version(es) marcadas como subidas en Oracle
2026-08-18 11:54:27  INFO    [129/210] Servicio (v16)
2026-08-18 11:54:27  INFO          Proyecto: Production/Dashboards/Supply Chain
2026-08-18 11:54:27  INFO          Ya existe en Versiones/, no se descarga de nuevo
2026-08-18 11:54:27  INFO    [130/210] Aprovisionamiento Semanal (v27)
2026-08-18 11:54:27  INFO          Proyecto: Production/Dashboards/Supply Chain
2026-08-18 11:54:27  INFO          Ya existe en Versiones/, no se descarga de nuevo
2026-08-18 11:54:27  INFO    [131/210] CdM Compras (v23)
2026-08-18 11:54:27  INFO          Proyecto: Production/Dashboards/Supply Chain
2026-08-18 11:54:27  INFO          Ya existe en Versiones/, no se descarga de nuevo
2026-08-18 11:54:27  INFO    [132/210] CdM Logistica (v9)
2026-08-18 11:54:27  INFO          Proyecto: Production/Dashboards/Supply Chain
2026-08-18 11:54:27  INFO          Ya existe en Versiones/, no se descarga de nuevo
2026-08-18 11:54:27  INFO    [133/210] Forecast Grouped (v4)
2026-08-18 11:54:27  INFO          Proyecto: Production/Dashboards/Supply Chain
2026-08-18 11:54:27  INFO          Ya existe en Versiones/, no se descarga de nuevo
2026-08-18 11:54:27  INFO    [134/210] Unhealthy Stock (v64)
2026-08-18 11:54:27  INFO          Proyecto: Production/Dashboards/Supply Chain
2026-08-18 11:54:27  INFO          Ya existe en Versiones/, no se descarga de nuevo
2026-08-18 11:54:27  INFO    [135/210] Pallets (v70)
2026-08-18 11:54:27  INFO          Proyecto: Production/Dashboards/Supply Chain
2026-08-18 11:54:27  INFO          Ya existe en Versiones/, no se descarga de nuevo
2026-08-18 11:54:27  INFO    [136/210] Compras (v73)
2026-08-18 11:54:27  INFO          Proyecto: Production/Dashboards/Supply Chain
2026-08-18 11:54:27  INFO          Ya existe en Versiones/, no se descarga de nuevo
2026-08-18 11:54:27  INFO    --- Subiendo lote (136/210 workbooks procesados) ---
2026-08-18 11:54:31  INFO          Locking support detected on remote "origin". Consider enabling it with:
2026-08-18 11:54:31  INFO            $ git config lfs.https://cantabrialabs.ghe.com/cantabrialabs-it/CLabs-Tableau.git/info/lfs.locksverify true
2026-08-18 11:54:31  INFO          To https://cantabrialabs.ghe.com/cantabrialabs-it/CLabs-Tableau.git
2026-08-18 11:54:31  INFO             7f4db69..65dfd2b  main -> main
2026-08-18 11:54:31  INFO          Lote subido
2026-08-18 11:54:31  INFO          8 version(es) marcadas como subidas en Oracle
2026-08-18 11:54:31  INFO    [137/210] CdM Demand (v39)
2026-08-18 11:54:31  INFO          Proyecto: Production/Dashboards/Supply Chain
2026-08-18 11:54:31  INFO          Ya existe en Versiones/, no se descarga de nuevo
2026-08-18 11:54:31  INFO    [138/210] Stock Cuarentena (v9)
2026-08-18 11:54:31  INFO          Proyecto: Production/Dashboards/Supply Chain
2026-08-18 11:54:31  INFO          Ya existe en Versiones/, no se descarga de nuevo
2026-08-18 11:54:31  INFO    [139/210] Coberturas (v12)
2026-08-18 11:54:31  INFO          Proyecto: Production/Dashboards/Supply Chain
2026-08-18 11:54:31  INFO          Ya existe en Versiones/, no se descarga de nuevo
2026-08-18 11:54:31  INFO    [140/210] Recepciones (v25)
2026-08-18 11:54:31  INFO          Proyecto: Production/Dashboards/Supply Chain
2026-08-18 11:54:31  INFO          Ya existe en Versiones/, no se descarga de nuevo
2026-08-18 11:54:31  INFO    [141/210] ModuloKajalForecasting (v199)
2026-08-18 11:54:31  INFO          Proyecto: Production/Dashboards/Supply Chain/Demand Planning
2026-08-18 11:54:31  INFO          Ya existe en Versiones/, no se descarga de nuevo
2026-08-18 11:54:31  INFO    [142/210] Kajal Home (v2)
2026-08-18 11:54:31  INFO          Proyecto: Production/Dashboards/Supply Chain/Demand Planning
2026-08-18 11:54:31  INFO          Ya existe en Versiones/, no se descarga de nuevo
2026-08-18 11:54:31  INFO    [143/210] Self service (v60)
2026-08-18 11:54:31  INFO          Proyecto: Production/Dashboards/Supply Chain/Demand Planning
2026-08-18 11:54:31  INFO          Ya existe en Versiones/, no se descarga de nuevo
2026-08-18 11:54:31  INFO    [144/210] ModuloKajalAnalytics (v138)
2026-08-18 11:54:31  INFO          Proyecto: Production/Dashboards/Supply Chain/Demand Planning
2026-08-18 11:54:31  INFO          Ya existe en Versiones/, no se descarga de nuevo
2026-08-18 11:54:31  INFO    --- Subiendo lote (144/210 workbooks procesados) ---
2026-08-18 11:54:35  INFO          Locking support detected on remote "origin". Consider enabling it with:
2026-08-18 11:54:35  INFO            $ git config lfs.https://cantabrialabs.ghe.com/cantabrialabs-it/CLabs-Tableau.git/info/lfs.locksverify true
2026-08-18 11:54:36  INFO          To https://cantabrialabs.ghe.com/cantabrialabs-it/CLabs-Tableau.git
2026-08-18 11:54:36  INFO             65dfd2b..7e7bf2b  main -> main
2026-08-18 11:54:36  INFO          Lote subido
2026-08-18 11:54:36  INFO          8 version(es) marcadas como subidas en Oracle
2026-08-18 11:54:36  INFO    [145/210] Presupuesto (v40)
2026-08-18 11:54:36  INFO          Proyecto: Production/Dashboards/Supply Chain/Demand Planning
2026-08-18 11:54:36  INFO          Ya existe en Versiones/, no se descarga de nuevo
2026-08-18 11:54:36  INFO    [146/210] ModuloKajalInventory (v85)
2026-08-18 11:54:36  INFO          Proyecto: Production/Dashboards/Supply Chain/Demand Planning
2026-08-18 11:54:36  INFO          Ya existe en Versiones/, no se descarga de nuevo
2026-08-18 11:54:36  INFO    [147/210] CdM Calidad (v45)
2026-08-18 11:54:36  INFO          Proyecto: Production/Dashboards/Industrial
2026-08-18 11:54:36  INFO          Ya existe en Versiones/, no se descarga de nuevo
2026-08-18 11:54:36  INFO    [148/210] CdM Industrial Torrejon (v43)
2026-08-18 11:54:36  INFO          Proyecto: Production/Dashboards/Industrial
2026-08-18 11:54:36  INFO          Ya existe en Versiones/, no se descarga de nuevo
2026-08-18 11:54:36  INFO    [149/210] CdM Financiero (v35)
2026-08-18 11:54:36  INFO          Proyecto: Production/Dashboards/Industrial
2026-08-18 11:54:36  INFO          Ya existe en Versiones/, no se descarga de nuevo
2026-08-18 11:54:36  INFO    [150/210] CdM Industrial La Concha (v8)
2026-08-18 11:54:36  INFO          Proyecto: Production/Dashboards/Industrial
2026-08-18 11:54:36  INFO          Ya existe en Versiones/, no se descarga de nuevo
2026-08-18 11:54:36  INFO    [151/210] CdM Produccion (v39)
2026-08-18 11:54:36  INFO          Proyecto: Production/Dashboards/Industrial
2026-08-18 11:54:36  INFO          Ya existe en Versiones/, no se descarga de nuevo
2026-08-18 11:54:36  INFO    [152/210] CdM Summary (v16)
2026-08-18 11:54:36  INFO          Proyecto: Production/Dashboards/Industrial
2026-08-18 11:54:36  INFO          Ya existe en Versiones/, no se descarga de nuevo
2026-08-18 11:54:36  INFO    --- Subiendo lote (152/210 workbooks procesados) ---
2026-08-18 11:54:40  INFO          Locking support detected on remote "origin". Consider enabling it with:
2026-08-18 11:54:40  INFO            $ git config lfs.https://cantabrialabs.ghe.com/cantabrialabs-it/CLabs-Tableau.git/info/lfs.locksverify true
2026-08-18 11:54:41  INFO          To https://cantabrialabs.ghe.com/cantabrialabs-it/CLabs-Tableau.git
2026-08-18 11:54:41  INFO             7e7bf2b..3049144  main -> main
2026-08-18 11:54:41  INFO          Lote subido
2026-08-18 11:54:41  INFO          8 version(es) marcadas como subidas en Oracle
2026-08-18 11:54:41  INFO    [153/210] CdM Ingenieria (v38)
2026-08-18 11:54:41  INFO          Proyecto: Production/Dashboards/Industrial
2026-08-18 11:54:41  INFO          Ya existe en Versiones/, no se descarga de nuevo
2026-08-18 11:54:41  INFO    [154/210] Observatorio Heliocare - ShopperTec (v23)
2026-08-18 11:54:41  INFO          Proyecto: Production/Dashboards/Clientes
2026-08-18 11:54:41  INFO          Ya existe en Versiones/, no se descarga de nuevo
2026-08-18 11:54:41  INFO    [155/210] CdM Commercial Performance (v58)
2026-08-18 11:54:41  INFO          Proyecto: Production/Dashboards/Commercial Performance
2026-08-18 11:54:41  INFO          Ya existe en Versiones/, no se descarga de nuevo
2026-08-18 11:54:41  INFO    [156/210] Observatorio Heliocare - ShopperTec v2 (v1)
2026-08-18 11:54:41  INFO          Proyecto: Development/Mockups
2026-08-18 11:54:41  INFO          Ya existe en Versiones/, no se descarga de nuevo
2026-08-18 11:54:41  INFO    [157/210] Mockup VF/KAM/e-KAM v3 (v5)
2026-08-18 11:54:41  INFO          Proyecto: Development/Mockups
2026-08-18 11:54:41  INFO          Ya existe en Versiones/, no se descarga de nuevo
2026-08-18 11:54:41  INFO    [158/210] Template Tableau (v1)
2026-08-18 11:54:41  INFO          Proyecto: Development/Ad hoc Reports
2026-08-18 11:54:41  INFO          Ya existe en Versiones/, no se descarga de nuevo
2026-08-18 11:54:41  INFO    [159/210] CdM Area Clientes_BACKUP (v1)
2026-08-18 11:54:41  INFO          Proyecto: Development/Ad hoc Reports/Spain
2026-08-18 11:54:41  INFO          Ya existe en Versiones/, no se descarga de nuevo
2026-08-18 11:54:41  INFO    [160/210] Consulta filtrado por Importe a nivel MARCA-PEDIDO (v2)
2026-08-18 11:54:41  INFO          Proyecto: Development/Ad hoc Reports/Spain
2026-08-18 11:54:41  INFO          Ya existe en Versiones/, no se descarga de nuevo
2026-08-18 11:54:41  INFO    --- Subiendo lote (160/210 workbooks procesados) ---
2026-08-18 11:54:46  INFO          Locking support detected on remote "origin". Consider enabling it with:
2026-08-18 11:54:46  INFO            $ git config lfs.https://cantabrialabs.ghe.com/cantabrialabs-it/CLabs-Tableau.git/info/lfs.locksverify true
2026-08-18 11:54:47  INFO          To https://cantabrialabs.ghe.com/cantabrialabs-it/CLabs-Tableau.git
2026-08-18 11:54:47  INFO             3049144..68b5f55  main -> main
2026-08-18 11:54:47  INFO          Lote subido
2026-08-18 11:54:47  INFO          8 version(es) marcadas como subidas en Oracle
2026-08-18 11:54:47  INFO    [161/210] 3. GOLD_20/01/2025_Añadir Importe pendiente (v1)
2026-08-18 11:54:47  INFO          Proyecto: Development/Ad hoc Reports/Spain
2026-08-18 11:54:47  INFO          Ya existe en Versiones/, no se descarga de nuevo
2026-08-18 11:54:47  INFO    [162/210] CdM Area Clientes_Ranking Gerentes y Propietarios_Cambios v2 (v10)
2026-08-18 11:54:47  INFO          Proyecto: Development/Ad hoc Reports/Spain
2026-08-18 11:54:47  INFO          Ya existe en Versiones/, no se descarga de nuevo
2026-08-18 11:54:47  INFO    [163/210] Clientes en crecimiento (v10)
2026-08-18 11:54:47  INFO          Proyecto: Development/Ad hoc Reports/Italy
2026-08-18 11:54:47  INFO          Ya existe en Versiones/, no se descarga de nuevo
2026-08-18 11:54:47  INFO    [164/210] Progetto_v3 (v3)
2026-08-18 11:54:47  INFO          Proyecto: Development/Ad hoc Reports/Italy
2026-08-18 11:54:47  INFO          Ya existe en Versiones/, no se descarga de nuevo
2026-08-18 11:54:47  INFO    [165/210] PROGETTO_V2 (v1)
2026-08-18 11:54:47  INFO          Proyecto: Development/Ad hoc Reports/Italy
2026-08-18 11:54:47  INFO          Ya existe en Versiones/, no se descarga de nuevo
2026-08-18 11:54:47  INFO    [166/210] CdM Sell In (v34)
2026-08-18 11:54:47  INFO          Proyecto: Development/Ad hoc Reports/Stangest
2026-08-18 11:54:47  INFO          Ya existe en Versiones/, no se descarga de nuevo
2026-08-18 11:54:47  INFO    [167/210] Dashboard Ventas Por Distrito & Ano (v1)
2026-08-18 11:54:47  INFO          Proyecto: Development/Ad hoc Reports/Portugal
2026-08-18 11:54:47  INFO          Ya existe en Versiones/, no se descarga de nuevo
2026-08-18 11:54:47  INFO    [168/210] Dashboard Ventas Marca Por Delegada (v1)
2026-08-18 11:54:47  INFO          Proyecto: Development/Ad hoc Reports/Portugal
2026-08-18 11:54:47  INFO          Ya existe en Versiones/, no se descarga de nuevo
2026-08-18 11:54:47  INFO    --- Subiendo lote (168/210 workbooks procesados) ---
2026-08-18 11:54:51  INFO          Locking support detected on remote "origin". Consider enabling it with:
2026-08-18 11:54:51  INFO            $ git config lfs.https://cantabrialabs.ghe.com/cantabrialabs-it/CLabs-Tableau.git/info/lfs.locksverify true
2026-08-18 11:54:51  INFO          To https://cantabrialabs.ghe.com/cantabrialabs-it/CLabs-Tableau.git
2026-08-18 11:54:51  INFO             68b5f55..9f12d5a  main -> main
2026-08-18 11:54:51  INFO          Lote subido
2026-08-18 11:54:51  INFO          8 version(es) marcadas como subidas en Oracle
2026-08-18 11:54:51  INFO    [169/210] Dashboard Ventas Marca Por Distrito (v1)
2026-08-18 11:54:51  INFO          Proyecto: Development/Ad hoc Reports/Portugal
2026-08-18 11:54:51  INFO          Ya existe en Versiones/, no se descarga de nuevo
2026-08-18 11:54:51  INFO    [170/210] CdM Logistica (v9)
2026-08-18 11:54:51  INFO          Proyecto: Development/Ad hoc Reports/Supply
2026-08-18 11:54:51  INFO          Ya existe en Versiones/, no se descarga de nuevo
2026-08-18 11:54:51  INFO    [171/210] 2. show_sales_totals_in_a_crosstab_starter (v1)
2026-08-18 11:54:51  INFO          Proyecto: Development/Formacion Information Labs
2026-08-18 11:54:51  INFO          Ya existe en Versiones/, no se descarga de nuevo
2026-08-18 11:54:51  INFO    [172/210] New- 2.1 create_a_date_calculation_starter (v2)
2026-08-18 11:54:51  INFO          Proyecto: Development/Formacion Information Labs
2026-08-18 11:54:51  INFO          Ya existe en Versiones/, no se descarga de nuevo
2026-08-18 11:54:51  INFO    [173/210] 1. sort_by_fields_in_a_view_starter (v2)
2026-08-18 11:54:51  INFO          Proyecto: Development/Formacion Information Labs
2026-08-18 11:54:51  INFO          Ya existe en Versiones/, no se descarga de nuevo
2026-08-18 11:54:51  INFO    [174/210] 3. add_a_filter_to_context_starter (v2)
2026-08-18 11:54:51  INFO          Proyecto: Development/Formacion Information Labs
2026-08-18 11:54:51  INFO          Ya existe en Versiones/, no se descarga de nuevo
2026-08-18 11:54:51  INFO    [175/210] 2.1 create_a_calculation_with_aggregation_starter (v2)
2026-08-18 11:54:51  INFO          Proyecto: Development/Formacion Information Labs
2026-08-18 11:54:51  INFO          Ya existe en Versiones/, no se descarga de nuevo
2026-08-18 11:54:51  INFO    [176/210] 3. add_a_forecast_to_a_view_starter (v2)
2026-08-18 11:54:51  INFO          Proyecto: Development/Formacion Information Labs
2026-08-18 11:54:51  INFO          Ya existe en Versiones/, no se descarga de nuevo
2026-08-18 11:54:51  INFO    --- Subiendo lote (176/210 workbooks procesados) ---
2026-08-18 11:54:55  INFO          Locking support detected on remote "origin". Consider enabling it with:
2026-08-18 11:54:55  INFO            $ git config lfs.https://cantabrialabs.ghe.com/cantabrialabs-it/CLabs-Tableau.git/info/lfs.locksverify true
2026-08-18 11:54:56  INFO          To https://cantabrialabs.ghe.com/cantabrialabs-it/CLabs-Tableau.git
2026-08-18 11:54:56  INFO             9f12d5a..ae45f50  main -> main
2026-08-18 11:54:56  INFO          Lote subido
2026-08-18 11:54:56  INFO          8 version(es) marcadas como subidas en Oracle
2026-08-18 11:54:56  INFO    [177/210] 2. apply_a_year_over_year_table_calculation_starter (v3)
2026-08-18 11:54:56  INFO          Proyecto: Development/Formacion Information Labs
2026-08-18 11:54:56  INFO          Ya existe en Versiones/, no se descarga de nuevo
2026-08-18 11:54:56  INFO    [178/210] 4.  create_a_bar-in-bar_chart_starter (v2)
2026-08-18 11:54:56  INFO          Proyecto: Development/Formacion Information Labs
2026-08-18 11:54:56  INFO          Ya existe en Versiones/, no se descarga de nuevo
2026-08-18 11:54:56  INFO    [179/210] 2.1 create_a_weighted_average_starter (v1)
2026-08-18 11:54:56  INFO          Proyecto: Development/Formacion Information Labs
2026-08-18 11:54:56  INFO          Ya existe en Versiones/, no se descarga de nuevo
2026-08-18 11:54:56  INFO    [180/210] 3. apply_a_rank_table_calculation_starter (v2)
2026-08-18 11:54:56  INFO          Proyecto: Development/Formacion Information Labs
2026-08-18 11:54:56  INFO          Ya existe en Versiones/, no se descarga de nuevo
2026-08-18 11:54:56  INFO    [181/210] 3. add_actions_to_a_dashboard_starter (v1)
2026-08-18 11:54:56  INFO          Proyecto: Development/Formacion Information Labs
2026-08-18 11:54:56  INFO          Ya existe en Versiones/, no se descarga de nuevo
2026-08-18 11:54:56  INFO    [182/210] 2. build_a_heat_map_starter (v1)
2026-08-18 11:54:56  INFO          Proyecto: Development/Formacion Information Labs
2026-08-18 11:54:56  INFO          Ya existe en Versiones/, no se descarga de nuevo
2026-08-18 11:54:56  INFO    [183/210] 4. calculate_the_average_product_profit_by_category_starter (v2)
2026-08-18 11:54:56  INFO          Proyecto: Development/Formacion Information Labs
2026-08-18 11:54:56  INFO          Ya existe en Versiones/, no se descarga de nuevo
2026-08-18 11:54:56  INFO    [184/210] Solución - Sample Superstore Dashboard (v1)
2026-08-18 11:54:56  INFO          Proyecto: Development/Formacion Information Labs
2026-08-18 11:54:56  INFO          Ya existe en Versiones/, no se descarga de nuevo
2026-08-18 11:54:56  INFO    --- Subiendo lote (184/210 workbooks procesados) ---
2026-08-18 11:55:00  INFO          Locking support detected on remote "origin". Consider enabling it with:
2026-08-18 11:55:00  INFO            $ git config lfs.https://cantabrialabs.ghe.com/cantabrialabs-it/CLabs-Tableau.git/info/lfs.locksverify true
2026-08-18 11:55:01  INFO          To https://cantabrialabs.ghe.com/cantabrialabs-it/CLabs-Tableau.git
2026-08-18 11:55:01  INFO             ae45f50..661c1d3  main -> main
2026-08-18 11:55:01  INFO          Lote subido
2026-08-18 11:55:01  INFO          8 version(es) marcadas como subidas en Oracle
2026-08-18 11:55:01  INFO    [185/210] 4. create_a_parameter_for_switching_measures_ and filter_starter (v2)
2026-08-18 11:55:01  INFO          Proyecto: Development/Formacion Information Labs
2026-08-18 11:55:01  INFO          Ya existe en Versiones/, no se descarga de nuevo
2026-08-18 11:55:01  INFO    [186/210] 1. create_a_hierarchy_starter (v1)
2026-08-18 11:55:01  INFO          Proyecto: Development/Formacion Information Labs
2026-08-18 11:55:01  INFO          Ya existe en Versiones/, no se descarga de nuevo
2026-08-18 11:55:01  INFO    [187/210] 3. Box and Whisker Plot Starter (v1)
2026-08-18 11:55:01  INFO          Proyecto: Development/Formacion Information Labs
2026-08-18 11:55:01  INFO          Ya existe en Versiones/, no se descarga de nuevo
2026-08-18 11:55:01  INFO    [188/210] 2.1 manipulate_strings_starter (v1)
2026-08-18 11:55:01  INFO          Proyecto: Development/Formacion Information Labs
2026-08-18 11:55:01  INFO          Ya existe en Versiones/, no se descarga de nuevo
2026-08-18 11:55:01  INFO    [189/210] 1. show_data_across_discrete_and_continuous_months (v1)
2026-08-18 11:55:01  INFO          Proyecto: Development/Formacion Information Labs
2026-08-18 11:55:01  INFO          Ya existe en Versiones/, no se descarga de nuevo
2026-08-18 11:55:01  INFO    [190/210] 2. build_a_highlight_table_starter (v1)
2026-08-18 11:55:01  INFO          Proyecto: Development/Formacion Information Labs
2026-08-18 11:55:01  INFO          Ya existe en Versiones/, no se descarga de nuevo
2026-08-18 11:55:01  INFO    [191/210] 1. create_and_customize_filters_starter (v1)
2026-08-18 11:55:01  INFO          Proyecto: Development/Formacion Information Labs
2026-08-18 11:55:01  INFO          Ya existe en Versiones/, no se descarga de nuevo
2026-08-18 11:55:01  INFO    [192/210] 1. build_a_combined_axis_chart_starter (v1)
2026-08-18 11:55:01  INFO          Proyecto: Development/Formacion Information Labs
2026-08-18 11:55:01  INFO          Ya existe en Versiones/, no se descarga de nuevo
2026-08-18 11:55:01  INFO    --- Subiendo lote (192/210 workbooks procesados) ---
2026-08-18 11:55:02  INFO          Sin cambios que subir
2026-08-18 11:55:02  INFO          Lote subido
2026-08-18 11:55:02  INFO          8 version(es) marcadas como subidas en Oracle
2026-08-18 11:55:02  INFO    [193/210] Ejercicio Final - Sample Superstore Dashboard (v1)
2026-08-18 11:55:02  INFO          Proyecto: Development/Formacion Information Labs
2026-08-18 11:55:02  INFO          Ya existe en Versiones/, no se descarga de nuevo
2026-08-18 11:55:02  INFO    [194/210] 3. build_a_tree_map_starter (v2)
2026-08-18 11:55:02  INFO          Proyecto: Development/Formacion Information Labs
2026-08-18 11:55:02  INFO          Ya existe en Versiones/, no se descarga de nuevo
2026-08-18 11:55:02  INFO    [195/210] 2.1 build_a_symbol_map_starter (v1)
2026-08-18 11:55:02  INFO          Proyecto: Development/Formacion Information Labs
2026-08-18 11:55:02  INFO          Ya existe en Versiones/, no se descarga de nuevo
2026-08-18 11:55:02  INFO    [196/210] 3. filter_percent_of_sales_starter (v1)
2026-08-18 11:55:02  INFO          Proyecto: Development/Formacion Information Labs
2026-08-18 11:55:02  INFO          Ya existe en Versiones/, no se descarga de nuevo
2026-08-18 11:55:02  INFO    [197/210] 1.  apply_custom_dates_starter (v1)
2026-08-18 11:55:02  INFO          Proyecto: Development/Formacion Information Labs
2026-08-18 11:55:02  INFO          Ya existe en Versiones/, no se descarga de nuevo
2026-08-18 11:55:02  INFO    [198/210] 2.1 create_a_date_calculation_starter (v2)
2026-08-18 11:55:02  INFO          Proyecto: Development/Formacion Information Labs
2026-08-18 11:55:02  INFO          Ya existe en Versiones/, no se descarga de nuevo
2026-08-18 11:55:02  INFO    [199/210] 1. create_a_group_starter (v1)
2026-08-18 11:55:02  INFO          Proyecto: Development/Formacion Information Labs
2026-08-18 11:55:02  INFO          Ya existe en Versiones/, no se descarga de nuevo
2026-08-18 11:55:02  INFO    [200/210] 2.1 Build a combined axis chart started (26092024) (v1)
2026-08-18 11:55:02  INFO          Proyecto: Development/Formacion Information Labs
2026-08-18 11:55:02  INFO          Ya existe en Versiones/, no se descarga de nuevo
2026-08-18 11:55:02  INFO    --- Subiendo lote (200/210 workbooks procesados) ---
2026-08-18 11:55:06  INFO          Locking support detected on remote "origin". Consider enabling it with:
2026-08-18 11:55:06  INFO            $ git config lfs.https://cantabrialabs.ghe.com/cantabrialabs-it/CLabs-Tableau.git/info/lfs.locksverify true
2026-08-18 11:55:07  INFO          To https://cantabrialabs.ghe.com/cantabrialabs-it/CLabs-Tableau.git
2026-08-18 11:55:07  INFO             661c1d3..a0fcbf7  main -> main
2026-08-18 11:55:07  INFO          Lote subido
2026-08-18 11:55:07  INFO          8 version(es) marcadas como subidas en Oracle
2026-08-18 11:55:07  INFO    [201/210] 2. apply_a_rank_table_calculation_starter (v2)
2026-08-18 11:55:07  INFO          Proyecto: Development/Formacion Information Labs
2026-08-18 11:55:07  INFO          Ya existe en Versiones/, no se descarga de nuevo
2026-08-18 11:55:07  INFO    [202/210] 3. build_an_interactive_dashboard_starter (v1)
2026-08-18 11:55:07  INFO          Proyecto: Development/Formacion Information Labs
2026-08-18 11:55:07  INFO          Ya existe en Versiones/, no se descarga de nuevo
2026-08-18 11:55:07  INFO    [203/210] 4. use_a_histogram_to_view_distributions_starter (v2)
2026-08-18 11:55:07  INFO          Proyecto: Development/Formacion Information Labs
2026-08-18 11:55:07  INFO          Ya existe en Versiones/, no se descarga de nuevo
2026-08-18 11:55:07  INFO    [204/210] 1. build_a_combo_chart_starter (v1)
2026-08-18 11:55:07  INFO          Proyecto: Development/Formacion Information Labs
2026-08-18 11:55:07  INFO          Ya existe en Versiones/, no se descarga de nuevo
2026-08-18 11:55:07  INFO    [205/210] 4. use_an_aggregated_dimension_in_a_calculation_starter (v2)
2026-08-18 11:55:07  INFO          Proyecto: Development/Formacion Information Labs
2026-08-18 11:55:07  INFO          Ya existe en Versiones/, no se descarga de nuevo
2026-08-18 11:55:07  INFO    [206/210] 3. build_a_pie_chart_starter (v2)
2026-08-18 11:55:07  INFO          Proyecto: Development/Formacion Information Labs
2026-08-18 11:55:07  INFO          Ya existe en Versiones/, no se descarga de nuevo
2026-08-18 11:55:07  INFO    [207/210] 2. build_a_scatter_plot_starter (v1)
2026-08-18 11:55:07  INFO          Proyecto: Development/Formacion Information Labs
2026-08-18 11:55:07  INFO          Ya existe en Versiones/, no se descarga de nuevo
2026-08-18 11:55:07  INFO    [208/210] 1. Actividad Global Library (v1)
2026-08-18 11:55:07  INFO          Proyecto: Development/Formacion Information Labs
2026-08-18 11:55:07  INFO          Ya existe en Versiones/, no se descarga de nuevo
2026-08-18 11:55:07  INFO    --- Subiendo lote (208/210 workbooks procesados) ---
2026-08-18 11:55:11  INFO          Locking support detected on remote "origin". Consider enabling it with:
2026-08-18 11:55:11  INFO            $ git config lfs.https://cantabrialabs.ghe.com/cantabrialabs-it/CLabs-Tableau.git/info/lfs.locksverify true
2026-08-18 11:55:12  INFO          To https://cantabrialabs.ghe.com/cantabrialabs-it/CLabs-Tableau.git
2026-08-18 11:55:12  INFO             a0fcbf7..2924f71  main -> main
2026-08-18 11:55:12  INFO          Lote subido
2026-08-18 11:55:12  INFO          8 version(es) marcadas como subidas en Oracle
2026-08-18 11:55:12  INFO    [209/210] 3. create_trend_lines_with_small_multiples_starter (v2)
2026-08-18 11:55:12  INFO          Proyecto: Development/Formacion Information Labs
2026-08-18 11:55:12  INFO          Ya existe en Versiones/, no se descarga de nuevo
2026-08-18 11:55:12  INFO    [210/210] 3. add_two_types_of_reference__lines_starter (v1)
2026-08-18 11:55:12  INFO          Proyecto: Development/Formacion Information Labs
2026-08-18 11:55:12  INFO          Ya existe en Versiones/, no se descarga de nuevo
2026-08-18 11:55:12  INFO    --- Subiendo lote (210/210 workbooks procesados) ---
2026-08-18 11:55:12  INFO          Sin cambios que subir
2026-08-18 11:55:12  INFO          Lote subido
2026-08-18 11:55:13  INFO          2 version(es) marcadas como subidas en Oracle
2026-08-18 11:55:13  INFO  Signed out
2026-08-18 11:55:14  INFO  [8/8] Resumen
2026-08-18 11:55:14  INFO  ============================================================
2026-08-18 11:55:14  INFO  RESUMEN DE LA EJECUCION
2026-08-18 11:55:14  INFO  ============================================================
2026-08-18 11:55:14  INFO  Workbooks con version nueva ... 210
2026-08-18 11:55:14  INFO  Descargados correctamente ..... 210
2026-08-18 11:55:14  INFO  Con error ...................... 0
2026-08-18 11:55:14  INFO  Versiones retiradas ............ 0
2026-08-18 11:55:14  INFO  Lotes subidos a GitHub ......... 27
2026-08-18 11:55:14  INFO  Lotes fallidos ................. 0
2026-08-18 11:55:14  INFO  Tiempo total ................... 6m 11s
2026-08-18 11:55:14  INFO  ============================================================
2026-08-18 11:55:14  INFO  BACKUP COMPLETADO SIN ERRORES
2026-08-18 11:55:14  INFO  ============================================================
2026-08-18 12:10:25  INFO  ============================================================
2026-08-18 12:10:25  INFO  BACKUP TABLEAU -> GITHUB
2026-08-18 12:10:25  INFO  ============================================================
2026-08-18 12:10:25  INFO  Configuracion cargada y validada
2026-08-18 12:10:25  INFO  [1/8] Borrando las listas anteriores
2026-08-18 12:10:25  INFO        Listo
2026-08-18 12:10:25  INFO  [2/8] Consultando Oracle (versionado + lista de descarga)
2026-08-18 12:10:27  INFO        Listas generadas
2026-08-18 12:10:27  INFO  [3/8] Leyendo las listas
2026-08-18 12:10:27  INFO        210 workbooks con version nueva que descargar
2026-08-18 12:10:27  INFO        0 versiones marcadas para retirar de GitHub hoy
2026-08-18 12:10:27  INFO  [4/8] Sincronizando con GitHub
2026-08-18 12:11:27  INFO        Carpeta local alineada con el repositorio
2026-08-18 12:11:27  INFO  [5/8] Preparando la carpeta de descargas
2026-08-18 12:11:27  INFO        Nada que retirar hoy
2026-08-18 12:11:27  INFO  [6/8] Conectando con Tableau
2026-08-18 12:11:28  INFO  Signed into https://dub01.online.tableau.com as user with id ae9b04e0-08c6-4b88-9bb9-595a9d2d1fa3
2026-08-18 12:11:28  INFO        Conectado
2026-08-18 12:11:28  INFO  [7/8] Descargando y subiendo en lotes de 8
2026-08-18 12:11:28  INFO    [1/210] Admin Insights Starter (v319)
2026-08-18 12:11:28  INFO          Proyecto: Admin Insights
2026-08-18 12:11:28  INFO          Ya existe en Versiones/, no se descarga de nuevo
2026-08-18 12:11:28  INFO    [2/210] GroupsDescarga (v3)
2026-08-18 12:11:28  INFO          Proyecto: Admin Insights/Control Interno
2026-08-18 12:11:28  INFO          Ya existe en Versiones/, no se descarga de nuevo
2026-08-18 12:11:28  INFO    [3/210] TS Event Descarga (v6)
2026-08-18 12:11:28  INFO          Proyecto: Admin Insights/Control Interno
2026-08-18 12:11:28  INFO          Ya existe en Versiones/, no se descarga de nuevo
2026-08-18 12:11:28  INFO    [4/210] SharepointEmployeesList (v1)
2026-08-18 12:11:28  INFO          Proyecto: Admin Insights/Control Interno
2026-08-18 12:11:28  INFO          Ya existe en Versiones/, no se descarga de nuevo
2026-08-18 12:11:28  INFO    [5/210] Venta Interna PRO Anonimizado (v2)
2026-08-18 12:11:28  INFO          Proyecto: Admin Insights/Control Interno
2026-08-18 12:11:28  INFO          Ya existe en Versiones/, no se descarga de nuevo
2026-08-18 12:11:28  INFO    [6/210] Control Grupos, usuarios y actividad (v23)
2026-08-18 12:11:28  INFO          Proyecto: Admin Insights/Control Interno
2026-08-18 12:11:28  INFO          Ya existe en Versiones/, no se descarga de nuevo
2026-08-18 12:11:28  INFO    [7/210] Control Pedidos (v3)
2026-08-18 12:11:28  INFO          Proyecto: Admin Insights/Control Interno
2026-08-18 12:11:28  INFO          Ya existe en Versiones/, no se descarga de nuevo
2026-08-18 12:11:28  INFO    [8/210] Tableau Volume (v7)
2026-08-18 12:11:28  INFO          Proyecto: Admin Insights/Control Interno
2026-08-18 12:11:28  INFO          Ya existe en Versiones/, no se descarga de nuevo
2026-08-18 12:11:28  INFO    --- Subiendo lote (8/210 workbooks procesados) ---
2026-08-18 12:11:33  INFO          Sin cambios que subir
2026-08-18 12:11:33  INFO          Lote subido
2026-08-18 12:11:34  INFO          8 version(es) marcadas como subidas en Oracle
2026-08-18 12:11:34  INFO    [9/210] Tableau Usage (v24)
2026-08-18 12:11:34  INFO          Proyecto: Admin Insights/Control Interno
2026-08-18 12:11:34  INFO          Ya existe en Versiones/, no se descarga de nuevo
2026-08-18 12:11:34  INFO    [10/210] PlantillaEmpleados (v1)
2026-08-18 12:11:34  INFO          Proyecto: Admin Insights/Control Interno
2026-08-18 12:11:34  INFO          Ya existe en Versiones/, no se descarga de nuevo
2026-08-18 12:11:34  INFO    [11/210] Self Service PRO Anonimizado (v2)
2026-08-18 12:11:34  INFO          Proyecto: Admin Insights/Control Interno
2026-08-18 12:11:34  INFO          Ya existe en Versiones/, no se descarga de nuevo
2026-08-18 12:11:34  INFO    [12/210] Estado_Procesos (v26)
2026-08-18 12:11:34  INFO          Proyecto: Admin Insights/Control Interno
2026-08-18 12:11:34  INFO          Ya existe en Versiones/, no se descarga de nuevo
2026-08-18 12:11:34  INFO    [13/210] AdminInsightsStarter (v1)
2026-08-18 12:11:34  INFO          Proyecto: Admin Insights/Control Interno
2026-08-18 12:11:34  INFO          Ya existe en Versiones/, no se descarga de nuevo
2026-08-18 12:11:34  INFO    [14/210] SiteContentDescarga (v4)
2026-08-18 12:11:34  INFO          Proyecto: Admin Insights/Control Interno
2026-08-18 12:11:34  INFO          Ya existe en Versiones/, no se descarga de nuevo
2026-08-18 12:11:34  INFO    [15/210] Control (v1)
2026-08-18 12:11:34  INFO          Proyecto: Admin Insights/Control Interno
2026-08-18 12:11:34  INFO          Ya existe en Versiones/, no se descarga de nuevo
2026-08-18 12:11:34  INFO    [16/210] PermissionsDescarga (v4)
2026-08-18 12:11:34  INFO          Proyecto: Admin Insights/Control Interno
2026-08-18 12:11:34  INFO          Ya existe en Versiones/, no se descarga de nuevo
2026-08-18 12:11:34  INFO    --- Subiendo lote (16/210 workbooks procesados) ---
2026-08-18 12:11:41  INFO          Sin cambios que subir
2026-08-18 12:11:41  INFO          Lote subido
2026-08-18 12:11:42  INFO          8 version(es) marcadas como subidas en Oracle
2026-08-18 12:11:42  INFO    [17/210] Home (v244)
2026-08-18 12:11:42  INFO          Proyecto: Production
2026-08-18 12:11:42  INFO          Ya existe en Versiones/, no se descarga de nuevo
2026-08-18 12:11:42  INFO    [18/210] Order to Cash PRO (v29)
2026-08-18 12:11:42  INFO          Proyecto: Production/Dashboards/Hexagono
2026-08-18 12:11:42  INFO          Ya existe en Versiones/, no se descarga de nuevo
2026-08-18 12:11:42  INFO    [19/210] Home Hexagon (v13)
2026-08-18 12:11:42  INFO          Proyecto: Production/Dashboards/Hexagono
2026-08-18 12:11:42  INFO          Ya existe en Versiones/, no se descarga de nuevo
2026-08-18 12:11:42  INFO    [20/210] Digital Marketing PRO (v13)
2026-08-18 12:11:42  INFO          Proyecto: Production/Dashboards/Hexagono
2026-08-18 12:11:42  INFO          Ya existe en Versiones/, no se descarga de nuevo
2026-08-18 12:11:42  INFO    [21/210] Pharma Visits Mex (v6)
2026-08-18 12:11:42  INFO          Proyecto: Production/Dashboards/Hexagono
2026-08-18 12:11:42  INFO          Ya existe en Versiones/, no se descarga de nuevo
2026-08-18 12:11:42  INFO    [22/210] Training & Learning (v34)
2026-08-18 12:11:42  INFO          Proyecto: Production/Dashboards/Hexagono
2026-08-18 12:11:42  INFO          Ya existe en Versiones/, no se descarga de nuevo
2026-08-18 12:11:42  INFO    [23/210] VF Dashboard (v25)
2026-08-18 12:11:42  INFO          Proyecto: Production/Dashboards/Hexagono
2026-08-18 12:11:42  INFO          Ya existe en Versiones/, no se descarga de nuevo
2026-08-18 12:11:42  INFO    [24/210] Seguimiento Presupuesto (v2)
2026-08-18 12:11:42  INFO          Proyecto: Production/Dashboards/Performance Sell In
2026-08-18 12:11:42  INFO          Ya existe en Versiones/, no se descarga de nuevo
2026-08-18 12:11:42  INFO    --- Subiendo lote (24/210 workbooks procesados) ---
2026-08-18 12:11:43  INFO          Sin cambios que subir
2026-08-18 12:11:43  INFO          Lote subido
2026-08-18 12:11:43  INFO          8 version(es) marcadas como subidas en Oracle
2026-08-18 12:11:43  INFO    [25/210] Zoom Dtos BU (v11)
2026-08-18 12:11:43  INFO          Proyecto: Production/Dashboards/Performance Sell In
2026-08-18 12:11:43  INFO          Ya existe en Versiones/, no se descarga de nuevo
2026-08-18 12:11:43  INFO    [26/210] Termometro Ventas Mensuales (v47)
2026-08-18 12:11:43  INFO          Proyecto: Production/Dashboards/Performance Sell In
2026-08-18 12:11:43  INFO          Ya existe en Versiones/, no se descarga de nuevo
2026-08-18 12:11:43  INFO    [27/210] Venta Interna - YTD (v1)
2026-08-18 12:11:43  INFO          Proyecto: Production/Dashboards/Performance Sell In
2026-08-18 12:11:43  INFO          Ya existe en Versiones/, no se descarga de nuevo
2026-08-18 12:11:43  INFO    [28/210] PL (v36)
2026-08-18 12:11:43  INFO          Proyecto: Production/Dashboards/Performance Sell In
2026-08-18 12:11:43  INFO          Ya existe en Versiones/, no se descarga de nuevo
2026-08-18 12:11:43  INFO    [29/210] Venta Interna - MTD (v1)
2026-08-18 12:11:43  INFO          Proyecto: Production/Dashboards/Performance Sell In
2026-08-18 12:11:43  INFO          Ya existe en Versiones/, no se descarga de nuevo
2026-08-18 12:11:43  INFO    [30/210] Venta Interna PRO (v69)
2026-08-18 12:11:43  INFO          Proyecto: Production/Dashboards/Performance Sell In
2026-08-18 12:11:43  INFO          Ya existe en Versiones/, no se descarga de nuevo
2026-08-18 12:11:43  INFO    [31/210] Zoom VN (v37)
2026-08-18 12:11:43  INFO          Proyecto: Production/Dashboards/Performance Sell In
2026-08-18 12:11:43  INFO          Ya existe en Versiones/, no se descarga de nuevo
2026-08-18 12:11:43  INFO    [32/210] Daily Net Sales (v9)
2026-08-18 12:11:43  INFO          Proyecto: Production/Dashboards/Performance Sell In
2026-08-18 12:11:43  INFO          Ya existe en Versiones/, no se descarga de nuevo
2026-08-18 12:11:43  INFO    --- Subiendo lote (32/210 workbooks procesados) ---
2026-08-18 12:11:44  INFO          Sin cambios que subir
2026-08-18 12:11:44  INFO          Lote subido
2026-08-18 12:11:44  INFO          8 version(es) marcadas como subidas en Oracle
2026-08-18 12:11:44  INFO    [33/210] Seguimiento Performance Sell In (v37)
2026-08-18 12:11:44  INFO          Proyecto: Production/Dashboards/Performance Sell In
2026-08-18 12:11:44  INFO          Ya existe en Versiones/, no se descarga de nuevo
2026-08-18 12:11:44  INFO    [34/210] Ceco Cuenta (v6)
2026-08-18 12:11:44  INFO          Proyecto: Production/Dashboards/Performance Sell In
2026-08-18 12:11:44  INFO          Ya existe en Versiones/, no se descarga de nuevo
2026-08-18 12:11:44  INFO    [35/210] Self Service PRO (v100)
2026-08-18 12:11:44  INFO          Proyecto: Production/Dashboards/Performance Sell In
2026-08-18 12:11:44  INFO          Ya existe en Versiones/, no se descarga de nuevo
2026-08-18 12:11:44  INFO    [36/210] Termometro Ventas Diarias (v46)
2026-08-18 12:11:44  INFO          Proyecto: Production/Dashboards/Performance Sell In
2026-08-18 12:11:44  INFO          Ya existe en Versiones/, no se descarga de nuevo
2026-08-18 12:11:44  INFO    [37/210] Informe Actividad por Tipo Centro (v24)
2026-08-18 12:11:44  INFO          Proyecto: Production/Dashboards/Ad hoc Reports/BI Local/BI España
2026-08-18 12:11:44  INFO          Ya existe en Versiones/, no se descarga de nuevo
2026-08-18 12:11:44  INFO    [38/210] Proyeccion Preventa Heliocare (v5)
2026-08-18 12:11:44  INFO          Proyecto: Production/Dashboards/Ad hoc Reports/BI Local/BI España
2026-08-18 12:11:44  INFO          Ya existe en Versiones/, no se descarga de nuevo
2026-08-18 12:11:44  INFO    [39/210] Rankings (v69)
2026-08-18 12:11:44  INFO          Proyecto: Production/Dashboards/Ad hoc Reports/BI Local/BI España
2026-08-18 12:11:44  INFO          Ya existe en Versiones/, no se descarga de nuevo
2026-08-18 12:11:44  INFO    [40/210] Analisis por Tipo Venta (v18)
2026-08-18 12:11:44  INFO          Proyecto: Production/Dashboards/Ad hoc Reports/BI Local/BI España
2026-08-18 12:11:44  INFO          Ya existe en Versiones/, no se descarga de nuevo
2026-08-18 12:11:44  INFO    --- Subiendo lote (40/210 workbooks procesados) ---
2026-08-18 12:11:45  INFO          Sin cambios que subir
2026-08-18 12:11:45  INFO          Lote subido
2026-08-18 12:11:45  INFO          8 version(es) marcadas como subidas en Oracle
2026-08-18 12:11:45  INFO    [41/210] Informe Clientes sin Venta (con Prop.) (v3)
2026-08-18 12:11:45  INFO          Proyecto: Production/Dashboards/Ad hoc Reports/BI Local/BI España
2026-08-18 12:11:45  INFO          Ya existe en Versiones/, no se descarga de nuevo
2026-08-18 12:11:45  INFO    [42/210] CdM DERM Incentivos (v90)
2026-08-18 12:11:45  INFO          Proyecto: Production/Dashboards/Ad hoc Reports/BI Local/BI España
2026-08-18 12:11:45  INFO          Ya existe en Versiones/, no se descarga de nuevo
2026-08-18 12:11:45  INFO    [43/210] CdM COACH Incentivos (v58)
2026-08-18 12:11:45  INFO          Proyecto: Production/Dashboards/Ad hoc Reports/BI Local/BI España
2026-08-18 12:11:45  INFO          Ya existe en Versiones/, no se descarga de nuevo
2026-08-18 12:11:45  INFO    [44/210] Uds Proyectadas (v39)
2026-08-18 12:11:45  INFO          Proyecto: Production/Dashboards/Ad hoc Reports/BI Local/BI España
2026-08-18 12:11:45  INFO          Ya existe en Versiones/, no se descarga de nuevo
2026-08-18 12:11:45  INFO    [45/210] CdM Redención (v61)
2026-08-18 12:11:45  INFO          Proyecto: Production/Dashboards/Ad hoc Reports/BI Local/BI España
2026-08-18 12:11:45  INFO          Ya existe en Versiones/, no se descarga de nuevo
2026-08-18 12:11:45  INFO    [46/210] CdM Preventas (v52)
2026-08-18 12:11:45  INFO          Proyecto: Production/Dashboards/Ad hoc Reports/BI Local/BI España
2026-08-18 12:11:45  INFO          Ya existe en Versiones/, no se descarga de nuevo
2026-08-18 12:11:45  INFO    [47/210] CdM Tarifa de Precios y Uds Caja (v26)
2026-08-18 12:11:45  INFO          Proyecto: Production/Dashboards/Ad hoc Reports/BI Local/BI España
2026-08-18 12:11:45  INFO          Ya existe en Versiones/, no se descarga de nuevo
2026-08-18 12:11:45  INFO    [48/210] Analisis de Mercados (v35)
2026-08-18 12:11:45  INFO          Proyecto: Production/Dashboards/Ad hoc Reports/BI Local/BI España
2026-08-18 12:11:45  INFO          Ya existe en Versiones/, no se descarga de nuevo
2026-08-18 12:11:45  INFO    --- Subiendo lote (48/210 workbooks procesados) ---
2026-08-18 12:11:46  INFO          Sin cambios que subir
2026-08-18 12:11:46  INFO          Lote subido
2026-08-18 12:11:46  INFO          8 version(es) marcadas como subidas en Oracle
2026-08-18 12:11:46  INFO    [49/210] Seguridad Dashboards (v12)
2026-08-18 12:11:46  INFO          Proyecto: Production/Dashboards/Ad hoc Reports/BI Local/BI España
2026-08-18 12:11:46  INFO          Ya existe en Versiones/, no se descarga de nuevo
2026-08-18 12:11:46  INFO    [50/210] CdM Integral - Actividad (v131)
2026-08-18 12:11:46  INFO          Proyecto: Production/Dashboards/Ad hoc Reports/BI Local/BI España
2026-08-18 12:11:46  INFO          Ya existe en Versiones/, no se descarga de nuevo
2026-08-18 12:11:46  INFO    [51/210] CdM Matrices Cosm (v13)
2026-08-18 12:11:46  INFO          Proyecto: Production/Dashboards/Ad hoc Reports/BI Local/BI España
2026-08-18 12:11:46  INFO          Ya existe en Versiones/, no se descarga de nuevo
2026-08-18 12:11:46  INFO    [52/210] Analisis Packs (v13)
2026-08-18 12:11:46  INFO          Proyecto: Production/Dashboards/Ad hoc Reports/BI Local/BI España
2026-08-18 12:11:46  INFO          Ya existe en Versiones/, no se descarga de nuevo
2026-08-18 12:11:46  INFO    [53/210] CdM Area Clientes Self Service (v115)
2026-08-18 12:11:46  INFO          Proyecto: Production/Dashboards/Ad hoc Reports/BI Local/BI España
2026-08-18 12:11:46  INFO          Ya existe en Versiones/, no se descarga de nuevo
2026-08-18 12:11:46  INFO    [54/210] CdM NEO Incentivos (v85)
2026-08-18 12:11:46  INFO          Proyecto: Production/Dashboards/Ad hoc Reports/BI Local/BI España
2026-08-18 12:11:47  INFO  Downloaded workbook revision None to C:\tabcmd\TableauGitHub\Tableau Workbooks\Versiones\CdM NEO Incentivos_v85.twbx (ID: 8ac5d362-9c0d-4244-a198-ce0d6d39231f)
2026-08-18 12:11:47  INFO          Descargado (1.7 MB)
2026-08-18 12:11:47  INFO    [55/210] Presupuesto Internas (v34)
2026-08-18 12:11:47  INFO          Proyecto: Production/Dashboards/Ad hoc Reports/BI Local/BI España
2026-08-18 12:11:47  INFO          Ya existe en Versiones/, no se descarga de nuevo
2026-08-18 12:11:47  INFO    [56/210] Informe Incentivos Cobrados (v6)
2026-08-18 12:11:47  INFO          Proyecto: Production/Dashboards/Ad hoc Reports/BI Local/BI España
2026-08-18 12:11:47  INFO          Ya existe en Versiones/, no se descarga de nuevo
2026-08-18 12:11:47  INFO    --- Subiendo lote (56/210 workbooks procesados) ---
2026-08-18 12:11:51  INFO          Locking support detected on remote "origin". Consider enabling it with:
2026-08-18 12:11:51  INFO            $ git config lfs.https://cantabrialabs.ghe.com/cantabrialabs-it/CLabs-Tableau.git/info/lfs.locksverify true
2026-08-18 12:11:53  INFO          Uploading LFS objects: 100% (1/1), 1.7 MB | 0 B/s, done.
2026-08-18 12:11:54  INFO          To https://cantabrialabs.ghe.com/cantabrialabs-it/CLabs-Tableau.git
2026-08-18 12:11:54  INFO             2924f71..0e5421a  main -> main
2026-08-18 12:11:54  INFO          Lote subido
2026-08-18 12:11:54  INFO          8 version(es) marcadas como subidas en Oracle
2026-08-18 12:11:54  INFO    [57/210] CdM SKIN Incentivos (v85)
2026-08-18 12:11:54  INFO          Proyecto: Production/Dashboards/Ad hoc Reports/BI Local/BI España
2026-08-18 12:11:54  INFO          Ya existe en Versiones/, no se descarga de nuevo
2026-08-18 12:11:54  INFO    [58/210] CdM Select Self Service (v24)
2026-08-18 12:11:54  INFO          Proyecto: Production/Dashboards/Ad hoc Reports/BI Local/BI España
2026-08-18 12:11:54  INFO          Ya existe en Versiones/, no se descarga de nuevo
2026-08-18 12:11:54  INFO    [59/210] CdM Integral Self Service AA (v58)
2026-08-18 12:11:54  INFO          Proyecto: Production/Dashboards/Ad hoc Reports/BI Local/BI España
2026-08-18 12:11:54  INFO          Ya existe en Versiones/, no se descarga de nuevo
2026-08-18 12:11:54  INFO    [60/210] CdM Incentivos Global (v16)
2026-08-18 12:11:54  INFO          Proyecto: Production/Dashboards/Ad hoc Reports/BI Local/BI España
2026-08-18 12:11:54  INFO          Ya existe en Versiones/, no se descarga de nuevo
2026-08-18 12:11:54  INFO    [61/210] CdM Red Select Ejecutivo (v60)
2026-08-18 12:11:54  INFO          Proyecto: Production/Dashboards/Ad hoc Reports/BI Local/BI España
2026-08-18 12:11:55  INFO  Downloaded workbook revision None to C:\tabcmd\TableauGitHub\Tableau Workbooks\Versiones\CdM Red Select Ejecutivo_v60.twbx (ID: 4cdc883b-254e-4d3c-a548-57cbade4a3e8)
2026-08-18 12:11:55  INFO          Descargado (1.6 MB)
2026-08-18 12:11:55  INFO    [62/210] CdM Sell out (v62)
2026-08-18 12:11:55  INFO          Proyecto: Production/Dashboards/Ad hoc Reports/BI Local/BI España
2026-08-18 12:11:55  INFO          Ya existe en Versiones/, no se descarga de nuevo
2026-08-18 12:11:55  INFO    [63/210] CdM AP Incentivos (v25)
2026-08-18 12:11:55  INFO          Proyecto: Production/Dashboards/Ad hoc Reports/BI Local/BI España
2026-08-18 12:11:55  INFO          Ya existe en Versiones/, no se descarga de nuevo
2026-08-18 12:11:55  INFO    [64/210] KPIs Estrategicos (v6)
2026-08-18 12:11:55  INFO          Proyecto: Production/Dashboards/Ad hoc Reports/BI Local/BI España
2026-08-18 12:11:55  INFO          Ya existe en Versiones/, no se descarga de nuevo
2026-08-18 12:11:55  INFO    --- Subiendo lote (64/210 workbooks procesados) ---
2026-08-18 12:11:59  INFO          Locking support detected on remote "origin". Consider enabling it with:
2026-08-18 12:11:59  INFO            $ git config lfs.https://cantabrialabs.ghe.com/cantabrialabs-it/CLabs-Tableau.git/info/lfs.locksverify true
2026-08-18 12:12:01  INFO          Uploading LFS objects: 100% (1/1), 1.6 MB | 0 B/s, done.
2026-08-18 12:12:02  INFO          To https://cantabrialabs.ghe.com/cantabrialabs-it/CLabs-Tableau.git
2026-08-18 12:12:02  INFO             0e5421a..e1ca6a6  main -> main
2026-08-18 12:12:02  INFO          Lote subido
2026-08-18 12:12:02  INFO          8 version(es) marcadas como subidas en Oracle
2026-08-18 12:12:02  INFO    [65/210] CdM Clientes - Filtro Facturacion (v31)
2026-08-18 12:12:02  INFO          Proyecto: Production/Dashboards/Ad hoc Reports/BI Local/BI España
2026-08-18 12:12:02  INFO          Ya existe en Versiones/, no se descarga de nuevo
2026-08-18 12:12:02  INFO    [66/210] Estrategia Ciclo (v24)
2026-08-18 12:12:02  INFO          Proyecto: Production/Dashboards/Ad hoc Reports/BI Local/BI España
2026-08-18 12:12:02  INFO          Ya existe en Versiones/, no se descarga de nuevo
2026-08-18 12:12:02  INFO    [67/210] Seguimiento Acuerdos Comerciales (v34)
2026-08-18 12:12:02  INFO          Proyecto: Production/Dashboards/Ad hoc Reports/BI Local/BI España
2026-08-18 12:12:02  INFO          Ya existe en Versiones/, no se descarga de nuevo
2026-08-18 12:12:02  INFO    [68/210] CdM Gastos Red Comercial (v27)
2026-08-18 12:12:02  INFO          Proyecto: Production/Dashboards/Ad hoc Reports/BI Local/BI España
2026-08-18 12:12:02  INFO          Ya existe en Versiones/, no se descarga de nuevo
2026-08-18 12:12:02  INFO    [69/210] CdM Campañas (v30)
2026-08-18 12:12:02  INFO          Proyecto: Production/Dashboards/Ad hoc Reports/BI Local/BI España
2026-08-18 12:12:02  INFO          Ya existe en Versiones/, no se descarga de nuevo
2026-08-18 12:12:02  INFO    [70/210] Analisis Importe Pendiente (v11)
2026-08-18 12:12:02  INFO          Proyecto: Production/Dashboards/Ad hoc Reports/BI Local/BI España
2026-08-18 12:12:02  INFO          Ya existe en Versiones/, no se descarga de nuevo
2026-08-18 12:12:02  INFO    [71/210] CdM CARE Incentivos (v21)
2026-08-18 12:12:02  INFO          Proyecto: Production/Dashboards/Ad hoc Reports/BI Local/BI España
2026-08-18 12:12:02  INFO          Ya existe en Versiones/, no se descarga de nuevo
2026-08-18 12:12:02  INFO    [72/210] CdM Informes Delegado (v59)
2026-08-18 12:12:02  INFO          Proyecto: Production/Dashboards/Ad hoc Reports/BI Local/BI España
2026-08-18 12:12:02  INFO          Ya existe en Versiones/, no se descarga de nuevo
2026-08-18 12:12:02  INFO    --- Subiendo lote (72/210 workbooks procesados) ---
2026-08-18 12:12:03  INFO          Sin cambios que subir
2026-08-18 12:12:03  INFO          Lote subido
2026-08-18 12:12:03  INFO          8 version(es) marcadas como subidas en Oracle
2026-08-18 12:12:03  INFO    [73/210] CdM Area Clientes (v349)
2026-08-18 12:12:03  INFO          Proyecto: Production/Dashboards/Ad hoc Reports/BI Local/BI España
2026-08-18 12:12:03  INFO          Ya existe en Versiones/, no se descarga de nuevo
2026-08-18 12:12:03  INFO    [74/210] CdM Rankings-Area Clientes (v28)
2026-08-18 12:12:03  INFO          Proyecto: Production/Dashboards/Ad hoc Reports/BI Local/BI España
2026-08-18 12:12:03  INFO          Ya existe en Versiones/, no se descarga de nuevo
2026-08-18 12:12:03  INFO    [75/210] CdM PLUS Incentivos (v111)
2026-08-18 12:12:03  INFO          Proyecto: Production/Dashboards/Ad hoc Reports/BI Local/BI España
2026-08-18 12:12:03  INFO          Ya existe en Versiones/, no se descarga de nuevo
2026-08-18 12:12:03  INFO    [76/210] CdM Matrices (v94)
2026-08-18 12:12:03  INFO          Proyecto: Production/Dashboards/Ad hoc Reports/BI Local/BI España
2026-08-18 12:12:03  INFO          Ya existe en Versiones/, no se descarga de nuevo
2026-08-18 12:12:03  INFO    [77/210] CdM Venta Interna (v235)
2026-08-18 12:12:03  INFO          Proyecto: Production/Dashboards/Ad hoc Reports/BI Local/BI España
2026-08-18 12:12:03  INFO          Ya existe en Versiones/, no se descarga de nuevo
2026-08-18 12:12:03  INFO    [78/210] IAD Salesforce (v113)
2026-08-18 12:12:03  INFO          Proyecto: Production/Dashboards/Ad hoc Reports/BI Local/BI España
2026-08-18 12:12:03  INFO          Ya existe en Versiones/, no se descarga de nuevo
2026-08-18 12:12:03  INFO    [79/210] Informe Provision Rappel (v36)
2026-08-18 12:12:03  INFO          Proyecto: Production/Dashboards/Ad hoc Reports/BI Local/BI España
2026-08-18 12:12:03  INFO          Ya existe en Versiones/, no se descarga de nuevo
2026-08-18 12:12:03  INFO    [80/210] CdM Unidades Regulatorio (v7)
2026-08-18 12:12:03  INFO          Proyecto: Production/Dashboards/Ad hoc Reports/BI Local/BI España
2026-08-18 12:12:03  INFO          Ya existe en Versiones/, no se descarga de nuevo
2026-08-18 12:12:03  INFO    --- Subiendo lote (80/210 workbooks procesados) ---
2026-08-18 12:12:04  INFO          Sin cambios que subir
2026-08-18 12:12:04  INFO          Lote subido
2026-08-18 12:12:04  INFO          8 version(es) marcadas como subidas en Oracle
2026-08-18 12:12:04  INFO    [81/210] Auditoria Cod JDE - Cod SF (v9)
2026-08-18 12:12:04  INFO          Proyecto: Production/Dashboards/Ad hoc Reports/BI Local/BI España/Informes Automaticos
2026-08-18 12:12:04  INFO          Ya existe en Versiones/, no se descarga de nuevo
2026-08-18 12:12:04  INFO    [82/210] CdM Venta Interna Detalle Producto Agrupado MTD (v5)
2026-08-18 12:12:04  INFO          Proyecto: Production/Dashboards/Ad hoc Reports/BI Local/BI España/Informes Automaticos
2026-08-18 12:12:04  INFO          Ya existe en Versiones/, no se descarga de nuevo
2026-08-18 12:12:04  INFO    [83/210] CdM SRI Marca MTD (v2)
2026-08-18 12:12:04  INFO          Proyecto: Production/Dashboards/Ad hoc Reports/BI Local/BI España/Informes Automaticos
2026-08-18 12:12:04  INFO          Ya existe en Versiones/, no se descarga de nuevo
2026-08-18 12:12:04  INFO    [84/210] CdM Venta Interna Detalle Producto Agrupado YTD (v6)
2026-08-18 12:12:04  INFO          Proyecto: Production/Dashboards/Ad hoc Reports/BI Local/BI España/Informes Automaticos
2026-08-18 12:12:04  INFO          Ya existe en Versiones/, no se descarga de nuevo
2026-08-18 12:12:04  INFO    [85/210] CdM SRI Marca YTD (v3)
2026-08-18 12:12:04  INFO          Proyecto: Production/Dashboards/Ad hoc Reports/BI Local/BI España/Informes Automaticos
2026-08-18 12:12:04  INFO          Ya existe en Versiones/, no se descarga de nuevo
2026-08-18 12:12:04  INFO    [86/210] CdM Venta Interna Detalle Marca YTD (v10)
2026-08-18 12:12:04  INFO          Proyecto: Production/Dashboards/Ad hoc Reports/BI Local/BI España/Informes Automaticos
2026-08-18 12:12:04  INFO          Ya existe en Versiones/, no se descarga de nuevo
2026-08-18 12:12:04  INFO    [87/210] CdM SRI Producto Agrupado MTD (v2)
2026-08-18 12:12:04  INFO          Proyecto: Production/Dashboards/Ad hoc Reports/BI Local/BI España/Informes Automaticos
2026-08-18 12:12:04  INFO          Ya existe en Versiones/, no se descarga de nuevo
2026-08-18 12:12:04  INFO    [88/210] CdM SRI Producto Agrupado YTD (v3)
2026-08-18 12:12:04  INFO          Proyecto: Production/Dashboards/Ad hoc Reports/BI Local/BI España/Informes Automaticos
2026-08-18 12:12:04  INFO          Ya existe en Versiones/, no se descarga de nuevo
2026-08-18 12:12:04  INFO    --- Subiendo lote (88/210 workbooks procesados) ---
2026-08-18 12:12:05  INFO          Sin cambios que subir
2026-08-18 12:12:05  INFO          Lote subido
2026-08-18 12:12:05  INFO          8 version(es) marcadas como subidas en Oracle
2026-08-18 12:12:05  INFO    [89/210] CdM Venta Interna Detalle Marca MTD (v5)
2026-08-18 12:12:05  INFO          Proyecto: Production/Dashboards/Ad hoc Reports/BI Local/BI España/Informes Automaticos
2026-08-18 12:12:05  INFO          Ya existe en Versiones/, no se descarga de nuevo
2026-08-18 12:12:05  INFO    [90/210] CdM Clinics Visits - 2024 (v7)
2026-08-18 12:12:05  INFO          Proyecto: Production/Dashboards/Ad hoc Reports/BI Local/BI Portugal
2026-08-18 12:12:05  INFO          Ya existe en Versiones/, no se descarga de nuevo
2026-08-18 12:12:05  INFO    [91/210] CdM Pharmacy Visits (v23)
2026-08-18 12:12:05  INFO          Proyecto: Production/Dashboards/Ad hoc Reports/BI Local/BI Portugal
2026-08-18 12:12:05  INFO          Ya existe en Versiones/, no se descarga de nuevo
2026-08-18 12:12:05  INFO    [92/210] CdM Clinics Visits (v82)
2026-08-18 12:12:05  INFO          Proyecto: Production/Dashboards/Ad hoc Reports/BI Local/BI Portugal
2026-08-18 12:12:05  INFO          Ya existe en Versiones/, no se descarga de nuevo
2026-08-18 12:12:05  INFO    [93/210] CdM Clinics Visits - 2025 (v4)
2026-08-18 12:12:05  INFO          Proyecto: Production/Dashboards/Ad hoc Reports/BI Local/BI Portugal
2026-08-18 12:12:05  INFO          Ya existe en Versiones/, no se descarga de nuevo
2026-08-18 12:12:05  INFO    [94/210] Cdm Sellin SS (v12)
2026-08-18 12:12:05  INFO          Proyecto: Production/Dashboards/Ad hoc Reports/BI Local/BI Portugal
2026-08-18 12:12:05  INFO          Ya existe en Versiones/, no se descarga de nuevo
2026-08-18 12:12:05  INFO    [95/210] Rankings (v27)
2026-08-18 12:12:05  INFO          Proyecto: Production/Dashboards/Ad hoc Reports/BI Local/BI Portugal
2026-08-18 12:12:05  INFO          Ya existe en Versiones/, no se descarga de nuevo
2026-08-18 12:12:05  INFO    [96/210] Report Portugal (v11)
2026-08-18 12:12:05  INFO          Proyecto: Production/Dashboards/Ad hoc Reports/BI Local/BI Portugal
2026-08-18 12:12:05  INFO          Ya existe en Versiones/, no se descarga de nuevo
2026-08-18 12:12:05  INFO    --- Subiendo lote (96/210 workbooks procesados) ---
2026-08-18 12:12:06  INFO          Sin cambios que subir
2026-08-18 12:12:06  INFO          Lote subido
2026-08-18 12:12:06  INFO          8 version(es) marcadas como subidas en Oracle
2026-08-18 12:12:06  INFO    [97/210] Cdm Sellin (v95)
2026-08-18 12:12:06  INFO          Proyecto: Production/Dashboards/Ad hoc Reports/BI Local/BI Portugal
2026-08-18 12:12:06  INFO          Ya existe en Versiones/, no se descarga de nuevo
2026-08-18 12:12:06  INFO    [98/210] Kam Review Histórico (v31)
2026-08-18 12:12:06  INFO          Proyecto: Production/Dashboards/Ad hoc Reports/BI Local/BI International
2026-08-18 12:12:06  INFO          Ya existe en Versiones/, no se descarga de nuevo
2026-08-18 12:12:06  INFO    [99/210] Uds Proyectadas Internacional (v13)
2026-08-18 12:12:06  INFO          Proyecto: Production/Dashboards/Ad hoc Reports/BI Local/BI International
2026-08-18 12:12:06  INFO          Ya existe en Versiones/, no se descarga de nuevo
2026-08-18 12:12:06  INFO    [100/210] Kam Review (v130)
2026-08-18 12:12:06  INFO          Proyecto: Production/Dashboards/Ad hoc Reports/BI Local/BI International
2026-08-18 12:12:06  INFO          Ya existe en Versiones/, no se descarga de nuevo
2026-08-18 12:12:06  INFO    [101/210] Andromedapp (v15)
2026-08-18 12:12:06  INFO          Proyecto: Production/Dashboards/Ad hoc Reports/BI Local/BI México
2026-08-18 12:12:06  INFO          Ya existe en Versiones/, no se descarga de nuevo
2026-08-18 12:12:06  INFO    [102/210] Fill Rate a Detalle (v21)
2026-08-18 12:12:06  INFO          Proyecto: Production/Dashboards/Ad hoc Reports/BI Local/BI México/Mockups IBS
2026-08-18 12:12:06  INFO          Ya existe en Versiones/, no se descarga de nuevo
2026-08-18 12:12:06  INFO    [103/210] Plan de inventarios (v2)
2026-08-18 12:12:06  INFO          Proyecto: Production/Dashboards/Ad hoc Reports/BI Local/BI México/Mockups IBS
2026-08-18 12:12:06  INFO          Ya existe en Versiones/, no se descarga de nuevo
2026-08-18 12:12:06  INFO    [104/210] Reporte Diario de Ventas (v29)
2026-08-18 12:12:06  INFO          Proyecto: Production/Dashboards/Ad hoc Reports/BI Local/BI México/Mockups IBS
2026-08-18 12:12:07  INFO  Downloaded workbook revision None to C:\tabcmd\TableauGitHub\Tableau Workbooks\Versiones\Reporte Diario de Ventas_v29.twbx (ID: 89465930-7806-4389-9d4f-185fc8952b91)
2026-08-18 12:12:07  INFO          Descargado (1.3 MB)
2026-08-18 12:12:07  INFO    --- Subiendo lote (104/210 workbooks procesados) ---
2026-08-18 12:12:11  INFO          Locking support detected on remote "origin". Consider enabling it with:
2026-08-18 12:12:11  INFO            $ git config lfs.https://cantabrialabs.ghe.com/cantabrialabs-it/CLabs-Tableau.git/info/lfs.locksverify true
2026-08-18 12:12:13  INFO          Uploading LFS objects: 100% (1/1), 1.3 MB | 0 B/s, done.
2026-08-18 12:12:13  INFO          To https://cantabrialabs.ghe.com/cantabrialabs-it/CLabs-Tableau.git
2026-08-18 12:12:13  INFO             e1ca6a6..d56942e  main -> main
2026-08-18 12:12:13  INFO          Lote subido
2026-08-18 12:12:14  INFO          8 version(es) marcadas como subidas en Oracle
2026-08-18 12:12:14  INFO    [105/210] Plan de la Demanda (v3)
2026-08-18 12:12:14  INFO          Proyecto: Production/Dashboards/Ad hoc Reports/BI Local/BI México/Mockups IBS
2026-08-18 12:12:14  INFO          Ya existe en Versiones/, no se descarga de nuevo
2026-08-18 12:12:14  INFO    [106/210] Conciliacion_Financiera (v2)
2026-08-18 12:12:14  INFO          Proyecto: Production/Dashboards/Ad hoc Reports/BI Local/BI México/Mockups IBS
2026-08-18 12:12:14  INFO          Ya existe en Versiones/, no se descarga de nuevo
2026-08-18 12:12:14  INFO    [107/210] Tablero rentabilidad (v2)
2026-08-18 12:12:14  INFO          Proyecto: Production/Dashboards/Ad hoc Reports/BI Local/BI México/Mockups IBS
2026-08-18 12:12:14  INFO          Ya existe en Versiones/, no se descarga de nuevo
2026-08-18 12:12:14  INFO    [108/210] CdM Stangest (v15)
2026-08-18 12:12:14  INFO          Proyecto: Production/Dashboards/Ad hoc Reports/BI Local/BI Stangest
2026-08-18 12:12:14  INFO          Ya existe en Versiones/, no se descarga de nuevo
2026-08-18 12:12:14  INFO    [109/210] CdM Sell out TOTY (v6)
2026-08-18 12:12:14  INFO          Proyecto: Production/Dashboards/Ad hoc Reports/BI Local/BI Toty
2026-08-18 12:12:14  INFO          Ya existe en Versiones/, no se descarga de nuevo
2026-08-18 12:12:14  INFO    [110/210] Dashboard Catalog (v1)
2026-08-18 12:12:14  INFO          Proyecto: Production/Dashboards/MDM
2026-08-18 12:12:14  INFO          Ya existe en Versiones/, no se descarga de nuevo
2026-08-18 12:12:14  INFO    [111/210] JDE Logistics Product Catalog (v8)
2026-08-18 12:12:14  INFO          Proyecto: Production/Dashboards/MDM
2026-08-18 12:12:14  INFO          Ya existe en Versiones/, no se descarga de nuevo
2026-08-18 12:12:14  INFO    [112/210] Glossary (v12)
2026-08-18 12:12:14  INFO          Proyecto: Production/Dashboards/MDM
2026-08-18 12:12:14  INFO          Ya existe en Versiones/, no se descarga de nuevo
2026-08-18 12:12:14  INFO    --- Subiendo lote (112/210 workbooks procesados) ---
2026-08-18 12:12:14  INFO          Sin cambios que subir
2026-08-18 12:12:14  INFO          Lote subido
2026-08-18 12:12:15  INFO          8 version(es) marcadas como subidas en Oracle
2026-08-18 12:12:15  INFO    [113/210] Tableau Usage (v7)
2026-08-18 12:12:15  INFO          Proyecto: Production/Dashboards/MDM
2026-08-18 12:12:15  INFO          Ya existe en Versiones/, no se descarga de nuevo
2026-08-18 12:12:15  INFO    [114/210] Client Corporate Catalog (v3)
2026-08-18 12:12:15  INFO          Proyecto: Production/Dashboards/MDM
2026-08-18 12:12:15  INFO          Ya existe en Versiones/, no se descarga de nuevo
2026-08-18 12:12:15  INFO    [115/210] JDE Product Catalog (v41)
2026-08-18 12:12:15  INFO          Proyecto: Production/Dashboards/MDM
2026-08-18 12:12:15  INFO          Ya existe en Versiones/, no se descarga de nuevo
2026-08-18 12:12:15  INFO    [116/210] CdM Data Source y Workbook (v22)
2026-08-18 12:12:15  INFO          Proyecto: Production/Dashboards/MDM
2026-08-18 12:12:15  INFO          Ya existe en Versiones/, no se descarga de nuevo
2026-08-18 12:12:15  INFO    [117/210] Product Corporate Catalog (v106)
2026-08-18 12:12:15  INFO          Proyecto: Production/Dashboards/MDM
2026-08-18 12:12:15  INFO          Ya existe en Versiones/, no se descarga de nuevo
2026-08-18 12:12:15  INFO    [118/210] Lanzamientos (v146)
2026-08-18 12:12:15  INFO          Proyecto: Production/Dashboards/Supply Chain
2026-08-18 12:12:15  INFO          Ya existe en Versiones/, no se descarga de nuevo
2026-08-18 12:12:15  INFO    [119/210] KPIs Demand (v10)
2026-08-18 12:12:15  INFO          Proyecto: Production/Dashboards/Supply Chain
2026-08-18 12:12:15  INFO          Ya existe en Versiones/, no se descarga de nuevo
2026-08-18 12:12:15  INFO    [120/210] Apro vs Demanda (v4)
2026-08-18 12:12:15  INFO          Proyecto: Production/Dashboards/Supply Chain
2026-08-18 12:12:15  INFO          Ya existe en Versiones/, no se descarga de nuevo
2026-08-18 12:12:15  INFO    --- Subiendo lote (120/210 workbooks procesados) ---
2026-08-18 12:12:15  INFO          Sin cambios que subir
2026-08-18 12:12:15  INFO          Lote subido
2026-08-18 12:12:16  INFO          8 version(es) marcadas como subidas en Oracle
2026-08-18 12:12:16  INFO    [121/210] Pedidos (v45)
2026-08-18 12:12:16  INFO          Proyecto: Production/Dashboards/Supply Chain
2026-08-18 12:12:16  INFO          Ya existe en Versiones/, no se descarga de nuevo
2026-08-18 12:12:16  INFO    [122/210] Triangulo Previsiones (v14)
2026-08-18 12:12:16  INFO          Proyecto: Production/Dashboards/Supply Chain
2026-08-18 12:12:16  INFO          Ya existe en Versiones/, no se descarga de nuevo
2026-08-18 12:12:16  INFO    [123/210] Inventario (v16)
2026-08-18 12:12:16  INFO          Proyecto: Production/Dashboards/Supply Chain
2026-08-18 12:12:16  INFO          Ya existe en Versiones/, no se descarga de nuevo
2026-08-18 12:12:16  INFO    [124/210] CdM Logistica (v9)
2026-08-18 12:12:16  INFO          Proyecto: Production/Dashboards/Supply Chain
2026-08-18 12:12:16  INFO          Ya existe en Versiones/, no se descarga de nuevo
2026-08-18 12:12:16  INFO    [125/210] Forecast Grouped (v4)
2026-08-18 12:12:16  INFO          Proyecto: Production/Dashboards/Supply Chain
2026-08-18 12:12:16  INFO          Ya existe en Versiones/, no se descarga de nuevo
2026-08-18 12:12:16  INFO    [126/210] Unhealthy Stock (v64)
2026-08-18 12:12:16  INFO          Proyecto: Production/Dashboards/Supply Chain
2026-08-18 12:12:16  INFO          Ya existe en Versiones/, no se descarga de nuevo
2026-08-18 12:12:16  INFO    [127/210] Pallets (v70)
2026-08-18 12:12:16  INFO          Proyecto: Production/Dashboards/Supply Chain
2026-08-18 12:12:16  INFO          Ya existe en Versiones/, no se descarga de nuevo
2026-08-18 12:12:16  INFO    [128/210] Compras (v73)
2026-08-18 12:12:16  INFO          Proyecto: Production/Dashboards/Supply Chain
2026-08-18 12:12:16  INFO          Ya existe en Versiones/, no se descarga de nuevo
2026-08-18 12:12:16  INFO    --- Subiendo lote (128/210 workbooks procesados) ---
2026-08-18 12:12:16  INFO          Sin cambios que subir
2026-08-18 12:12:16  INFO          Lote subido
2026-08-18 12:12:17  INFO          8 version(es) marcadas como subidas en Oracle
2026-08-18 12:12:17  INFO    [129/210] CdM Demand (v39)
2026-08-18 12:12:17  INFO          Proyecto: Production/Dashboards/Supply Chain
2026-08-18 12:12:17  INFO          Ya existe en Versiones/, no se descarga de nuevo
2026-08-18 12:12:17  INFO    [130/210] Stock Cuarentena (v9)
2026-08-18 12:12:17  INFO          Proyecto: Production/Dashboards/Supply Chain
2026-08-18 12:12:17  INFO          Ya existe en Versiones/, no se descarga de nuevo
2026-08-18 12:12:17  INFO    [131/210] Coberturas (v12)
2026-08-18 12:12:17  INFO          Proyecto: Production/Dashboards/Supply Chain
2026-08-18 12:12:17  INFO          Ya existe en Versiones/, no se descarga de nuevo
2026-08-18 12:12:17  INFO    [132/210] Recepciones (v25)
2026-08-18 12:12:17  INFO          Proyecto: Production/Dashboards/Supply Chain
2026-08-18 12:12:17  INFO          Ya existe en Versiones/, no se descarga de nuevo
2026-08-18 12:12:17  INFO    [133/210] Consumos (v9)
2026-08-18 12:12:17  INFO          Proyecto: Production/Dashboards/Supply Chain
2026-08-18 12:12:17  INFO          Ya existe en Versiones/, no se descarga de nuevo
2026-08-18 12:12:17  INFO    [134/210] Servicio (v16)
2026-08-18 12:12:17  INFO          Proyecto: Production/Dashboards/Supply Chain
2026-08-18 12:12:17  INFO          Ya existe en Versiones/, no se descarga de nuevo
2026-08-18 12:12:17  INFO    [135/210] Aprovisionamiento Semanal (v27)
2026-08-18 12:12:17  INFO          Proyecto: Production/Dashboards/Supply Chain
2026-08-18 12:12:17  INFO          Ya existe en Versiones/, no se descarga de nuevo
2026-08-18 12:12:17  INFO    [136/210] CdM Compras (v23)
2026-08-18 12:12:17  INFO          Proyecto: Production/Dashboards/Supply Chain
2026-08-18 12:12:17  INFO          Ya existe en Versiones/, no se descarga de nuevo
2026-08-18 12:12:17  INFO    --- Subiendo lote (136/210 workbooks procesados) ---
2026-08-18 12:12:17  INFO          Sin cambios que subir
2026-08-18 12:12:17  INFO          Lote subido
2026-08-18 12:12:18  INFO          8 version(es) marcadas como subidas en Oracle
2026-08-18 12:12:18  INFO    [137/210] Aprovisionamiento Interno (v1)
2026-08-18 12:12:18  INFO          Proyecto: Production/Dashboards/Supply Chain
2026-08-18 12:12:18  INFO          Ya existe en Versiones/, no se descarga de nuevo
2026-08-18 12:12:18  INFO    [138/210] Stocks (v51)
2026-08-18 12:12:18  INFO          Proyecto: Production/Dashboards/Supply Chain
2026-08-18 12:12:18  INFO          Ya existe en Versiones/, no se descarga de nuevo
2026-08-18 12:12:18  INFO    [139/210] Unhealthy Stock Detail Table (v21)
2026-08-18 12:12:18  INFO          Proyecto: Production/Dashboards/Supply Chain
2026-08-18 12:12:18  INFO          Ya existe en Versiones/, no se descarga de nuevo
2026-08-18 12:12:18  INFO    [140/210] CdM Supply (v31)
2026-08-18 12:12:18  INFO          Proyecto: Production/Dashboards/Supply Chain
2026-08-18 12:12:18  INFO          Ya existe en Versiones/, no se descarga de nuevo
2026-08-18 12:12:18  INFO    [141/210] ModuloKajalForecasting (v199)
2026-08-18 12:12:18  INFO          Proyecto: Production/Dashboards/Supply Chain/Demand Planning
2026-08-18 12:12:18  INFO          Ya existe en Versiones/, no se descarga de nuevo
2026-08-18 12:12:18  INFO    [142/210] ModuloKajalAnalytics (v138)
2026-08-18 12:12:18  INFO          Proyecto: Production/Dashboards/Supply Chain/Demand Planning
2026-08-18 12:12:18  INFO          Ya existe en Versiones/, no se descarga de nuevo
2026-08-18 12:12:18  INFO    [143/210] Presupuesto (v40)
2026-08-18 12:12:18  INFO          Proyecto: Production/Dashboards/Supply Chain/Demand Planning
2026-08-18 12:12:18  INFO          Ya existe en Versiones/, no se descarga de nuevo
2026-08-18 12:12:18  INFO    [144/210] ModuloKajalInventory (v85)
2026-08-18 12:12:18  INFO          Proyecto: Production/Dashboards/Supply Chain/Demand Planning
2026-08-18 12:12:18  INFO          Ya existe en Versiones/, no se descarga de nuevo
2026-08-18 12:12:18  INFO    --- Subiendo lote (144/210 workbooks procesados) ---
2026-08-18 12:12:18  INFO          Sin cambios que subir
2026-08-18 12:12:18  INFO          Lote subido
2026-08-18 12:12:19  INFO          8 version(es) marcadas como subidas en Oracle
2026-08-18 12:12:19  INFO    [145/210] Self service (v60)
2026-08-18 12:12:19  INFO          Proyecto: Production/Dashboards/Supply Chain/Demand Planning
2026-08-18 12:12:19  INFO          Ya existe en Versiones/, no se descarga de nuevo
2026-08-18 12:12:19  INFO    [146/210] Kajal Home (v2)
2026-08-18 12:12:19  INFO          Proyecto: Production/Dashboards/Supply Chain/Demand Planning
2026-08-18 12:12:19  INFO          Ya existe en Versiones/, no se descarga de nuevo
2026-08-18 12:12:19  INFO    [147/210] CdM Calidad (v45)
2026-08-18 12:12:19  INFO          Proyecto: Production/Dashboards/Industrial
2026-08-18 12:12:19  INFO          Ya existe en Versiones/, no se descarga de nuevo
2026-08-18 12:12:19  INFO    [148/210] CdM Produccion (v39)
2026-08-18 12:12:19  INFO          Proyecto: Production/Dashboards/Industrial
2026-08-18 12:12:19  INFO          Ya existe en Versiones/, no se descarga de nuevo
2026-08-18 12:12:19  INFO    [149/210] CdM Summary (v16)
2026-08-18 12:12:19  INFO          Proyecto: Production/Dashboards/Industrial
2026-08-18 12:12:19  INFO          Ya existe en Versiones/, no se descarga de nuevo
2026-08-18 12:12:19  INFO    [150/210] CdM Ingenieria (v38)
2026-08-18 12:12:19  INFO          Proyecto: Production/Dashboards/Industrial
2026-08-18 12:12:19  INFO          Ya existe en Versiones/, no se descarga de nuevo
2026-08-18 12:12:19  INFO    [151/210] CdM Financiero (v35)
2026-08-18 12:12:19  INFO          Proyecto: Production/Dashboards/Industrial
2026-08-18 12:12:19  INFO          Ya existe en Versiones/, no se descarga de nuevo
2026-08-18 12:12:19  INFO    [152/210] CdM Industrial La Concha (v8)
2026-08-18 12:12:19  INFO          Proyecto: Production/Dashboards/Industrial
2026-08-18 12:12:19  INFO          Ya existe en Versiones/, no se descarga de nuevo
2026-08-18 12:12:19  INFO    --- Subiendo lote (152/210 workbooks procesados) ---
2026-08-18 12:12:19  INFO          Sin cambios que subir
2026-08-18 12:12:19  INFO          Lote subido
2026-08-18 12:12:19  INFO          8 version(es) marcadas como subidas en Oracle
2026-08-18 12:12:19  INFO    [153/210] CdM Industrial Torrejon (v43)
2026-08-18 12:12:19  INFO          Proyecto: Production/Dashboards/Industrial
2026-08-18 12:12:19  INFO          Ya existe en Versiones/, no se descarga de nuevo
2026-08-18 12:12:20  INFO    [154/210] Observatorio Heliocare - ShopperTec (v23)
2026-08-18 12:12:20  INFO          Proyecto: Production/Dashboards/Clientes
2026-08-18 12:12:20  INFO          Ya existe en Versiones/, no se descarga de nuevo
2026-08-18 12:12:20  INFO    [155/210] CdM Commercial Performance (v58)
2026-08-18 12:12:20  INFO          Proyecto: Production/Dashboards/Commercial Performance
2026-08-18 12:12:20  INFO          Ya existe en Versiones/, no se descarga de nuevo
2026-08-18 12:12:20  INFO    [156/210] Mockup VF/KAM/e-KAM v3 (v5)
2026-08-18 12:12:20  INFO          Proyecto: Development/Mockups
2026-08-18 12:12:20  INFO          Ya existe en Versiones/, no se descarga de nuevo
2026-08-18 12:12:20  INFO    [157/210] Observatorio Heliocare - ShopperTec v2 (v1)
2026-08-18 12:12:20  INFO          Proyecto: Development/Mockups
2026-08-18 12:12:20  INFO          Ya existe en Versiones/, no se descarga de nuevo
2026-08-18 12:12:20  INFO    [158/210] Template Tableau (v1)
2026-08-18 12:12:20  INFO          Proyecto: Development/Ad hoc Reports
2026-08-18 12:12:20  INFO          Ya existe en Versiones/, no se descarga de nuevo
2026-08-18 12:12:20  INFO    [159/210] CdM Area Clientes_Ranking Gerentes y Propietarios_Cambios v2 (v10)
2026-08-18 12:12:20  INFO          Proyecto: Development/Ad hoc Reports/Spain
2026-08-18 12:12:20  INFO          Ya existe en Versiones/, no se descarga de nuevo
2026-08-18 12:12:20  INFO    [160/210] CdM Area Clientes_BACKUP (v1)
2026-08-18 12:12:20  INFO          Proyecto: Development/Ad hoc Reports/Spain
2026-08-18 12:12:20  INFO          Ya existe en Versiones/, no se descarga de nuevo
2026-08-18 12:12:20  INFO    --- Subiendo lote (160/210 workbooks procesados) ---
2026-08-18 12:12:22  INFO          Sin cambios que subir
2026-08-18 12:12:22  INFO          Lote subido
2026-08-18 12:12:22  INFO          8 version(es) marcadas como subidas en Oracle
2026-08-18 12:12:22  INFO    [161/210] Consulta filtrado por Importe a nivel MARCA-PEDIDO (v2)
2026-08-18 12:12:22  INFO          Proyecto: Development/Ad hoc Reports/Spain
2026-08-18 12:12:22  INFO          Ya existe en Versiones/, no se descarga de nuevo
2026-08-18 12:12:22  INFO    [162/210] 3. GOLD_20/01/2025_Añadir Importe pendiente (v1)
2026-08-18 12:12:22  INFO          Proyecto: Development/Ad hoc Reports/Spain
2026-08-18 12:12:22  INFO          Ya existe en Versiones/, no se descarga de nuevo
2026-08-18 12:12:22  INFO    [163/210] Clientes en crecimiento (v10)
2026-08-18 12:12:22  INFO          Proyecto: Development/Ad hoc Reports/Italy
2026-08-18 12:12:22  INFO          Ya existe en Versiones/, no se descarga de nuevo
2026-08-18 12:12:22  INFO    [164/210] Progetto_v3 (v3)
2026-08-18 12:12:22  INFO          Proyecto: Development/Ad hoc Reports/Italy
2026-08-18 12:12:22  INFO          Ya existe en Versiones/, no se descarga de nuevo
2026-08-18 12:12:22  INFO    [165/210] PROGETTO_V2 (v1)
2026-08-18 12:12:22  INFO          Proyecto: Development/Ad hoc Reports/Italy
2026-08-18 12:12:22  INFO          Ya existe en Versiones/, no se descarga de nuevo
2026-08-18 12:12:22  INFO    [166/210] CdM Sell In (v34)
2026-08-18 12:12:22  INFO          Proyecto: Development/Ad hoc Reports/Stangest
2026-08-18 12:12:22  INFO          Ya existe en Versiones/, no se descarga de nuevo
2026-08-18 12:12:22  INFO    [167/210] Dashboard Ventas Por Distrito & Ano (v1)
2026-08-18 12:12:22  INFO          Proyecto: Development/Ad hoc Reports/Portugal
2026-08-18 12:12:22  INFO          Ya existe en Versiones/, no se descarga de nuevo
2026-08-18 12:12:22  INFO    [168/210] Dashboard Ventas Marca Por Distrito (v1)
2026-08-18 12:12:22  INFO          Proyecto: Development/Ad hoc Reports/Portugal
2026-08-18 12:12:22  INFO          Ya existe en Versiones/, no se descarga de nuevo
2026-08-18 12:12:22  INFO    --- Subiendo lote (168/210 workbooks procesados) ---
2026-08-18 12:12:23  INFO          Sin cambios que subir
2026-08-18 12:12:23  INFO          Lote subido
2026-08-18 12:12:23  INFO          8 version(es) marcadas como subidas en Oracle
2026-08-18 12:12:23  INFO    [169/210] Dashboard Ventas Marca Por Delegada (v1)
2026-08-18 12:12:23  INFO          Proyecto: Development/Ad hoc Reports/Portugal
2026-08-18 12:12:23  INFO          Ya existe en Versiones/, no se descarga de nuevo
2026-08-18 12:12:23  INFO    [170/210] CdM Logistica (v9)
2026-08-18 12:12:23  INFO          Proyecto: Development/Ad hoc Reports/Supply
2026-08-18 12:12:23  INFO          Ya existe en Versiones/, no se descarga de nuevo
2026-08-18 12:12:23  INFO    [171/210] 2. show_sales_totals_in_a_crosstab_starter (v1)
2026-08-18 12:12:23  INFO          Proyecto: Development/Formacion Information Labs
2026-08-18 12:12:23  INFO          Ya existe en Versiones/, no se descarga de nuevo
2026-08-18 12:12:23  INFO    [172/210] New- 2.1 create_a_date_calculation_starter (v2)
2026-08-18 12:12:23  INFO          Proyecto: Development/Formacion Information Labs
2026-08-18 12:12:23  INFO          Ya existe en Versiones/, no se descarga de nuevo
2026-08-18 12:12:23  INFO    [173/210] 1. sort_by_fields_in_a_view_starter (v2)
2026-08-18 12:12:23  INFO          Proyecto: Development/Formacion Information Labs
2026-08-18 12:12:23  INFO          Ya existe en Versiones/, no se descarga de nuevo
2026-08-18 12:12:23  INFO    [174/210] 3. add_a_filter_to_context_starter (v2)
2026-08-18 12:12:23  INFO          Proyecto: Development/Formacion Information Labs
2026-08-18 12:12:23  INFO          Ya existe en Versiones/, no se descarga de nuevo
2026-08-18 12:12:23  INFO    [175/210] 2.1 create_a_calculation_with_aggregation_starter (v2)
2026-08-18 12:12:23  INFO          Proyecto: Development/Formacion Information Labs
2026-08-18 12:12:23  INFO          Ya existe en Versiones/, no se descarga de nuevo
2026-08-18 12:12:23  INFO    [176/210] 3. add_a_forecast_to_a_view_starter (v2)
2026-08-18 12:12:23  INFO          Proyecto: Development/Formacion Information Labs
2026-08-18 12:12:23  INFO          Ya existe en Versiones/, no se descarga de nuevo
2026-08-18 12:12:23  INFO    --- Subiendo lote (176/210 workbooks procesados) ---
2026-08-18 12:12:24  INFO          Sin cambios que subir
2026-08-18 12:12:24  INFO          Lote subido
2026-08-18 12:12:24  INFO          8 version(es) marcadas como subidas en Oracle
2026-08-18 12:12:24  INFO    [177/210] 2. apply_a_year_over_year_table_calculation_starter (v3)
2026-08-18 12:12:24  INFO          Proyecto: Development/Formacion Information Labs
2026-08-18 12:12:24  INFO          Ya existe en Versiones/, no se descarga de nuevo
2026-08-18 12:12:24  INFO    [178/210] 4.  create_a_bar-in-bar_chart_starter (v2)
2026-08-18 12:12:24  INFO          Proyecto: Development/Formacion Information Labs
2026-08-18 12:12:24  INFO          Ya existe en Versiones/, no se descarga de nuevo
2026-08-18 12:12:24  INFO    [179/210] 2.1 create_a_weighted_average_starter (v1)
2026-08-18 12:12:24  INFO          Proyecto: Development/Formacion Information Labs
2026-08-18 12:12:24  INFO          Ya existe en Versiones/, no se descarga de nuevo
2026-08-18 12:12:24  INFO    [180/210] Ejercicio Final - Sample Superstore Dashboard (v1)
2026-08-18 12:12:24  INFO          Proyecto: Development/Formacion Information Labs
2026-08-18 12:12:24  INFO          Ya existe en Versiones/, no se descarga de nuevo
2026-08-18 12:12:24  INFO    [181/210] 3. build_a_tree_map_starter (v2)
2026-08-18 12:12:24  INFO          Proyecto: Development/Formacion Information Labs
2026-08-18 12:12:24  INFO          Ya existe en Versiones/, no se descarga de nuevo
2026-08-18 12:12:24  INFO    [182/210] 2.1 build_a_symbol_map_starter (v1)
2026-08-18 12:12:24  INFO          Proyecto: Development/Formacion Information Labs
2026-08-18 12:12:24  INFO          Ya existe en Versiones/, no se descarga de nuevo
2026-08-18 12:12:24  INFO    [183/210] 3. filter_percent_of_sales_starter (v1)
2026-08-18 12:12:24  INFO          Proyecto: Development/Formacion Information Labs
2026-08-18 12:12:24  INFO          Ya existe en Versiones/, no se descarga de nuevo
2026-08-18 12:12:24  INFO    [184/210] 1.  apply_custom_dates_starter (v1)
2026-08-18 12:12:24  INFO          Proyecto: Development/Formacion Information Labs
2026-08-18 12:12:24  INFO          Ya existe en Versiones/, no se descarga de nuevo
2026-08-18 12:12:24  INFO    --- Subiendo lote (184/210 workbooks procesados) ---
2026-08-18 12:12:25  INFO          Sin cambios que subir
2026-08-18 12:12:25  INFO          Lote subido
2026-08-18 12:12:25  INFO          8 version(es) marcadas como subidas en Oracle
2026-08-18 12:12:25  INFO    [185/210] 2.1 create_a_date_calculation_starter (v2)
2026-08-18 12:12:25  INFO          Proyecto: Development/Formacion Information Labs
2026-08-18 12:12:25  INFO          Ya existe en Versiones/, no se descarga de nuevo
2026-08-18 12:12:25  INFO    [186/210] 1. create_a_group_starter (v1)
2026-08-18 12:12:25  INFO          Proyecto: Development/Formacion Information Labs
2026-08-18 12:12:25  INFO          Ya existe en Versiones/, no se descarga de nuevo
2026-08-18 12:12:25  INFO    [187/210] 2.1 Build a combined axis chart started (26092024) (v1)
2026-08-18 12:12:25  INFO          Proyecto: Development/Formacion Information Labs
2026-08-18 12:12:25  INFO          Ya existe en Versiones/, no se descarga de nuevo
2026-08-18 12:12:25  INFO    [188/210] 2. apply_a_rank_table_calculation_starter (v2)
2026-08-18 12:12:25  INFO          Proyecto: Development/Formacion Information Labs
2026-08-18 12:12:25  INFO          Ya existe en Versiones/, no se descarga de nuevo
2026-08-18 12:12:25  INFO    [189/210] 3. build_an_interactive_dashboard_starter (v1)
2026-08-18 12:12:25  INFO          Proyecto: Development/Formacion Information Labs
2026-08-18 12:12:25  INFO          Ya existe en Versiones/, no se descarga de nuevo
2026-08-18 12:12:25  INFO    [190/210] 4. use_a_histogram_to_view_distributions_starter (v2)
2026-08-18 12:12:25  INFO          Proyecto: Development/Formacion Information Labs
2026-08-18 12:12:25  INFO          Ya existe en Versiones/, no se descarga de nuevo
2026-08-18 12:12:25  INFO    [191/210] 1. build_a_combo_chart_starter (v1)
2026-08-18 12:12:25  INFO          Proyecto: Development/Formacion Information Labs
2026-08-18 12:12:25  INFO          Ya existe en Versiones/, no se descarga de nuevo
2026-08-18 12:12:25  INFO    [192/210] 4. use_an_aggregated_dimension_in_a_calculation_starter (v2)
2026-08-18 12:12:25  INFO          Proyecto: Development/Formacion Information Labs
2026-08-18 12:12:25  INFO          Ya existe en Versiones/, no se descarga de nuevo
2026-08-18 12:12:25  INFO    --- Subiendo lote (192/210 workbooks procesados) ---
2026-08-18 12:12:26  INFO          Sin cambios que subir
2026-08-18 12:12:26  INFO          Lote subido
2026-08-18 12:12:26  INFO          8 version(es) marcadas como subidas en Oracle
2026-08-18 12:12:26  INFO    [193/210] 3. build_a_pie_chart_starter (v2)
2026-08-18 12:12:26  INFO          Proyecto: Development/Formacion Information Labs
2026-08-18 12:12:26  INFO          Ya existe en Versiones/, no se descarga de nuevo
2026-08-18 12:12:26  INFO    [194/210] 2. build_a_scatter_plot_starter (v1)
2026-08-18 12:12:26  INFO          Proyecto: Development/Formacion Information Labs
2026-08-18 12:12:26  INFO          Ya existe en Versiones/, no se descarga de nuevo
2026-08-18 12:12:26  INFO    [195/210] 1. Actividad Global Library (v1)
2026-08-18 12:12:26  INFO          Proyecto: Development/Formacion Information Labs
2026-08-18 12:12:26  INFO          Ya existe en Versiones/, no se descarga de nuevo
2026-08-18 12:12:26  INFO    [196/210] 3. create_trend_lines_with_small_multiples_starter (v2)
2026-08-18 12:12:26  INFO          Proyecto: Development/Formacion Information Labs
2026-08-18 12:12:26  INFO          Ya existe en Versiones/, no se descarga de nuevo
2026-08-18 12:12:26  INFO    [197/210] 3. add_two_types_of_reference__lines_starter (v1)
2026-08-18 12:12:26  INFO          Proyecto: Development/Formacion Information Labs
2026-08-18 12:12:26  INFO          Ya existe en Versiones/, no se descarga de nuevo
2026-08-18 12:12:26  INFO    [198/210] 1. create_a_hierarchy_starter (v1)
2026-08-18 12:12:26  INFO          Proyecto: Development/Formacion Information Labs
2026-08-18 12:12:26  INFO          Ya existe en Versiones/, no se descarga de nuevo
2026-08-18 12:12:26  INFO    [199/210] 3. Box and Whisker Plot Starter (v1)
2026-08-18 12:12:26  INFO          Proyecto: Development/Formacion Information Labs
2026-08-18 12:12:26  INFO          Ya existe en Versiones/, no se descarga de nuevo
2026-08-18 12:12:26  INFO    [200/210] 2.1 manipulate_strings_starter (v1)
2026-08-18 12:12:26  INFO          Proyecto: Development/Formacion Information Labs
2026-08-18 12:12:26  INFO          Ya existe en Versiones/, no se descarga de nuevo
2026-08-18 12:12:26  INFO    --- Subiendo lote (200/210 workbooks procesados) ---
2026-08-18 12:12:27  INFO          Sin cambios que subir
2026-08-18 12:12:27  INFO          Lote subido
2026-08-18 12:12:27  INFO          8 version(es) marcadas como subidas en Oracle
2026-08-18 12:12:27  INFO    [201/210] 1. show_data_across_discrete_and_continuous_months (v1)
2026-08-18 12:12:27  INFO          Proyecto: Development/Formacion Information Labs
2026-08-18 12:12:27  INFO          Ya existe en Versiones/, no se descarga de nuevo
2026-08-18 12:12:27  INFO    [202/210] 2. build_a_highlight_table_starter (v1)
2026-08-18 12:12:27  INFO          Proyecto: Development/Formacion Information Labs
2026-08-18 12:12:27  INFO          Ya existe en Versiones/, no se descarga de nuevo
2026-08-18 12:12:27  INFO    [203/210] 1. create_and_customize_filters_starter (v1)
2026-08-18 12:12:27  INFO          Proyecto: Development/Formacion Information Labs
2026-08-18 12:12:27  INFO          Ya existe en Versiones/, no se descarga de nuevo
2026-08-18 12:12:27  INFO    [204/210] 1. build_a_combined_axis_chart_starter (v1)
2026-08-18 12:12:27  INFO          Proyecto: Development/Formacion Information Labs
2026-08-18 12:12:27  INFO          Ya existe en Versiones/, no se descarga de nuevo
2026-08-18 12:12:27  INFO    [205/210] 3. apply_a_rank_table_calculation_starter (v2)
2026-08-18 12:12:27  INFO          Proyecto: Development/Formacion Information Labs
2026-08-18 12:12:27  INFO          Ya existe en Versiones/, no se descarga de nuevo
2026-08-18 12:12:27  INFO    [206/210] 3. add_actions_to_a_dashboard_starter (v1)
2026-08-18 12:12:27  INFO          Proyecto: Development/Formacion Information Labs
2026-08-18 12:12:27  INFO          Ya existe en Versiones/, no se descarga de nuevo
2026-08-18 12:12:27  INFO    [207/210] 2. build_a_heat_map_starter (v1)
2026-08-18 12:12:27  INFO          Proyecto: Development/Formacion Information Labs
2026-08-18 12:12:27  INFO          Ya existe en Versiones/, no se descarga de nuevo
2026-08-18 12:12:27  INFO    [208/210] 4. calculate_the_average_product_profit_by_category_starter (v2)
2026-08-18 12:12:27  INFO          Proyecto: Development/Formacion Information Labs
2026-08-18 12:12:27  INFO          Ya existe en Versiones/, no se descarga de nuevo
2026-08-18 12:12:27  INFO    --- Subiendo lote (208/210 workbooks procesados) ---
2026-08-18 12:12:28  INFO          Sin cambios que subir
2026-08-18 12:12:28  INFO          Lote subido
2026-08-18 12:12:28  INFO          8 version(es) marcadas como subidas en Oracle
2026-08-18 12:12:28  INFO    [209/210] Solución - Sample Superstore Dashboard (v1)
2026-08-18 12:12:28  INFO          Proyecto: Development/Formacion Information Labs
2026-08-18 12:12:28  INFO          Ya existe en Versiones/, no se descarga de nuevo
2026-08-18 12:12:28  INFO    [210/210] 4. create_a_parameter_for_switching_measures_ and filter_starter (v2)
2026-08-18 12:12:28  INFO          Proyecto: Development/Formacion Information Labs
2026-08-18 12:12:28  INFO          Ya existe en Versiones/, no se descarga de nuevo
2026-08-18 12:12:28  INFO    --- Subiendo lote (210/210 workbooks procesados) ---
2026-08-18 12:12:29  INFO          Sin cambios que subir
2026-08-18 12:12:29  INFO          Lote subido
2026-08-18 12:12:29  INFO          2 version(es) marcadas como subidas en Oracle
2026-08-18 12:12:29  INFO  Signed out
2026-08-18 12:12:30  INFO  [8/8] Resumen
2026-08-18 12:12:30  INFO  ============================================================
2026-08-18 12:12:30  INFO  RESUMEN DE LA EJECUCION
2026-08-18 12:12:30  INFO  ============================================================
2026-08-18 12:12:30  INFO  Workbooks con version nueva ... 210
2026-08-18 12:12:30  INFO  Descargados correctamente ..... 210
2026-08-18 12:12:30  INFO  Con error ...................... 0
2026-08-18 12:12:30  INFO  Versiones retiradas ............ 0
2026-08-18 12:12:30  INFO  Lotes subidos a GitHub ......... 27
2026-08-18 12:12:30  INFO  Lotes fallidos ................. 0
2026-08-18 12:12:30  INFO  Tiempo total ................... 2m 4s
2026-08-18 12:12:30  INFO  ============================================================
2026-08-18 12:12:30  INFO  BACKUP COMPLETADO SIN ERRORES
2026-08-18 12:12:30  INFO  ============================================================
2026-08-18 12:19:49  INFO  ============================================================
2026-08-18 12:19:49  INFO  BACKUP TABLEAU -> GITHUB
2026-08-18 12:19:49  INFO  ============================================================
2026-08-18 12:19:49  INFO  Configuracion cargada y validada
2026-08-18 12:19:49  INFO  [1/8] Borrando las listas anteriores
2026-08-18 12:19:49  INFO        Listo
2026-08-18 12:19:49  INFO  [2/8] Consultando Oracle (versionado + lista de descarga)
2026-08-18 12:19:51  INFO        Listas generadas
2026-08-18 12:19:51  INFO  [3/8] Leyendo las listas
2026-08-18 12:19:51  INFO        0 workbooks con version nueva que descargar
2026-08-18 12:19:51  INFO        0 versiones marcadas para retirar de GitHub hoy
2026-08-18 12:19:51  INFO  [4/8] Sincronizando con GitHub
2026-08-18 12:20:15  INFO        Carpeta local alineada con el repositorio
2026-08-18 12:20:15  INFO  [5/8] Preparando la carpeta de descargas
2026-08-18 12:20:15  INFO        Nada que retirar hoy
2026-08-18 12:20:15  INFO  [6/8] Conectando con Tableau
2026-08-18 12:20:16  INFO  Signed into https://dub01.online.tableau.com as user with id ae9b04e0-08c6-4b88-9bb9-595a9d2d1fa3
2026-08-18 12:20:16  INFO        Conectado
2026-08-18 12:20:16  INFO  [7/8] Sin workbooks nuevos que descargar
2026-08-18 12:20:16  INFO  Signed out
2026-08-18 12:20:17  INFO  [8/8] Resumen
2026-08-18 12:20:17  INFO  ============================================================
2026-08-18 12:20:17  INFO  RESUMEN DE LA EJECUCION
2026-08-18 12:20:17  INFO  ============================================================
2026-08-18 12:20:17  INFO  Workbooks con version nueva ... 0
2026-08-18 12:20:17  INFO  Descargados correctamente ..... 0
2026-08-18 12:20:17  INFO  Con error ...................... 0
2026-08-18 12:20:17  INFO  Versiones retiradas ............ 0
2026-08-18 12:20:17  INFO  Lotes subidos a GitHub ......... 0
2026-08-18 12:20:17  INFO  Lotes fallidos ................. 0
2026-08-18 12:20:17  INFO  Tiempo total ................... 28s
2026-08-18 12:20:17  INFO  ============================================================
2026-08-18 12:20:17  INFO  BACKUP COMPLETADO SIN ERRORES
2026-08-18 12:20:17  INFO  ============================================================
2026-08-18 12:50:05  INFO  ============================================================
2026-08-18 12:50:05  INFO  BACKUP TABLEAU -> GITHUB
2026-08-18 12:50:05  INFO  ============================================================
2026-08-18 12:50:05  INFO  Configuracion cargada y validada
2026-08-18 12:50:05  INFO  [1/8] Borrando las listas anteriores
2026-08-18 12:50:05  INFO        Listo
2026-08-18 12:50:05  INFO  [2/8] Consultando Oracle (versionado + lista de descarga)
2026-08-18 12:50:08  INFO        Listas generadas
2026-08-18 12:50:08  INFO  [3/8] Leyendo las listas
2026-08-18 12:50:08  INFO        210 workbooks con version nueva que descargar
2026-08-18 12:50:08  INFO        0 versiones marcadas para retirar de GitHub hoy
2026-08-18 12:50:08  INFO  [4/8] Sincronizando con GitHub
2026-08-18 12:50:49  INFO        Carpeta local alineada con el repositorio
2026-08-18 12:50:49  INFO  [5/8] Preparando la carpeta de descargas
2026-08-18 12:50:49  INFO        Nada que retirar hoy
2026-08-18 12:50:49  INFO  [6/8] Conectando con Tableau
2026-08-18 12:50:50  INFO  Signed into https://dub01.online.tableau.com as user with id ae9b04e0-08c6-4b88-9bb9-595a9d2d1fa3
2026-08-18 12:50:50  INFO        Conectado
2026-08-18 12:50:50  INFO  [7/8] Descargando y subiendo en lotes de 8
2026-08-18 12:50:50  INFO    [1/210] Admin Insights Starter (v319)
2026-08-18 12:50:50  INFO          Proyecto: Admin Insights
2026-08-18 12:50:50  INFO          Ya existe en Versiones/, no se descarga de nuevo
2026-08-18 12:50:50  INFO    [2/210] GroupsDescarga (v3)
2026-08-18 12:50:50  INFO          Proyecto: Admin Insights/Control Interno
2026-08-18 12:50:50  INFO          Ya existe en Versiones/, no se descarga de nuevo
2026-08-18 12:50:50  INFO    [3/210] AdminInsightsStarter (v1)
2026-08-18 12:50:50  INFO          Proyecto: Admin Insights/Control Interno
2026-08-18 12:50:50  INFO          Ya existe en Versiones/, no se descarga de nuevo
2026-08-18 12:50:50  INFO    [4/210] SiteContentDescarga (v4)
2026-08-18 12:50:50  INFO          Proyecto: Admin Insights/Control Interno
2026-08-18 12:50:50  INFO          Ya existe en Versiones/, no se descarga de nuevo
2026-08-18 12:50:50  INFO    [5/210] Control (v1)
2026-08-18 12:50:50  INFO          Proyecto: Admin Insights/Control Interno
2026-08-18 12:50:50  INFO          Ya existe en Versiones/, no se descarga de nuevo
2026-08-18 12:50:50  INFO    [6/210] PermissionsDescarga (v4)
2026-08-18 12:50:50  INFO          Proyecto: Admin Insights/Control Interno
2026-08-18 12:50:50  INFO          Ya existe en Versiones/, no se descarga de nuevo
2026-08-18 12:50:50  INFO    [7/210] PlantillaEmpleados (v1)
2026-08-18 12:50:50  INFO          Proyecto: Admin Insights/Control Interno
2026-08-18 12:50:50  INFO          Ya existe en Versiones/, no se descarga de nuevo
2026-08-18 12:50:50  INFO    [8/210] Self Service PRO Anonimizado (v2)
2026-08-18 12:50:50  INFO          Proyecto: Admin Insights/Control Interno
2026-08-18 12:50:50  INFO          Ya existe en Versiones/, no se descarga de nuevo
2026-08-18 12:50:51  INFO    --- Subiendo lote (8/210 workbooks procesados) ---
2026-08-18 12:51:10  INFO          Sin cambios que subir
2026-08-18 12:51:10  INFO          Lote subido
2026-08-18 12:51:11  INFO          8 version(es) marcadas como subidas en Oracle
2026-08-18 12:51:11  INFO    [9/210] Estado_Procesos (v26)
2026-08-18 12:51:11  INFO          Proyecto: Admin Insights/Control Interno
2026-08-18 12:51:11  INFO          Ya existe en Versiones/, no se descarga de nuevo
2026-08-18 12:51:11  INFO    [10/210] TS Event Descarga (v6)
2026-08-18 12:51:11  INFO          Proyecto: Admin Insights/Control Interno
2026-08-18 12:51:11  INFO          Ya existe en Versiones/, no se descarga de nuevo
2026-08-18 12:51:11  INFO    [11/210] SharepointEmployeesList (v1)
2026-08-18 12:51:11  INFO          Proyecto: Admin Insights/Control Interno
2026-08-18 12:51:11  INFO          Ya existe en Versiones/, no se descarga de nuevo
2026-08-18 12:51:11  INFO    [12/210] Venta Interna PRO Anonimizado (v2)
2026-08-18 12:51:11  INFO          Proyecto: Admin Insights/Control Interno
2026-08-18 12:51:11  INFO          Ya existe en Versiones/, no se descarga de nuevo
2026-08-18 12:51:11  INFO    [13/210] Control Grupos, usuarios y actividad (v23)
2026-08-18 12:51:11  INFO          Proyecto: Admin Insights/Control Interno
2026-08-18 12:51:11  INFO          Ya existe en Versiones/, no se descarga de nuevo
2026-08-18 12:51:11  INFO    [14/210] Control Pedidos (v3)
2026-08-18 12:51:11  INFO          Proyecto: Admin Insights/Control Interno
2026-08-18 12:51:11  INFO          Ya existe en Versiones/, no se descarga de nuevo
2026-08-18 12:51:11  INFO    [15/210] Tableau Volume (v7)
2026-08-18 12:51:11  INFO          Proyecto: Admin Insights/Control Interno
2026-08-18 12:51:11  INFO          Ya existe en Versiones/, no se descarga de nuevo
2026-08-18 12:51:11  INFO    [16/210] Tableau Usage (v24)
2026-08-18 12:51:11  INFO          Proyecto: Admin Insights/Control Interno
2026-08-18 12:51:11  INFO          Ya existe en Versiones/, no se descarga de nuevo
2026-08-18 12:51:11  INFO    --- Subiendo lote (16/210 workbooks procesados) ---
2026-08-18 12:51:13  INFO          Sin cambios que subir
2026-08-18 12:51:13  INFO          Lote subido
2026-08-18 12:51:14  INFO          8 version(es) marcadas como subidas en Oracle
2026-08-18 12:51:14  INFO    [17/210] Home (v244)
2026-08-18 12:51:14  INFO          Proyecto: Production
2026-08-18 12:51:14  INFO          Ya existe en Versiones/, no se descarga de nuevo
2026-08-18 12:51:14  INFO    [18/210] Pharma Visits Mex (v6)
2026-08-18 12:51:14  INFO          Proyecto: Production/Dashboards/Hexagono
2026-08-18 12:51:14  INFO          Ya existe en Versiones/, no se descarga de nuevo
2026-08-18 12:51:14  INFO    [19/210] Training & Learning (v34)
2026-08-18 12:51:14  INFO          Proyecto: Production/Dashboards/Hexagono
2026-08-18 12:51:14  INFO          Ya existe en Versiones/, no se descarga de nuevo
2026-08-18 12:51:14  INFO    [20/210] VF Dashboard (v25)
2026-08-18 12:51:14  INFO          Proyecto: Production/Dashboards/Hexagono
2026-08-18 12:51:14  INFO          Ya existe en Versiones/, no se descarga de nuevo
2026-08-18 12:51:14  INFO    [21/210] Digital Marketing PRO (v13)
2026-08-18 12:51:14  INFO          Proyecto: Production/Dashboards/Hexagono
2026-08-18 12:51:14  INFO          Ya existe en Versiones/, no se descarga de nuevo
2026-08-18 12:51:14  INFO    [22/210] Order to Cash PRO (v29)
2026-08-18 12:51:14  INFO          Proyecto: Production/Dashboards/Hexagono
2026-08-18 12:51:14  INFO          Ya existe en Versiones/, no se descarga de nuevo
2026-08-18 12:51:14  INFO    [23/210] Home Hexagon (v13)
2026-08-18 12:51:14  INFO          Proyecto: Production/Dashboards/Hexagono
2026-08-18 12:51:14  INFO          Ya existe en Versiones/, no se descarga de nuevo
2026-08-18 12:51:14  INFO    [24/210] Seguimiento Presupuesto (v2)
2026-08-18 12:51:14  INFO          Proyecto: Production/Dashboards/Performance Sell In
2026-08-18 12:51:14  INFO          Ya existe en Versiones/, no se descarga de nuevo
2026-08-18 12:51:14  INFO    --- Subiendo lote (24/210 workbooks procesados) ---
2026-08-18 12:51:15  INFO          Sin cambios que subir
2026-08-18 12:51:15  INFO          Lote subido
2026-08-18 12:51:15  INFO          8 version(es) marcadas como subidas en Oracle
2026-08-18 12:51:15  INFO    [25/210] Zoom VN (v37)
2026-08-18 12:51:15  INFO          Proyecto: Production/Dashboards/Performance Sell In
2026-08-18 12:51:15  INFO          Ya existe en Versiones/, no se descarga de nuevo
2026-08-18 12:51:15  INFO    [26/210] Daily Net Sales (v9)
2026-08-18 12:51:15  INFO          Proyecto: Production/Dashboards/Performance Sell In
2026-08-18 12:51:15  INFO          Ya existe en Versiones/, no se descarga de nuevo
2026-08-18 12:51:15  INFO    [27/210] Seguimiento Performance Sell In (v37)
2026-08-18 12:51:15  INFO          Proyecto: Production/Dashboards/Performance Sell In
2026-08-18 12:51:15  INFO          Ya existe en Versiones/, no se descarga de nuevo
2026-08-18 12:51:15  INFO    [28/210] Ceco Cuenta (v6)
2026-08-18 12:51:15  INFO          Proyecto: Production/Dashboards/Performance Sell In
2026-08-18 12:51:15  INFO          Ya existe en Versiones/, no se descarga de nuevo
2026-08-18 12:51:15  INFO    [29/210] Self Service PRO (v100)
2026-08-18 12:51:15  INFO          Proyecto: Production/Dashboards/Performance Sell In
2026-08-18 12:51:15  INFO          Ya existe en Versiones/, no se descarga de nuevo
2026-08-18 12:51:15  INFO    [30/210] Termometro Ventas Diarias (v46)
2026-08-18 12:51:15  INFO          Proyecto: Production/Dashboards/Performance Sell In
2026-08-18 12:51:15  INFO          Ya existe en Versiones/, no se descarga de nuevo
2026-08-18 12:51:15  INFO    [31/210] Venta Interna PRO (v69)
2026-08-18 12:51:15  INFO          Proyecto: Production/Dashboards/Performance Sell In
2026-08-18 12:51:15  INFO          Ya existe en Versiones/, no se descarga de nuevo
2026-08-18 12:51:15  INFO    [32/210] Zoom Dtos BU (v11)
2026-08-18 12:51:15  INFO          Proyecto: Production/Dashboards/Performance Sell In
2026-08-18 12:51:15  INFO          Ya existe en Versiones/, no se descarga de nuevo
2026-08-18 12:51:15  INFO    --- Subiendo lote (32/210 workbooks procesados) ---
2026-08-18 12:51:16  INFO          Sin cambios que subir
2026-08-18 12:51:16  INFO          Lote subido
2026-08-18 12:51:16  INFO          8 version(es) marcadas como subidas en Oracle
2026-08-18 12:51:16  INFO    [33/210] Termometro Ventas Mensuales (v47)
2026-08-18 12:51:16  INFO          Proyecto: Production/Dashboards/Performance Sell In
2026-08-18 12:51:16  INFO          Ya existe en Versiones/, no se descarga de nuevo
2026-08-18 12:51:16  INFO    [34/210] Venta Interna - YTD (v1)
2026-08-18 12:51:16  INFO          Proyecto: Production/Dashboards/Performance Sell In
2026-08-18 12:51:16  INFO          Ya existe en Versiones/, no se descarga de nuevo
2026-08-18 12:51:16  INFO    [35/210] PL (v36)
2026-08-18 12:51:16  INFO          Proyecto: Production/Dashboards/Performance Sell In
2026-08-18 12:51:16  INFO          Ya existe en Versiones/, no se descarga de nuevo
2026-08-18 12:51:16  INFO    [36/210] Venta Interna - MTD (v1)
2026-08-18 12:51:16  INFO          Proyecto: Production/Dashboards/Performance Sell In
2026-08-18 12:51:16  INFO          Ya existe en Versiones/, no se descarga de nuevo
2026-08-18 12:51:16  INFO    [37/210] Informe Actividad por Tipo Centro (v24)
2026-08-18 12:51:16  INFO          Proyecto: Production/Dashboards/Ad hoc Reports/BI Local/BI España
2026-08-18 12:51:16  INFO          Ya existe en Versiones/, no se descarga de nuevo
2026-08-18 12:51:16  INFO    [38/210] Proyeccion Preventa Heliocare (v5)
2026-08-18 12:51:16  INFO          Proyecto: Production/Dashboards/Ad hoc Reports/BI Local/BI España
2026-08-18 12:51:16  INFO          Ya existe en Versiones/, no se descarga de nuevo
2026-08-18 12:51:16  INFO    [39/210] Rankings (v69)
2026-08-18 12:51:16  INFO          Proyecto: Production/Dashboards/Ad hoc Reports/BI Local/BI España
2026-08-18 12:51:16  INFO          Ya existe en Versiones/, no se descarga de nuevo
2026-08-18 12:51:16  INFO    [40/210] Analisis por Tipo Venta (v18)
2026-08-18 12:51:16  INFO          Proyecto: Production/Dashboards/Ad hoc Reports/BI Local/BI España
2026-08-18 12:51:16  INFO          Ya existe en Versiones/, no se descarga de nuevo
2026-08-18 12:51:16  INFO    --- Subiendo lote (40/210 workbooks procesados) ---
2026-08-18 12:51:17  INFO          Sin cambios que subir
2026-08-18 12:51:17  INFO          Lote subido
2026-08-18 12:51:17  INFO          8 version(es) marcadas como subidas en Oracle
2026-08-18 12:51:17  INFO    [41/210] CdM Informes Delegado (v59)
2026-08-18 12:51:17  INFO          Proyecto: Production/Dashboards/Ad hoc Reports/BI Local/BI España
2026-08-18 12:51:17  INFO          Ya existe en Versiones/, no se descarga de nuevo
2026-08-18 12:51:17  INFO    [42/210] CdM Area Clientes (v349)
2026-08-18 12:51:17  INFO          Proyecto: Production/Dashboards/Ad hoc Reports/BI Local/BI España
2026-08-18 12:51:17  INFO          Ya existe en Versiones/, no se descarga de nuevo
2026-08-18 12:51:17  INFO    [43/210] CdM Rankings-Area Clientes (v28)
2026-08-18 12:51:17  INFO          Proyecto: Production/Dashboards/Ad hoc Reports/BI Local/BI España
2026-08-18 12:51:17  INFO          Ya existe en Versiones/, no se descarga de nuevo
2026-08-18 12:51:17  INFO    [44/210] CdM PLUS Incentivos (v111)
2026-08-18 12:51:17  INFO          Proyecto: Production/Dashboards/Ad hoc Reports/BI Local/BI España
2026-08-18 12:51:17  INFO          Ya existe en Versiones/, no se descarga de nuevo
2026-08-18 12:51:17  INFO    [45/210] CdM Matrices (v94)
2026-08-18 12:51:17  INFO          Proyecto: Production/Dashboards/Ad hoc Reports/BI Local/BI España
2026-08-18 12:51:17  INFO          Ya existe en Versiones/, no se descarga de nuevo
2026-08-18 12:51:17  INFO    [46/210] CdM Venta Interna (v235)
2026-08-18 12:51:17  INFO          Proyecto: Production/Dashboards/Ad hoc Reports/BI Local/BI España
2026-08-18 12:51:17  INFO          Ya existe en Versiones/, no se descarga de nuevo
2026-08-18 12:51:17  INFO    [47/210] IAD Salesforce (v113)
2026-08-18 12:51:17  INFO          Proyecto: Production/Dashboards/Ad hoc Reports/BI Local/BI España
2026-08-18 12:51:17  INFO          Ya existe en Versiones/, no se descarga de nuevo
2026-08-18 12:51:17  INFO    [48/210] Informe Provision Rappel (v36)
2026-08-18 12:51:17  INFO          Proyecto: Production/Dashboards/Ad hoc Reports/BI Local/BI España
2026-08-18 12:51:17  INFO          Ya existe en Versiones/, no se descarga de nuevo
2026-08-18 12:51:17  INFO    --- Subiendo lote (48/210 workbooks procesados) ---
2026-08-18 12:51:17  INFO          Sin cambios que subir
2026-08-18 12:51:17  INFO          Lote subido
2026-08-18 12:51:18  INFO          8 version(es) marcadas como subidas en Oracle
2026-08-18 12:51:18  INFO    [49/210] CdM Unidades Regulatorio (v7)
2026-08-18 12:51:18  INFO          Proyecto: Production/Dashboards/Ad hoc Reports/BI Local/BI España
2026-08-18 12:51:18  INFO          Ya existe en Versiones/, no se descarga de nuevo
2026-08-18 12:51:18  INFO    [50/210] CdM Red Select Ejecutivo (v60)
2026-08-18 12:51:18  INFO          Proyecto: Production/Dashboards/Ad hoc Reports/BI Local/BI España
2026-08-18 12:51:18  INFO          Ya existe en Versiones/, no se descarga de nuevo
2026-08-18 12:51:18  INFO    [51/210] CdM Sell out (v62)
2026-08-18 12:51:18  INFO          Proyecto: Production/Dashboards/Ad hoc Reports/BI Local/BI España
2026-08-18 12:51:18  INFO          Ya existe en Versiones/, no se descarga de nuevo
2026-08-18 12:51:18  INFO    [52/210] CdM AP Incentivos (v25)
2026-08-18 12:51:18  INFO          Proyecto: Production/Dashboards/Ad hoc Reports/BI Local/BI España
2026-08-18 12:51:18  INFO          Ya existe en Versiones/, no se descarga de nuevo
2026-08-18 12:51:18  INFO    [53/210] KPIs Estrategicos (v6)
2026-08-18 12:51:18  INFO          Proyecto: Production/Dashboards/Ad hoc Reports/BI Local/BI España
2026-08-18 12:51:18  INFO          Ya existe en Versiones/, no se descarga de nuevo
2026-08-18 12:51:18  INFO    [54/210] CdM Clientes - Filtro Facturacion (v31)
2026-08-18 12:51:18  INFO          Proyecto: Production/Dashboards/Ad hoc Reports/BI Local/BI España
2026-08-18 12:51:18  INFO          Ya existe en Versiones/, no se descarga de nuevo
2026-08-18 12:51:18  INFO    [55/210] Estrategia Ciclo (v24)
2026-08-18 12:51:18  INFO          Proyecto: Production/Dashboards/Ad hoc Reports/BI Local/BI España
2026-08-18 12:51:18  INFO          Ya existe en Versiones/, no se descarga de nuevo
2026-08-18 12:51:18  INFO    [56/210] Seguimiento Acuerdos Comerciales (v34)
2026-08-18 12:51:18  INFO          Proyecto: Production/Dashboards/Ad hoc Reports/BI Local/BI España
2026-08-18 12:51:18  INFO          Ya existe en Versiones/, no se descarga de nuevo
2026-08-18 12:51:18  INFO    --- Subiendo lote (56/210 workbooks procesados) ---
2026-08-18 12:51:18  INFO          Sin cambios que subir
2026-08-18 12:51:18  INFO          Lote subido
2026-08-18 12:51:19  INFO          8 version(es) marcadas como subidas en Oracle
2026-08-18 12:51:19  INFO    [57/210] CdM Gastos Red Comercial (v27)
2026-08-18 12:51:19  INFO          Proyecto: Production/Dashboards/Ad hoc Reports/BI Local/BI España
2026-08-18 12:51:19  INFO          Ya existe en Versiones/, no se descarga de nuevo
2026-08-18 12:51:19  INFO    [58/210] CdM Campañas (v30)
2026-08-18 12:51:19  INFO          Proyecto: Production/Dashboards/Ad hoc Reports/BI Local/BI España
2026-08-18 12:51:19  INFO          Ya existe en Versiones/, no se descarga de nuevo
2026-08-18 12:51:19  INFO    [59/210] Analisis Importe Pendiente (v11)
2026-08-18 12:51:19  INFO          Proyecto: Production/Dashboards/Ad hoc Reports/BI Local/BI España
2026-08-18 12:51:19  INFO          Ya existe en Versiones/, no se descarga de nuevo
2026-08-18 12:51:19  INFO    [60/210] CdM CARE Incentivos (v21)
2026-08-18 12:51:19  INFO          Proyecto: Production/Dashboards/Ad hoc Reports/BI Local/BI España
2026-08-18 12:51:19  INFO          Ya existe en Versiones/, no se descarga de nuevo
2026-08-18 12:51:19  INFO    [61/210] Uds Proyectadas (v39)
2026-08-18 12:51:19  INFO          Proyecto: Production/Dashboards/Ad hoc Reports/BI Local/BI España
2026-08-18 12:51:19  INFO          Ya existe en Versiones/, no se descarga de nuevo
2026-08-18 12:51:19  INFO    [62/210] Informe Clientes sin Venta (con Prop.) (v3)
2026-08-18 12:51:19  INFO          Proyecto: Production/Dashboards/Ad hoc Reports/BI Local/BI España
2026-08-18 12:51:19  INFO          Ya existe en Versiones/, no se descarga de nuevo
2026-08-18 12:51:19  INFO    [63/210] CdM DERM Incentivos (v90)
2026-08-18 12:51:19  INFO          Proyecto: Production/Dashboards/Ad hoc Reports/BI Local/BI España
2026-08-18 12:51:19  INFO          Ya existe en Versiones/, no se descarga de nuevo
2026-08-18 12:51:19  INFO    [64/210] CdM COACH Incentivos (v58)
2026-08-18 12:51:19  INFO          Proyecto: Production/Dashboards/Ad hoc Reports/BI Local/BI España
2026-08-18 12:51:19  INFO          Ya existe en Versiones/, no se descarga de nuevo
2026-08-18 12:51:19  INFO    --- Subiendo lote (64/210 workbooks procesados) ---
2026-08-18 12:51:19  INFO          Sin cambios que subir
2026-08-18 12:51:19  INFO          Lote subido
2026-08-18 12:51:20  INFO          8 version(es) marcadas como subidas en Oracle
2026-08-18 12:51:20  INFO    [65/210] CdM Redención (v61)
2026-08-18 12:51:20  INFO          Proyecto: Production/Dashboards/Ad hoc Reports/BI Local/BI España
2026-08-18 12:51:20  INFO          Ya existe en Versiones/, no se descarga de nuevo
2026-08-18 12:51:20  INFO    [66/210] CdM Preventas (v52)
2026-08-18 12:51:20  INFO          Proyecto: Production/Dashboards/Ad hoc Reports/BI Local/BI España
2026-08-18 12:51:20  INFO          Ya existe en Versiones/, no se descarga de nuevo
2026-08-18 12:51:20  INFO    [67/210] Analisis de Mercados (v35)
2026-08-18 12:51:20  INFO          Proyecto: Production/Dashboards/Ad hoc Reports/BI Local/BI España
2026-08-18 12:51:20  INFO          Ya existe en Versiones/, no se descarga de nuevo
2026-08-18 12:51:20  INFO    [68/210] CdM Tarifa de Precios y Uds Caja (v26)
2026-08-18 12:51:20  INFO          Proyecto: Production/Dashboards/Ad hoc Reports/BI Local/BI España
2026-08-18 12:51:20  INFO          Ya existe en Versiones/, no se descarga de nuevo
2026-08-18 12:51:20  INFO    [69/210] Seguridad Dashboards (v12)
2026-08-18 12:51:20  INFO          Proyecto: Production/Dashboards/Ad hoc Reports/BI Local/BI España
2026-08-18 12:51:20  INFO          Ya existe en Versiones/, no se descarga de nuevo
2026-08-18 12:51:20  INFO    [70/210] CdM Matrices Cosm (v13)
2026-08-18 12:51:20  INFO          Proyecto: Production/Dashboards/Ad hoc Reports/BI Local/BI España
2026-08-18 12:51:20  INFO          Ya existe en Versiones/, no se descarga de nuevo
2026-08-18 12:51:20  INFO    [71/210] CdM Integral - Actividad (v131)
2026-08-18 12:51:20  INFO          Proyecto: Production/Dashboards/Ad hoc Reports/BI Local/BI España
2026-08-18 12:51:20  INFO          Ya existe en Versiones/, no se descarga de nuevo
2026-08-18 12:51:20  INFO    [72/210] Analisis Packs (v13)
2026-08-18 12:51:20  INFO          Proyecto: Production/Dashboards/Ad hoc Reports/BI Local/BI España
2026-08-18 12:51:20  INFO          Ya existe en Versiones/, no se descarga de nuevo
2026-08-18 12:51:20  INFO    --- Subiendo lote (72/210 workbooks procesados) ---
2026-08-18 12:51:20  INFO          Sin cambios que subir
2026-08-18 12:51:20  INFO          Lote subido
2026-08-18 12:51:21  INFO          8 version(es) marcadas como subidas en Oracle
2026-08-18 12:51:21  INFO    [73/210] CdM Area Clientes Self Service (v115)
2026-08-18 12:51:21  INFO          Proyecto: Production/Dashboards/Ad hoc Reports/BI Local/BI España
2026-08-18 12:51:21  INFO          Ya existe en Versiones/, no se descarga de nuevo
2026-08-18 12:51:21  INFO    [74/210] CdM NEO Incentivos (v85)
2026-08-18 12:51:21  INFO          Proyecto: Production/Dashboards/Ad hoc Reports/BI Local/BI España
2026-08-18 12:51:21  INFO          Ya existe en Versiones/, no se descarga de nuevo
2026-08-18 12:51:21  INFO    [75/210] Presupuesto Internas (v34)
2026-08-18 12:51:21  INFO          Proyecto: Production/Dashboards/Ad hoc Reports/BI Local/BI España
2026-08-18 12:51:21  INFO          Ya existe en Versiones/, no se descarga de nuevo
2026-08-18 12:51:21  INFO    [76/210] Informe Incentivos Cobrados (v6)
2026-08-18 12:51:21  INFO          Proyecto: Production/Dashboards/Ad hoc Reports/BI Local/BI España
2026-08-18 12:51:21  INFO          Ya existe en Versiones/, no se descarga de nuevo
2026-08-18 12:51:21  INFO    [77/210] CdM SKIN Incentivos (v85)
2026-08-18 12:51:21  INFO          Proyecto: Production/Dashboards/Ad hoc Reports/BI Local/BI España
2026-08-18 12:51:21  INFO          Ya existe en Versiones/, no se descarga de nuevo
2026-08-18 12:51:21  INFO    [78/210] CdM Select Self Service (v24)
2026-08-18 12:51:21  INFO          Proyecto: Production/Dashboards/Ad hoc Reports/BI Local/BI España
2026-08-18 12:51:21  INFO          Ya existe en Versiones/, no se descarga de nuevo
2026-08-18 12:51:21  INFO    [79/210] CdM Integral Self Service AA (v58)
2026-08-18 12:51:21  INFO          Proyecto: Production/Dashboards/Ad hoc Reports/BI Local/BI España
2026-08-18 12:51:21  INFO          Ya existe en Versiones/, no se descarga de nuevo
2026-08-18 12:51:21  INFO    [80/210] CdM Incentivos Global (v16)
2026-08-18 12:51:21  INFO          Proyecto: Production/Dashboards/Ad hoc Reports/BI Local/BI España
2026-08-18 12:51:21  INFO          Ya existe en Versiones/, no se descarga de nuevo
2026-08-18 12:51:21  INFO    --- Subiendo lote (80/210 workbooks procesados) ---
2026-08-18 12:51:21  INFO          Sin cambios que subir
2026-08-18 12:51:21  INFO          Lote subido
2026-08-18 12:51:22  INFO          8 version(es) marcadas como subidas en Oracle
2026-08-18 12:51:22  INFO    [81/210] Auditoria Cod JDE - Cod SF (v9)
2026-08-18 12:51:22  INFO          Proyecto: Production/Dashboards/Ad hoc Reports/BI Local/BI España/Informes Automaticos
2026-08-18 12:51:22  INFO          Ya existe en Versiones/, no se descarga de nuevo
2026-08-18 12:51:22  INFO    [82/210] CdM SRI Producto Agrupado YTD (v3)
2026-08-18 12:51:22  INFO          Proyecto: Production/Dashboards/Ad hoc Reports/BI Local/BI España/Informes Automaticos
2026-08-18 12:51:22  INFO          Ya existe en Versiones/, no se descarga de nuevo
2026-08-18 12:51:22  INFO    [83/210] CdM Venta Interna Detalle Marca MTD (v5)
2026-08-18 12:51:22  INFO          Proyecto: Production/Dashboards/Ad hoc Reports/BI Local/BI España/Informes Automaticos
2026-08-18 12:51:22  INFO          Ya existe en Versiones/, no se descarga de nuevo
2026-08-18 12:51:22  INFO    [84/210] CdM Venta Interna Detalle Producto Agrupado YTD (v6)
2026-08-18 12:51:22  INFO          Proyecto: Production/Dashboards/Ad hoc Reports/BI Local/BI España/Informes Automaticos
2026-08-18 12:51:22  INFO          Ya existe en Versiones/, no se descarga de nuevo
2026-08-18 12:51:22  INFO    [85/210] CdM SRI Marca YTD (v3)
2026-08-18 12:51:22  INFO          Proyecto: Production/Dashboards/Ad hoc Reports/BI Local/BI España/Informes Automaticos
2026-08-18 12:51:22  INFO          Ya existe en Versiones/, no se descarga de nuevo
2026-08-18 12:51:22  INFO    [86/210] CdM Venta Interna Detalle Marca YTD (v10)
2026-08-18 12:51:22  INFO          Proyecto: Production/Dashboards/Ad hoc Reports/BI Local/BI España/Informes Automaticos
2026-08-18 12:51:22  INFO          Ya existe en Versiones/, no se descarga de nuevo
2026-08-18 12:51:22  INFO    [87/210] CdM SRI Producto Agrupado MTD (v2)
2026-08-18 12:51:22  INFO          Proyecto: Production/Dashboards/Ad hoc Reports/BI Local/BI España/Informes Automaticos
2026-08-18 12:51:22  INFO          Ya existe en Versiones/, no se descarga de nuevo
2026-08-18 12:51:22  INFO    [88/210] CdM Venta Interna Detalle Producto Agrupado MTD (v5)
2026-08-18 12:51:22  INFO          Proyecto: Production/Dashboards/Ad hoc Reports/BI Local/BI España/Informes Automaticos
2026-08-18 12:51:22  INFO          Ya existe en Versiones/, no se descarga de nuevo
2026-08-18 12:51:22  INFO    --- Subiendo lote (88/210 workbooks procesados) ---
2026-08-18 12:51:22  INFO          Sin cambios que subir
2026-08-18 12:51:22  INFO          Lote subido
2026-08-18 12:51:23  INFO          8 version(es) marcadas como subidas en Oracle
2026-08-18 12:51:23  INFO    [89/210] CdM SRI Marca MTD (v2)
2026-08-18 12:51:23  INFO          Proyecto: Production/Dashboards/Ad hoc Reports/BI Local/BI España/Informes Automaticos
2026-08-18 12:51:23  INFO          Ya existe en Versiones/, no se descarga de nuevo
2026-08-18 12:51:23  INFO    [90/210] CdM Clinics Visits - 2024 (v7)
2026-08-18 12:51:23  INFO          Proyecto: Production/Dashboards/Ad hoc Reports/BI Local/BI Portugal
2026-08-18 12:51:23  INFO          Ya existe en Versiones/, no se descarga de nuevo
2026-08-18 12:51:23  INFO    [91/210] Cdm Sellin (v95)
2026-08-18 12:51:23  INFO          Proyecto: Production/Dashboards/Ad hoc Reports/BI Local/BI Portugal
2026-08-18 12:51:23  INFO          Ya existe en Versiones/, no se descarga de nuevo
2026-08-18 12:51:23  INFO    [92/210] Rankings (v27)
2026-08-18 12:51:23  INFO          Proyecto: Production/Dashboards/Ad hoc Reports/BI Local/BI Portugal
2026-08-18 12:51:23  INFO          Ya existe en Versiones/, no se descarga de nuevo
2026-08-18 12:51:23  INFO    [93/210] Report Portugal (v11)
2026-08-18 12:51:23  INFO          Proyecto: Production/Dashboards/Ad hoc Reports/BI Local/BI Portugal
2026-08-18 12:51:23  INFO          Ya existe en Versiones/, no se descarga de nuevo
2026-08-18 12:51:23  INFO    [94/210] CdM Pharmacy Visits (v23)
2026-08-18 12:51:23  INFO          Proyecto: Production/Dashboards/Ad hoc Reports/BI Local/BI Portugal
2026-08-18 12:51:23  INFO          Ya existe en Versiones/, no se descarga de nuevo
2026-08-18 12:51:23  INFO    [95/210] CdM Clinics Visits (v82)
2026-08-18 12:51:23  INFO          Proyecto: Production/Dashboards/Ad hoc Reports/BI Local/BI Portugal
2026-08-18 12:51:23  INFO          Ya existe en Versiones/, no se descarga de nuevo
2026-08-18 12:51:23  INFO    [96/210] CdM Clinics Visits - 2025 (v4)
2026-08-18 12:51:23  INFO          Proyecto: Production/Dashboards/Ad hoc Reports/BI Local/BI Portugal
2026-08-18 12:51:23  INFO          Ya existe en Versiones/, no se descarga de nuevo
2026-08-18 12:51:23  INFO    --- Subiendo lote (96/210 workbooks procesados) ---
2026-08-18 12:51:23  INFO          Sin cambios que subir
2026-08-18 12:51:23  INFO          Lote subido
2026-08-18 12:51:24  INFO          8 version(es) marcadas como subidas en Oracle
2026-08-18 12:51:24  INFO    [97/210] Cdm Sellin SS (v12)
2026-08-18 12:51:24  INFO          Proyecto: Production/Dashboards/Ad hoc Reports/BI Local/BI Portugal
2026-08-18 12:51:24  INFO          Ya existe en Versiones/, no se descarga de nuevo
2026-08-18 12:51:24  INFO    [98/210] Kam Review (v130)
2026-08-18 12:51:24  INFO          Proyecto: Production/Dashboards/Ad hoc Reports/BI Local/BI International
2026-08-18 12:51:24  INFO          Ya existe en Versiones/, no se descarga de nuevo
2026-08-18 12:51:24  INFO    [99/210] Kam Review Histórico (v31)
2026-08-18 12:51:24  INFO          Proyecto: Production/Dashboards/Ad hoc Reports/BI Local/BI International
2026-08-18 12:51:24  INFO          Ya existe en Versiones/, no se descarga de nuevo
2026-08-18 12:51:24  INFO    [100/210] Uds Proyectadas Internacional (v13)
2026-08-18 12:51:24  INFO          Proyecto: Production/Dashboards/Ad hoc Reports/BI Local/BI International
2026-08-18 12:51:24  INFO          Ya existe en Versiones/, no se descarga de nuevo
2026-08-18 12:51:24  INFO    [101/210] Andromedapp (v15)
2026-08-18 12:51:24  INFO          Proyecto: Production/Dashboards/Ad hoc Reports/BI Local/BI México
2026-08-18 12:51:24  INFO          Ya existe en Versiones/, no se descarga de nuevo
2026-08-18 12:51:24  INFO    [102/210] Fill Rate a Detalle (v21)
2026-08-18 12:51:24  INFO          Proyecto: Production/Dashboards/Ad hoc Reports/BI Local/BI México/Mockups IBS
2026-08-18 12:51:24  INFO          Ya existe en Versiones/, no se descarga de nuevo
2026-08-18 12:51:24  INFO    [103/210] Tablero rentabilidad (v2)
2026-08-18 12:51:24  INFO          Proyecto: Production/Dashboards/Ad hoc Reports/BI Local/BI México/Mockups IBS
2026-08-18 12:51:24  INFO          Ya existe en Versiones/, no se descarga de nuevo
2026-08-18 12:51:24  INFO    [104/210] Plan de la Demanda (v3)
2026-08-18 12:51:24  INFO          Proyecto: Production/Dashboards/Ad hoc Reports/BI Local/BI México/Mockups IBS
2026-08-18 12:51:24  INFO          Ya existe en Versiones/, no se descarga de nuevo
2026-08-18 12:51:24  INFO    --- Subiendo lote (104/210 workbooks procesados) ---
2026-08-18 12:51:24  INFO          Sin cambios que subir
2026-08-18 12:51:24  INFO          Lote subido
2026-08-18 12:51:25  INFO          8 version(es) marcadas como subidas en Oracle
2026-08-18 12:51:25  INFO    [105/210] Conciliacion_Financiera (v2)
2026-08-18 12:51:25  INFO          Proyecto: Production/Dashboards/Ad hoc Reports/BI Local/BI México/Mockups IBS
2026-08-18 12:51:25  INFO          Ya existe en Versiones/, no se descarga de nuevo
2026-08-18 12:51:25  INFO    [106/210] Plan de inventarios (v2)
2026-08-18 12:51:25  INFO          Proyecto: Production/Dashboards/Ad hoc Reports/BI Local/BI México/Mockups IBS
2026-08-18 12:51:25  INFO          Ya existe en Versiones/, no se descarga de nuevo
2026-08-18 12:51:25  INFO    [107/210] Reporte Diario de Ventas (v29)
2026-08-18 12:51:25  INFO          Proyecto: Production/Dashboards/Ad hoc Reports/BI Local/BI México/Mockups IBS
2026-08-18 12:51:25  INFO          Ya existe en Versiones/, no se descarga de nuevo
2026-08-18 12:51:25  INFO    [108/210] CdM Stangest (v15)
2026-08-18 12:51:25  INFO          Proyecto: Production/Dashboards/Ad hoc Reports/BI Local/BI Stangest
2026-08-18 12:51:25  INFO          Ya existe en Versiones/, no se descarga de nuevo
2026-08-18 12:51:25  INFO    [109/210] CdM Sell out TOTY (v6)
2026-08-18 12:51:25  INFO          Proyecto: Production/Dashboards/Ad hoc Reports/BI Local/BI Toty
2026-08-18 12:51:25  INFO          Ya existe en Versiones/, no se descarga de nuevo
2026-08-18 12:51:25  INFO    [110/210] Client Corporate Catalog (v3)
2026-08-18 12:51:25  INFO          Proyecto: Production/Dashboards/MDM
2026-08-18 12:51:25  INFO          Ya existe en Versiones/, no se descarga de nuevo
2026-08-18 12:51:25  INFO    [111/210] JDE Product Catalog (v41)
2026-08-18 12:51:25  INFO          Proyecto: Production/Dashboards/MDM
2026-08-18 12:51:25  INFO          Ya existe en Versiones/, no se descarga de nuevo
2026-08-18 12:51:25  INFO    [112/210] CdM Data Source y Workbook (v22)
2026-08-18 12:51:25  INFO          Proyecto: Production/Dashboards/MDM
2026-08-18 12:51:25  INFO          Ya existe en Versiones/, no se descarga de nuevo
2026-08-18 12:51:25  INFO    --- Subiendo lote (112/210 workbooks procesados) ---
2026-08-18 12:51:25  INFO          Sin cambios que subir
2026-08-18 12:51:25  INFO          Lote subido
2026-08-18 12:51:26  INFO          8 version(es) marcadas como subidas en Oracle
2026-08-18 12:51:26  INFO    [113/210] Product Corporate Catalog (v106)
2026-08-18 12:51:26  INFO          Proyecto: Production/Dashboards/MDM
2026-08-18 12:51:26  INFO          Ya existe en Versiones/, no se descarga de nuevo
2026-08-18 12:51:26  INFO    [114/210] JDE Logistics Product Catalog (v8)
2026-08-18 12:51:26  INFO          Proyecto: Production/Dashboards/MDM
2026-08-18 12:51:26  INFO          Ya existe en Versiones/, no se descarga de nuevo
2026-08-18 12:51:26  INFO    [115/210] Glossary (v12)
2026-08-18 12:51:26  INFO          Proyecto: Production/Dashboards/MDM
2026-08-18 12:51:26  INFO          Ya existe en Versiones/, no se descarga de nuevo
2026-08-18 12:51:26  INFO    [116/210] Tableau Usage (v7)
2026-08-18 12:51:26  INFO          Proyecto: Production/Dashboards/MDM
2026-08-18 12:51:26  INFO          Ya existe en Versiones/, no se descarga de nuevo
2026-08-18 12:51:26  INFO    [117/210] Dashboard Catalog (v1)
2026-08-18 12:51:26  INFO          Proyecto: Production/Dashboards/MDM
2026-08-18 12:51:26  INFO          Ya existe en Versiones/, no se descarga de nuevo
2026-08-18 12:51:26  INFO    [118/210] KPIs Demand (v10)
2026-08-18 12:51:26  INFO          Proyecto: Production/Dashboards/Supply Chain
2026-08-18 12:51:26  INFO          Ya existe en Versiones/, no se descarga de nuevo
2026-08-18 12:51:26  INFO    [119/210] Lanzamientos (v146)
2026-08-18 12:51:26  INFO          Proyecto: Production/Dashboards/Supply Chain
2026-08-18 12:51:26  INFO          Ya existe en Versiones/, no se descarga de nuevo
2026-08-18 12:51:26  INFO    [120/210] Apro vs Demanda (v4)
2026-08-18 12:51:26  INFO          Proyecto: Production/Dashboards/Supply Chain
2026-08-18 12:51:26  INFO          Ya existe en Versiones/, no se descarga de nuevo
2026-08-18 12:51:26  INFO    --- Subiendo lote (120/210 workbooks procesados) ---
2026-08-18 12:51:26  INFO          Sin cambios que subir
2026-08-18 12:51:26  INFO          Lote subido
2026-08-18 12:51:27  INFO          8 version(es) marcadas como subidas en Oracle
2026-08-18 12:51:27  INFO    [121/210] Pedidos (v45)
2026-08-18 12:51:27  INFO          Proyecto: Production/Dashboards/Supply Chain
2026-08-18 12:51:27  INFO          Ya existe en Versiones/, no se descarga de nuevo
2026-08-18 12:51:27  INFO    [122/210] Triangulo Previsiones (v14)
2026-08-18 12:51:27  INFO          Proyecto: Production/Dashboards/Supply Chain
2026-08-18 12:51:27  INFO          Ya existe en Versiones/, no se descarga de nuevo
2026-08-18 12:51:27  INFO    [123/210] Inventario (v16)
2026-08-18 12:51:27  INFO          Proyecto: Production/Dashboards/Supply Chain
2026-08-18 12:51:27  INFO          Ya existe en Versiones/, no se descarga de nuevo
2026-08-18 12:51:27  INFO    [124/210] Aprovisionamiento Interno (v1)
2026-08-18 12:51:27  INFO          Proyecto: Production/Dashboards/Supply Chain
2026-08-18 12:51:27  INFO          Ya existe en Versiones/, no se descarga de nuevo
2026-08-18 12:51:27  INFO    [125/210] Stocks (v51)
2026-08-18 12:51:27  INFO          Proyecto: Production/Dashboards/Supply Chain
2026-08-18 12:51:27  INFO          Ya existe en Versiones/, no se descarga de nuevo
2026-08-18 12:51:27  INFO    [126/210] Unhealthy Stock Detail Table (v21)
2026-08-18 12:51:27  INFO          Proyecto: Production/Dashboards/Supply Chain
2026-08-18 12:51:27  INFO          Ya existe en Versiones/, no se descarga de nuevo
2026-08-18 12:51:27  INFO    [127/210] CdM Supply (v31)
2026-08-18 12:51:27  INFO          Proyecto: Production/Dashboards/Supply Chain
2026-08-18 12:51:27  INFO          Ya existe en Versiones/, no se descarga de nuevo
2026-08-18 12:51:27  INFO    [128/210] Consumos (v9)
2026-08-18 12:51:27  INFO          Proyecto: Production/Dashboards/Supply Chain
2026-08-18 12:51:27  INFO          Ya existe en Versiones/, no se descarga de nuevo
2026-08-18 12:51:27  INFO    --- Subiendo lote (128/210 workbooks procesados) ---
2026-08-18 12:51:27  INFO          Sin cambios que subir
2026-08-18 12:51:27  INFO          Lote subido
2026-08-18 12:51:28  INFO          8 version(es) marcadas como subidas en Oracle
2026-08-18 12:51:28  INFO    [129/210] Servicio (v16)
2026-08-18 12:51:28  INFO          Proyecto: Production/Dashboards/Supply Chain
2026-08-18 12:51:28  INFO          Ya existe en Versiones/, no se descarga de nuevo
2026-08-18 12:51:28  INFO    [130/210] Aprovisionamiento Semanal (v27)
2026-08-18 12:51:28  INFO          Proyecto: Production/Dashboards/Supply Chain
2026-08-18 12:51:28  INFO          Ya existe en Versiones/, no se descarga de nuevo
2026-08-18 12:51:28  INFO    [131/210] CdM Compras (v23)
2026-08-18 12:51:28  INFO          Proyecto: Production/Dashboards/Supply Chain
2026-08-18 12:51:28  INFO          Ya existe en Versiones/, no se descarga de nuevo
2026-08-18 12:51:28  INFO    [132/210] CdM Logistica (v9)
2026-08-18 12:51:28  INFO          Proyecto: Production/Dashboards/Supply Chain
2026-08-18 12:51:28  INFO          Ya existe en Versiones/, no se descarga de nuevo
2026-08-18 12:51:28  INFO    [133/210] Forecast Grouped (v4)
2026-08-18 12:51:28  INFO          Proyecto: Production/Dashboards/Supply Chain
2026-08-18 12:51:28  INFO          Ya existe en Versiones/, no se descarga de nuevo
2026-08-18 12:51:28  INFO    [134/210] Unhealthy Stock (v64)
2026-08-18 12:51:28  INFO          Proyecto: Production/Dashboards/Supply Chain
2026-08-18 12:51:28  INFO          Ya existe en Versiones/, no se descarga de nuevo
2026-08-18 12:51:28  INFO    [135/210] Pallets (v70)
2026-08-18 12:51:28  INFO          Proyecto: Production/Dashboards/Supply Chain
2026-08-18 12:51:28  INFO          Ya existe en Versiones/, no se descarga de nuevo
2026-08-18 12:51:28  INFO    [136/210] Compras (v73)
2026-08-18 12:51:28  INFO          Proyecto: Production/Dashboards/Supply Chain
2026-08-18 12:51:28  INFO          Ya existe en Versiones/, no se descarga de nuevo
2026-08-18 12:51:28  INFO    --- Subiendo lote (136/210 workbooks procesados) ---
2026-08-18 12:51:28  INFO          Sin cambios que subir
2026-08-18 12:51:28  INFO          Lote subido
2026-08-18 12:51:29  INFO          8 version(es) marcadas como subidas en Oracle
2026-08-18 12:51:29  INFO    [137/210] CdM Demand (v39)
2026-08-18 12:51:29  INFO          Proyecto: Production/Dashboards/Supply Chain
2026-08-18 12:51:29  INFO          Ya existe en Versiones/, no se descarga de nuevo
2026-08-18 12:51:29  INFO    [138/210] Stock Cuarentena (v9)
2026-08-18 12:51:29  INFO          Proyecto: Production/Dashboards/Supply Chain
2026-08-18 12:51:29  INFO          Ya existe en Versiones/, no se descarga de nuevo
2026-08-18 12:51:29  INFO    [139/210] Coberturas (v12)
2026-08-18 12:51:29  INFO          Proyecto: Production/Dashboards/Supply Chain
2026-08-18 12:51:29  INFO          Ya existe en Versiones/, no se descarga de nuevo
2026-08-18 12:51:29  INFO    [140/210] Recepciones (v25)
2026-08-18 12:51:29  INFO          Proyecto: Production/Dashboards/Supply Chain
2026-08-18 12:51:29  INFO          Ya existe en Versiones/, no se descarga de nuevo
2026-08-18 12:51:29  INFO    [141/210] ModuloKajalForecasting (v199)
2026-08-18 12:51:29  INFO          Proyecto: Production/Dashboards/Supply Chain/Demand Planning
2026-08-18 12:51:29  INFO          Ya existe en Versiones/, no se descarga de nuevo
2026-08-18 12:51:29  INFO    [142/210] Kajal Home (v2)
2026-08-18 12:51:29  INFO          Proyecto: Production/Dashboards/Supply Chain/Demand Planning
2026-08-18 12:51:29  INFO          Ya existe en Versiones/, no se descarga de nuevo
2026-08-18 12:51:29  INFO    [143/210] Self service (v60)
2026-08-18 12:51:29  INFO          Proyecto: Production/Dashboards/Supply Chain/Demand Planning
2026-08-18 12:51:29  INFO          Ya existe en Versiones/, no se descarga de nuevo
2026-08-18 12:51:29  INFO    [144/210] Presupuesto (v40)
2026-08-18 12:51:29  INFO          Proyecto: Production/Dashboards/Supply Chain/Demand Planning
2026-08-18 12:51:29  INFO          Ya existe en Versiones/, no se descarga de nuevo
2026-08-18 12:51:29  INFO    --- Subiendo lote (144/210 workbooks procesados) ---
2026-08-18 12:51:29  INFO          Sin cambios que subir
2026-08-18 12:51:29  INFO          Lote subido
2026-08-18 12:51:30  INFO          8 version(es) marcadas como subidas en Oracle
2026-08-18 12:51:30  INFO    [145/210] ModuloKajalAnalytics (v138)
2026-08-18 12:51:30  INFO          Proyecto: Production/Dashboards/Supply Chain/Demand Planning
2026-08-18 12:51:30  INFO          Ya existe en Versiones/, no se descarga de nuevo
2026-08-18 12:51:30  INFO    [146/210] ModuloKajalInventory (v85)
2026-08-18 12:51:30  INFO          Proyecto: Production/Dashboards/Supply Chain/Demand Planning
2026-08-18 12:51:30  INFO          Ya existe en Versiones/, no se descarga de nuevo
2026-08-18 12:51:30  INFO    [147/210] CdM Calidad (v45)
2026-08-18 12:51:30  INFO          Proyecto: Production/Dashboards/Industrial
2026-08-18 12:51:30  INFO          Ya existe en Versiones/, no se descarga de nuevo
2026-08-18 12:51:30  INFO    [148/210] CdM Industrial Torrejon (v43)
2026-08-18 12:51:30  INFO          Proyecto: Production/Dashboards/Industrial
2026-08-18 12:51:30  INFO          Ya existe en Versiones/, no se descarga de nuevo
2026-08-18 12:51:30  INFO    [149/210] CdM Financiero (v35)
2026-08-18 12:51:30  INFO          Proyecto: Production/Dashboards/Industrial
2026-08-18 12:51:30  INFO          Ya existe en Versiones/, no se descarga de nuevo
2026-08-18 12:51:30  INFO    [150/210] CdM Industrial La Concha (v8)
2026-08-18 12:51:30  INFO          Proyecto: Production/Dashboards/Industrial
2026-08-18 12:51:30  INFO          Ya existe en Versiones/, no se descarga de nuevo
2026-08-18 12:51:30  INFO    [151/210] CdM Produccion (v39)
2026-08-18 12:51:30  INFO          Proyecto: Production/Dashboards/Industrial
2026-08-18 12:51:30  INFO          Ya existe en Versiones/, no se descarga de nuevo
2026-08-18 12:51:30  INFO    [152/210] CdM Summary (v16)
2026-08-18 12:51:30  INFO          Proyecto: Production/Dashboards/Industrial
2026-08-18 12:51:30  INFO          Ya existe en Versiones/, no se descarga de nuevo
2026-08-18 12:51:30  INFO    --- Subiendo lote (152/210 workbooks procesados) ---
2026-08-18 12:51:30  INFO          Sin cambios que subir
2026-08-18 12:51:30  INFO          Lote subido
2026-08-18 12:51:31  INFO          8 version(es) marcadas como subidas en Oracle
2026-08-18 12:51:31  INFO    [153/210] CdM Ingenieria (v38)
2026-08-18 12:51:31  INFO          Proyecto: Production/Dashboards/Industrial
2026-08-18 12:51:31  INFO          Ya existe en Versiones/, no se descarga de nuevo
2026-08-18 12:51:31  INFO    [154/210] Observatorio Heliocare - ShopperTec (v23)
2026-08-18 12:51:31  INFO          Proyecto: Production/Dashboards/Clientes
2026-08-18 12:51:31  INFO          Ya existe en Versiones/, no se descarga de nuevo
2026-08-18 12:51:31  INFO    [155/210] CdM Commercial Performance (v58)
2026-08-18 12:51:31  INFO          Proyecto: Production/Dashboards/Commercial Performance
2026-08-18 12:51:31  INFO          Ya existe en Versiones/, no se descarga de nuevo
2026-08-18 12:51:31  INFO    [156/210] Observatorio Heliocare - ShopperTec v2 (v1)
2026-08-18 12:51:31  INFO          Proyecto: Development/Mockups
2026-08-18 12:51:31  INFO          Ya existe en Versiones/, no se descarga de nuevo
2026-08-18 12:51:31  INFO    [157/210] Mockup VF/KAM/e-KAM v3 (v5)
2026-08-18 12:51:31  INFO          Proyecto: Development/Mockups
2026-08-18 12:51:31  INFO          Ya existe en Versiones/, no se descarga de nuevo
2026-08-18 12:51:31  INFO    [158/210] Template Tableau (v1)
2026-08-18 12:51:31  INFO          Proyecto: Development/Ad hoc Reports
2026-08-18 12:51:31  INFO          Ya existe en Versiones/, no se descarga de nuevo
2026-08-18 12:51:31  INFO    [159/210] Consulta filtrado por Importe a nivel MARCA-PEDIDO (v2)
2026-08-18 12:51:31  INFO          Proyecto: Development/Ad hoc Reports/Spain
2026-08-18 12:51:31  INFO          Ya existe en Versiones/, no se descarga de nuevo
2026-08-18 12:51:31  INFO    [160/210] CdM Area Clientes_BACKUP (v1)
2026-08-18 12:51:31  INFO          Proyecto: Development/Ad hoc Reports/Spain
2026-08-18 12:51:31  INFO          Ya existe en Versiones/, no se descarga de nuevo
2026-08-18 12:51:31  INFO    --- Subiendo lote (160/210 workbooks procesados) ---
2026-08-18 12:51:33  INFO          Sin cambios que subir
2026-08-18 12:51:33  INFO          Lote subido
2026-08-18 12:51:33  INFO          8 version(es) marcadas como subidas en Oracle
2026-08-18 12:51:33  INFO    [161/210] 3. GOLD_20/01/2025_Añadir Importe pendiente (v1)
2026-08-18 12:51:33  INFO          Proyecto: Development/Ad hoc Reports/Spain
2026-08-18 12:51:33  INFO          Ya existe en Versiones/, no se descarga de nuevo
2026-08-18 12:51:33  INFO    [162/210] CdM Area Clientes_Ranking Gerentes y Propietarios_Cambios v2 (v10)
2026-08-18 12:51:33  INFO          Proyecto: Development/Ad hoc Reports/Spain
2026-08-18 12:51:33  INFO          Ya existe en Versiones/, no se descarga de nuevo
2026-08-18 12:51:33  INFO    [163/210] Clientes en crecimiento (v10)
2026-08-18 12:51:33  INFO          Proyecto: Development/Ad hoc Reports/Italy
2026-08-18 12:51:33  INFO          Ya existe en Versiones/, no se descarga de nuevo
2026-08-18 12:51:33  INFO    [164/210] Progetto_v3 (v3)
2026-08-18 12:51:33  INFO          Proyecto: Development/Ad hoc Reports/Italy
2026-08-18 12:51:33  INFO          Ya existe en Versiones/, no se descarga de nuevo
2026-08-18 12:51:33  INFO    [165/210] PROGETTO_V2 (v1)
2026-08-18 12:51:33  INFO          Proyecto: Development/Ad hoc Reports/Italy
2026-08-18 12:51:33  INFO          Ya existe en Versiones/, no se descarga de nuevo
2026-08-18 12:51:33  INFO    [166/210] CdM Sell In (v34)
2026-08-18 12:51:33  INFO          Proyecto: Development/Ad hoc Reports/Stangest
2026-08-18 12:51:33  INFO          Ya existe en Versiones/, no se descarga de nuevo
2026-08-18 12:51:33  INFO    [167/210] Dashboard Ventas Por Distrito & Ano (v1)
2026-08-18 12:51:33  INFO          Proyecto: Development/Ad hoc Reports/Portugal
2026-08-18 12:51:33  INFO          Ya existe en Versiones/, no se descarga de nuevo
2026-08-18 12:51:33  INFO    [168/210] Dashboard Ventas Marca Por Delegada (v1)
2026-08-18 12:51:33  INFO          Proyecto: Development/Ad hoc Reports/Portugal
2026-08-18 12:51:33  INFO          Ya existe en Versiones/, no se descarga de nuevo
2026-08-18 12:51:33  INFO    --- Subiendo lote (168/210 workbooks procesados) ---
2026-08-18 12:51:37  INFO          Locking support detected on remote "origin". Consider enabling it with:
2026-08-18 12:51:37  INFO            $ git config lfs.https://cantabrialabs.ghe.com/cantabrialabs-it/CLabs-Tableau.git/info/lfs.locksverify true
2026-08-18 12:51:38  INFO          To https://cantabrialabs.ghe.com/cantabrialabs-it/CLabs-Tableau.git
2026-08-18 12:51:38  INFO             9a76ea9..1f6c12b  main -> main
2026-08-18 12:51:38  INFO          Lote subido
2026-08-18 12:51:38  INFO          8 version(es) marcadas como subidas en Oracle
2026-08-18 12:51:38  INFO    [169/210] Dashboard Ventas Marca Por Distrito (v1)
2026-08-18 12:51:38  INFO          Proyecto: Development/Ad hoc Reports/Portugal
2026-08-18 12:51:38  INFO          Ya existe en Versiones/, no se descarga de nuevo
2026-08-18 12:51:38  INFO    [170/210] CdM Logistica (v9)
2026-08-18 12:51:38  INFO          Proyecto: Development/Ad hoc Reports/Supply
2026-08-18 12:51:38  INFO          Ya existe en Versiones/, no se descarga de nuevo
2026-08-18 12:51:38  INFO    [171/210] 2. show_sales_totals_in_a_crosstab_starter (v1)
2026-08-18 12:51:38  INFO          Proyecto: Development/Formacion Information Labs
2026-08-18 12:51:38  INFO          Ya existe en Versiones/, no se descarga de nuevo
2026-08-18 12:51:38  INFO    [172/210] New- 2.1 create_a_date_calculation_starter (v2)
2026-08-18 12:51:38  INFO          Proyecto: Development/Formacion Information Labs
2026-08-18 12:51:38  INFO          Ya existe en Versiones/, no se descarga de nuevo
2026-08-18 12:51:38  INFO    [173/210] 1. sort_by_fields_in_a_view_starter (v2)
2026-08-18 12:51:38  INFO          Proyecto: Development/Formacion Information Labs
2026-08-18 12:51:38  INFO          Ya existe en Versiones/, no se descarga de nuevo
2026-08-18 12:51:38  INFO    [174/210] 3. add_a_filter_to_context_starter (v2)
2026-08-18 12:51:38  INFO          Proyecto: Development/Formacion Information Labs
2026-08-18 12:51:38  INFO          Ya existe en Versiones/, no se descarga de nuevo
2026-08-18 12:51:38  INFO    [175/210] 2.1 create_a_calculation_with_aggregation_starter (v2)
2026-08-18 12:51:38  INFO          Proyecto: Development/Formacion Information Labs
2026-08-18 12:51:38  INFO          Ya existe en Versiones/, no se descarga de nuevo
2026-08-18 12:51:38  INFO    [176/210] 3. add_a_forecast_to_a_view_starter (v2)
2026-08-18 12:51:38  INFO          Proyecto: Development/Formacion Information Labs
2026-08-18 12:51:38  INFO          Ya existe en Versiones/, no se descarga de nuevo
2026-08-18 12:51:38  INFO    --- Subiendo lote (176/210 workbooks procesados) ---
2026-08-18 12:51:39  INFO          Sin cambios que subir
2026-08-18 12:51:39  INFO          Lote subido
2026-08-18 12:51:39  INFO          8 version(es) marcadas como subidas en Oracle
2026-08-18 12:51:39  INFO    [177/210] 2. apply_a_year_over_year_table_calculation_starter (v3)
2026-08-18 12:51:39  INFO          Proyecto: Development/Formacion Information Labs
2026-08-18 12:51:39  INFO          Ya existe en Versiones/, no se descarga de nuevo
2026-08-18 12:51:39  INFO    [178/210] 4.  create_a_bar-in-bar_chart_starter (v2)
2026-08-18 12:51:39  INFO          Proyecto: Development/Formacion Information Labs
2026-08-18 12:51:39  INFO          Ya existe en Versiones/, no se descarga de nuevo
2026-08-18 12:51:39  INFO    [179/210] 2.1 create_a_weighted_average_starter (v1)
2026-08-18 12:51:39  INFO          Proyecto: Development/Formacion Information Labs
2026-08-18 12:51:39  INFO          Ya existe en Versiones/, no se descarga de nuevo
2026-08-18 12:51:39  INFO    [180/210] 3. apply_a_rank_table_calculation_starter (v2)
2026-08-18 12:51:39  INFO          Proyecto: Development/Formacion Information Labs
2026-08-18 12:51:39  INFO          Ya existe en Versiones/, no se descarga de nuevo
2026-08-18 12:51:39  INFO    [181/210] 3. add_actions_to_a_dashboard_starter (v1)
2026-08-18 12:51:39  INFO          Proyecto: Development/Formacion Information Labs
2026-08-18 12:51:39  INFO          Ya existe en Versiones/, no se descarga de nuevo
2026-08-18 12:51:39  INFO    [182/210] 2. build_a_heat_map_starter (v1)
2026-08-18 12:51:39  INFO          Proyecto: Development/Formacion Information Labs
2026-08-18 12:51:39  INFO          Ya existe en Versiones/, no se descarga de nuevo
2026-08-18 12:51:39  INFO    [183/210] 4. calculate_the_average_product_profit_by_category_starter (v2)
2026-08-18 12:51:39  INFO          Proyecto: Development/Formacion Information Labs
2026-08-18 12:51:39  INFO          Ya existe en Versiones/, no se descarga de nuevo
2026-08-18 12:51:39  INFO    [184/210] Solución - Sample Superstore Dashboard (v1)
2026-08-18 12:51:39  INFO          Proyecto: Development/Formacion Information Labs
2026-08-18 12:51:39  INFO          Ya existe en Versiones/, no se descarga de nuevo
2026-08-18 12:51:39  INFO    --- Subiendo lote (184/210 workbooks procesados) ---
2026-08-18 12:51:40  INFO          Sin cambios que subir
2026-08-18 12:51:40  INFO          Lote subido
2026-08-18 12:51:40  INFO          8 version(es) marcadas como subidas en Oracle
2026-08-18 12:51:40  INFO    [185/210] 4. create_a_parameter_for_switching_measures_ and filter_starter (v2)
2026-08-18 12:51:40  INFO          Proyecto: Development/Formacion Information Labs
2026-08-18 12:51:40  INFO          Ya existe en Versiones/, no se descarga de nuevo
2026-08-18 12:51:40  INFO    [186/210] 1. create_a_hierarchy_starter (v1)
2026-08-18 12:51:40  INFO          Proyecto: Development/Formacion Information Labs
2026-08-18 12:51:40  INFO          Ya existe en Versiones/, no se descarga de nuevo
2026-08-18 12:51:40  INFO    [187/210] 3. Box and Whisker Plot Starter (v1)
2026-08-18 12:51:40  INFO          Proyecto: Development/Formacion Information Labs
2026-08-18 12:51:40  INFO          Ya existe en Versiones/, no se descarga de nuevo
2026-08-18 12:51:40  INFO    [188/210] 1. show_data_across_discrete_and_continuous_months (v1)
2026-08-18 12:51:40  INFO          Proyecto: Development/Formacion Information Labs
2026-08-18 12:51:40  INFO          Ya existe en Versiones/, no se descarga de nuevo
2026-08-18 12:51:40  INFO    [189/210] 2.1 manipulate_strings_starter (v1)
2026-08-18 12:51:40  INFO          Proyecto: Development/Formacion Information Labs
2026-08-18 12:51:40  INFO          Ya existe en Versiones/, no se descarga de nuevo
2026-08-18 12:51:40  INFO    [190/210] 2. build_a_highlight_table_starter (v1)
2026-08-18 12:51:40  INFO          Proyecto: Development/Formacion Information Labs
2026-08-18 12:51:40  INFO          Ya existe en Versiones/, no se descarga de nuevo
2026-08-18 12:51:40  INFO    [191/210] 1. create_and_customize_filters_starter (v1)
2026-08-18 12:51:40  INFO          Proyecto: Development/Formacion Information Labs
2026-08-18 12:51:40  INFO          Ya existe en Versiones/, no se descarga de nuevo
2026-08-18 12:51:40  INFO    [192/210] 1. build_a_combined_axis_chart_starter (v1)
2026-08-18 12:51:40  INFO          Proyecto: Development/Formacion Information Labs
2026-08-18 12:51:40  INFO          Ya existe en Versiones/, no se descarga de nuevo
2026-08-18 12:51:40  INFO    --- Subiendo lote (192/210 workbooks procesados) ---
2026-08-18 12:51:41  INFO          Sin cambios que subir
2026-08-18 12:51:41  INFO          Lote subido
2026-08-18 12:51:41  INFO          8 version(es) marcadas como subidas en Oracle
2026-08-18 12:51:41  INFO    [193/210] Ejercicio Final - Sample Superstore Dashboard (v1)
2026-08-18 12:51:41  INFO          Proyecto: Development/Formacion Information Labs
2026-08-18 12:51:41  INFO          Ya existe en Versiones/, no se descarga de nuevo
2026-08-18 12:51:41  INFO    [194/210] 3. build_a_tree_map_starter (v2)
2026-08-18 12:51:41  INFO          Proyecto: Development/Formacion Information Labs
2026-08-18 12:51:41  INFO          Ya existe en Versiones/, no se descarga de nuevo
2026-08-18 12:51:41  INFO    [195/210] 2.1 build_a_symbol_map_starter (v1)
2026-08-18 12:51:41  INFO          Proyecto: Development/Formacion Information Labs
2026-08-18 12:51:41  INFO          Ya existe en Versiones/, no se descarga de nuevo
2026-08-18 12:51:41  INFO    [196/210] 3. filter_percent_of_sales_starter (v1)
2026-08-18 12:51:41  INFO          Proyecto: Development/Formacion Information Labs
2026-08-18 12:51:41  INFO          Ya existe en Versiones/, no se descarga de nuevo
2026-08-18 12:51:42  INFO    [197/210] 1.  apply_custom_dates_starter (v1)
2026-08-18 12:51:42  INFO          Proyecto: Development/Formacion Information Labs
2026-08-18 12:51:42  INFO          Ya existe en Versiones/, no se descarga de nuevo
2026-08-18 12:51:42  INFO    [198/210] 2.1 create_a_date_calculation_starter (v2)
2026-08-18 12:51:42  INFO          Proyecto: Development/Formacion Information Labs
2026-08-18 12:51:42  INFO          Ya existe en Versiones/, no se descarga de nuevo
2026-08-18 12:51:42  INFO    [199/210] 1. create_a_group_starter (v1)
2026-08-18 12:51:42  INFO          Proyecto: Development/Formacion Information Labs
2026-08-18 12:51:42  INFO          Ya existe en Versiones/, no se descarga de nuevo
2026-08-18 12:51:42  INFO    [200/210] 2.1 Build a combined axis chart started (26092024) (v1)
2026-08-18 12:51:42  INFO          Proyecto: Development/Formacion Information Labs
2026-08-18 12:51:42  INFO          Ya existe en Versiones/, no se descarga de nuevo
2026-08-18 12:51:42  INFO    --- Subiendo lote (200/210 workbooks procesados) ---
2026-08-18 12:51:42  INFO          Sin cambios que subir
2026-08-18 12:51:42  INFO          Lote subido
2026-08-18 12:51:43  INFO          8 version(es) marcadas como subidas en Oracle
2026-08-18 12:51:43  INFO    [201/210] 2. apply_a_rank_table_calculation_starter (v2)
2026-08-18 12:51:43  INFO          Proyecto: Development/Formacion Information Labs
2026-08-18 12:51:43  INFO          Ya existe en Versiones/, no se descarga de nuevo
2026-08-18 12:51:43  INFO    [202/210] 3. build_an_interactive_dashboard_starter (v1)
2026-08-18 12:51:43  INFO          Proyecto: Development/Formacion Information Labs
2026-08-18 12:51:43  INFO          Ya existe en Versiones/, no se descarga de nuevo
2026-08-18 12:51:43  INFO    [203/210] 4. use_a_histogram_to_view_distributions_starter (v2)
2026-08-18 12:51:43  INFO          Proyecto: Development/Formacion Information Labs
2026-08-18 12:51:43  INFO          Ya existe en Versiones/, no se descarga de nuevo
2026-08-18 12:51:43  INFO    [204/210] 1. build_a_combo_chart_starter (v1)
2026-08-18 12:51:43  INFO          Proyecto: Development/Formacion Information Labs
2026-08-18 12:51:43  INFO          Ya existe en Versiones/, no se descarga de nuevo
2026-08-18 12:51:43  INFO    [205/210] 4. use_an_aggregated_dimension_in_a_calculation_starter (v2)
2026-08-18 12:51:43  INFO          Proyecto: Development/Formacion Information Labs
2026-08-18 12:51:43  INFO          Ya existe en Versiones/, no se descarga de nuevo
2026-08-18 12:51:43  INFO    [206/210] 3. build_a_pie_chart_starter (v2)
2026-08-18 12:51:43  INFO          Proyecto: Development/Formacion Information Labs
2026-08-18 12:51:43  INFO          Ya existe en Versiones/, no se descarga de nuevo
2026-08-18 12:51:43  INFO    [207/210] 2. build_a_scatter_plot_starter (v1)
2026-08-18 12:51:43  INFO          Proyecto: Development/Formacion Information Labs
2026-08-18 12:51:43  INFO          Ya existe en Versiones/, no se descarga de nuevo
2026-08-18 12:51:43  INFO    [208/210] 1. Actividad Global Library (v1)
2026-08-18 12:51:43  INFO          Proyecto: Development/Formacion Information Labs
2026-08-18 12:51:43  INFO          Ya existe en Versiones/, no se descarga de nuevo
2026-08-18 12:51:43  INFO    --- Subiendo lote (208/210 workbooks procesados) ---
2026-08-18 12:51:43  INFO          Sin cambios que subir
2026-08-18 12:51:43  INFO          Lote subido
2026-08-18 12:51:44  INFO          8 version(es) marcadas como subidas en Oracle
2026-08-18 12:51:44  INFO    [209/210] 3. create_trend_lines_with_small_multiples_starter (v2)
2026-08-18 12:51:44  INFO          Proyecto: Development/Formacion Information Labs
2026-08-18 12:51:44  INFO          Ya existe en Versiones/, no se descarga de nuevo
2026-08-18 12:51:44  INFO    [210/210] 3. add_two_types_of_reference__lines_starter (v1)
2026-08-18 12:51:44  INFO          Proyecto: Development/Formacion Information Labs
2026-08-18 12:51:44  INFO          Ya existe en Versiones/, no se descarga de nuevo
2026-08-18 12:51:44  INFO    --- Subiendo lote (210/210 workbooks procesados) ---
2026-08-18 12:51:44  INFO          Sin cambios que subir
2026-08-18 12:51:44  INFO          Lote subido
2026-08-18 12:51:44  INFO          2 version(es) marcadas como subidas en Oracle
2026-08-18 12:51:45  INFO  Signed out
2026-08-18 12:51:45  INFO  [8/8] Resumen
2026-08-18 12:51:45  INFO  ============================================================
2026-08-18 12:51:45  INFO  RESUMEN DE LA EJECUCION
2026-08-18 12:51:45  INFO  ============================================================
2026-08-18 12:51:45  INFO  Workbooks con version nueva ... 210
2026-08-18 12:51:45  INFO  Descargados correctamente ..... 210
2026-08-18 12:51:45  INFO  Con error ...................... 0
2026-08-18 12:51:45  INFO  Versiones retiradas ............ 0
2026-08-18 12:51:45  INFO  Lotes subidos a GitHub ......... 27
2026-08-18 12:51:45  INFO  Lotes fallidos ................. 0
2026-08-18 12:51:45  INFO  Tiempo total ................... 1m 40s
2026-08-18 12:51:45  INFO  ============================================================
2026-08-18 12:51:45  INFO  BACKUP COMPLETADO SIN ERRORES
2026-08-18 12:51:45  INFO  ============================================================
2026-08-19 03:00:06  INFO  ============================================================
2026-08-19 03:00:06  INFO  BACKUP TABLEAU -> GITHUB
2026-08-19 03:00:06  INFO  ============================================================
2026-08-19 03:00:06  INFO  Configuracion cargada y validada
2026-08-19 03:00:06  INFO  [1/8] Borrando las listas anteriores
2026-08-19 03:00:06  INFO        Listo
2026-08-19 03:00:06  INFO  [2/8] Consultando Oracle (versionado + lista de descarga)
2026-08-19 03:00:21  INFO        Listas generadas
2026-08-19 03:00:21  INFO  [3/8] Leyendo las listas
2026-08-19 03:00:21  INFO        0 workbooks con version nueva que descargar
2026-08-19 03:00:21  INFO        0 versiones marcadas para retirar de GitHub hoy
2026-08-19 03:00:21  INFO  [4/8] Sincronizando con GitHub
2026-08-19 03:00:23  INFO        Carpeta local alineada con el repositorio
2026-08-19 03:00:23  INFO  [5/8] Preparando la carpeta de descargas
2026-08-19 03:00:23  INFO        Nada que retirar hoy
2026-08-19 03:00:23  INFO  [6/8] Conectando con Tableau
2026-08-19 03:00:24  INFO  Signed into https://dub01.online.tableau.com as user with id ae9b04e0-08c6-4b88-9bb9-595a9d2d1fa3
2026-08-19 03:00:24  INFO        Conectado
2026-08-19 03:00:24  INFO  [7/8] Sin workbooks nuevos que descargar
2026-08-19 03:00:24  INFO  Signed out
2026-08-19 03:00:25  INFO  [8/8] Resumen
2026-08-19 03:00:25  INFO  ============================================================
2026-08-19 03:00:25  INFO  RESUMEN DE LA EJECUCION
2026-08-19 03:00:25  INFO  ============================================================
2026-08-19 03:00:25  INFO  Workbooks con version nueva ... 0
2026-08-19 03:00:25  INFO  Descargados correctamente ..... 0
2026-08-19 03:00:25  INFO  Con error ...................... 0
2026-08-19 03:00:25  INFO  Versiones retiradas ............ 0
2026-08-19 03:00:25  INFO  Lotes subidos a GitHub ......... 0
2026-08-19 03:00:25  INFO  Lotes fallidos ................. 0
2026-08-19 03:00:25  INFO  Tiempo total ................... 18s
2026-08-19 03:00:25  INFO  ============================================================
2026-08-19 03:00:25  INFO  BACKUP COMPLETADO SIN ERRORES
2026-08-19 03:00:25  INFO  ============================================================
2026-08-20 03:00:06  INFO  ============================================================
2026-08-20 03:00:06  INFO  BACKUP TABLEAU -> GITHUB
2026-08-20 03:00:06  INFO  ============================================================
2026-08-20 03:00:06  INFO  Configuracion cargada y validada
2026-08-20 03:00:06  INFO  [1/8] Borrando las listas anteriores
2026-08-20 03:00:06  INFO        Listo
2026-08-20 03:00:06  INFO  [2/8] Consultando Oracle (versionado + lista de descarga)
2026-08-20 03:00:14  INFO        Listas generadas
2026-08-20 03:00:14  INFO  [3/8] Leyendo las listas
2026-08-20 03:00:14  ERROR La vista de Oracle no devuelve las columnas: VERSION_ACTUAL
2026-08-20 03:00:14  ERROR Columnas recibidas: WORKBOOK_LUID, WORKBOOK, RUTA_PROYECTO, RUTA_LOCAL_DESTINO, OWNER_EMAIL, ULTIMA_ACTUALIZACION, TIPO_ITEM
2026-08-20 03:00:14  ERROR Proceso abortado: la lista de descarga no es valida
2026-08-21 03:00:06  INFO  ============================================================
2026-08-21 03:00:06  INFO  BACKUP TABLEAU -> GITHUB
2026-08-21 03:00:06  INFO  ============================================================
2026-08-21 03:00:06  INFO  Configuracion cargada y validada
2026-08-21 03:00:06  INFO  [1/8] Borrando las listas anteriores
2026-08-21 03:00:06  INFO        Listo
2026-08-21 03:00:06  INFO  [2/8] Consultando Oracle (versionado + lista de descarga)
2026-08-21 03:00:14  INFO        Listas generadas
2026-08-21 03:00:14  INFO  [3/8] Leyendo las listas
2026-08-21 03:00:14  ERROR La vista de Oracle no devuelve las columnas: VERSION_ACTUAL
2026-08-21 03:00:14  ERROR Columnas recibidas: WORKBOOK_LUID, WORKBOOK, RUTA_PROYECTO, RUTA_LOCAL_DESTINO, OWNER_EMAIL, ULTIMA_ACTUALIZACION, TIPO_ITEM
2026-08-21 03:00:14  ERROR Proceso abortado: la lista de descarga no es valida
2026-08-22 03:00:06  INFO  ============================================================
2026-08-22 03:00:06  INFO  BACKUP TABLEAU -> GITHUB
2026-08-22 03:00:06  INFO  ============================================================
2026-08-22 03:00:06  INFO  Configuracion cargada y validada
2026-08-22 03:00:06  INFO  [1/8] Borrando las listas anteriores
2026-08-22 03:00:06  INFO        Listo
2026-08-22 03:00:06  INFO  [2/8] Consultando Oracle (versionado + lista de descarga)
2026-08-22 03:00:18  INFO        Listas generadas
2026-08-22 03:00:18  INFO  [3/8] Leyendo las listas
2026-08-22 03:00:18  INFO        3 workbooks con version nueva que descargar
2026-08-22 03:00:18  INFO        0 versiones marcadas para retirar de GitHub hoy
2026-08-22 03:00:18  INFO  [4/8] Sincronizando con GitHub
2026-08-22 03:00:21  INFO        Carpeta local alineada con el repositorio
2026-08-22 03:00:21  INFO  [5/8] Preparando la carpeta de descargas
2026-08-22 03:00:21  INFO        Nada que retirar hoy
2026-08-22 03:00:21  INFO  [6/8] Conectando con Tableau
2026-08-22 03:00:21  INFO  Signed into https://dub01.online.tableau.com as user with id ae9b04e0-08c6-4b88-9bb9-595a9d2d1fa3
2026-08-22 03:00:21  INFO        Conectado
2026-08-22 03:00:21  INFO  [7/8] Descargando y subiendo en lotes de 8
2026-08-22 03:00:21  INFO    [1/3] JDE Logistics Product Catalog (v10)
2026-08-22 03:00:21  INFO          Proyecto: Production/Dashboards/MDM
2026-08-22 03:00:22  INFO  Downloaded workbook revision None to C:\tabcmd\TableauGitHub\Tableau Workbooks\Versiones\JDE Logistics Product Catalog_v10.twbx (ID: 7178c8c9-ce98-415e-9e07-85559a36f0e7)
2026-08-22 03:00:22  INFO          Descargado (0.4 MB)
2026-08-22 03:00:22  INFO    [2/3] CdM Logistica (v18)
2026-08-22 03:00:22  INFO          Proyecto: Production/Dashboards/Supply Chain
2026-08-22 03:00:22  INFO  Downloaded workbook revision None to C:\tabcmd\TableauGitHub\Tableau Workbooks\Versiones\CdM Logistica_v18.twbx (ID: daa62578-322f-42a8-b849-4280d101c96b)
2026-08-22 03:00:22  INFO          Descargado (0.4 MB)
2026-08-22 03:00:22  INFO    [3/3] CdM Ingenieria (v40)
2026-08-22 03:00:22  INFO          Proyecto: Production/Dashboards/Industrial
2026-08-22 03:00:23  INFO  Downloaded workbook revision None to C:\tabcmd\TableauGitHub\Tableau Workbooks\Versiones\CdM Ingenieria_v40.twbx (ID: 377e37eb-2f16-4c59-ad32-a3bf45e9d9af)
2026-08-22 03:00:23  INFO          Descargado (0.4 MB)
2026-08-22 03:00:23  INFO    --- Subiendo lote (3/3 workbooks procesados) ---
2026-08-22 03:00:27  INFO          Locking support detected on remote "origin". Consider enabling it with:
2026-08-22 03:00:27  INFO            $ git config lfs.https://cantabrialabs.ghe.com/cantabrialabs-it/CLabs-Tableau.git/info/lfs.locksverify true
2026-08-22 03:00:29  INFO          Uploading LFS objects: 100% (3/3), 1.3 MB | 0 B/s, done.
2026-08-22 03:00:31  INFO          To https://cantabrialabs.ghe.com/cantabrialabs-it/CLabs-Tableau.git
2026-08-22 03:00:31  INFO             1f6c12b..985b6c5  main -> main
2026-08-22 03:00:31  INFO          Lote subido
2026-08-22 03:00:31  INFO          3 version(es) marcadas como subidas en Oracle
2026-08-22 03:00:31  INFO  Signed out
2026-08-22 03:00:32  INFO  [8/8] Resumen
2026-08-22 03:00:32  INFO  ============================================================
2026-08-22 03:00:32  INFO  RESUMEN DE LA EJECUCION
2026-08-22 03:00:32  INFO  ============================================================
2026-08-22 03:00:32  INFO  Workbooks con version nueva ... 3
2026-08-22 03:00:32  INFO  Descargados correctamente ..... 3
2026-08-22 03:00:32  INFO  Con error ...................... 0
2026-08-22 03:00:32  INFO  Versiones retiradas ............ 0
2026-08-22 03:00:32  INFO  Lotes subidos a GitHub ......... 1
2026-08-22 03:00:32  INFO  Lotes fallidos ................. 0
2026-08-22 03:00:32  INFO  Tiempo total ................... 25s
2026-08-22 03:00:32  INFO  ============================================================
2026-08-22 03:00:32  INFO  BACKUP COMPLETADO SIN ERRORES
2026-08-22 03:00:32  INFO  ============================================================
2026-08-23 03:00:06  INFO  ============================================================
2026-08-23 03:00:06  INFO  BACKUP TABLEAU -> GITHUB
2026-08-23 03:00:06  INFO  ============================================================
2026-08-23 03:00:06  INFO  Configuracion cargada y validada
2026-08-23 03:00:06  INFO  [1/8] Borrando las listas anteriores
2026-08-23 03:00:06  INFO        Listo
2026-08-23 03:00:06  INFO  [2/8] Consultando Oracle (versionado + lista de descarga)
2026-08-23 03:00:18  INFO        Listas generadas
2026-08-23 03:00:18  INFO  [3/8] Leyendo las listas
2026-08-23 03:00:18  INFO        1 workbooks con version nueva que descargar
2026-08-23 03:00:18  INFO        0 versiones marcadas para retirar de GitHub hoy
2026-08-23 03:00:18  INFO  [4/8] Sincronizando con GitHub
2026-08-23 03:00:21  INFO        Carpeta local alineada con el repositorio
2026-08-23 03:00:21  INFO  [5/8] Preparando la carpeta de descargas
2026-08-23 03:00:21  INFO        Nada que retirar hoy
2026-08-23 03:00:21  INFO  [6/8] Conectando con Tableau
2026-08-23 03:00:21  INFO  Signed into https://dub01.online.tableau.com as user with id ae9b04e0-08c6-4b88-9bb9-595a9d2d1fa3
2026-08-23 03:00:21  INFO        Conectado
2026-08-23 03:00:21  INFO  [7/8] Descargando y subiendo en lotes de 8
2026-08-23 03:00:21  INFO    [1/1] CdM Ingenieria (v41)
2026-08-23 03:00:21  INFO          Proyecto: Production/Dashboards/Industrial
2026-08-23 03:00:22  INFO  Downloaded workbook revision None to C:\tabcmd\TableauGitHub\Tableau Workbooks\Versiones\CdM Ingenieria_v41.twbx (ID: 377e37eb-2f16-4c59-ad32-a3bf45e9d9af)
2026-08-23 03:00:22  INFO          Descargado (0.4 MB)
2026-08-23 03:00:22  INFO    --- Subiendo lote (1/1 workbooks procesados) ---
2026-08-23 03:00:26  INFO          Locking support detected on remote "origin". Consider enabling it with:
2026-08-23 03:00:26  INFO            $ git config lfs.https://cantabrialabs.ghe.com/cantabrialabs-it/CLabs-Tableau.git/info/lfs.locksverify true
2026-08-23 03:00:28  INFO          Uploading LFS objects: 100% (1/1), 388 KB | 0 B/s, done.
2026-08-23 03:00:28  INFO          To https://cantabrialabs.ghe.com/cantabrialabs-it/CLabs-Tableau.git
2026-08-23 03:00:28  INFO             985b6c5..0e4ed16  main -> main
2026-08-23 03:00:28  INFO          Lote subido
2026-08-23 03:00:29  INFO          1 version(es) marcadas como subidas en Oracle
2026-08-23 03:00:29  INFO  Signed out
2026-08-23 03:00:29  INFO  [8/8] Resumen
2026-08-23 03:00:29  INFO  ============================================================
2026-08-23 03:00:29  INFO  RESUMEN DE LA EJECUCION
2026-08-23 03:00:29  INFO  ============================================================
2026-08-23 03:00:29  INFO  Workbooks con version nueva ... 1
2026-08-23 03:00:29  INFO  Descargados correctamente ..... 1
2026-08-23 03:00:29  INFO  Con error ...................... 0
2026-08-23 03:00:29  INFO  Versiones retiradas ............ 0
2026-08-23 03:00:29  INFO  Lotes subidos a GitHub ......... 1
2026-08-23 03:00:29  INFO  Lotes fallidos ................. 0
2026-08-23 03:00:29  INFO  Tiempo total ................... 23s
2026-08-23 03:00:29  INFO  ============================================================
2026-08-23 03:00:29  INFO  BACKUP COMPLETADO SIN ERRORES
2026-08-23 03:00:29  INFO  ============================================================
2026-08-24 03:00:06  INFO  ============================================================
2026-08-24 03:00:06  INFO  BACKUP TABLEAU -> GITHUB
2026-08-24 03:00:06  INFO  ============================================================
2026-08-24 03:00:06  INFO  Configuracion cargada y validada
2026-08-24 03:00:06  INFO  [1/8] Borrando las listas anteriores
2026-08-24 03:00:06  INFO        Listo
2026-08-24 03:00:06  INFO  [2/8] Consultando Oracle (versionado + lista de descarga)
2026-08-24 03:00:15  INFO        Listas generadas
2026-08-24 03:00:15  INFO  [3/8] Leyendo las listas
2026-08-24 03:00:15  INFO        0 workbooks con version nueva que descargar
2026-08-24 03:00:15  INFO        0 versiones marcadas para retirar de GitHub hoy
2026-08-24 03:00:15  INFO  [4/8] Sincronizando con GitHub
2026-08-24 03:00:18  INFO        Carpeta local alineada con el repositorio
2026-08-24 03:00:18  INFO  [5/8] Preparando la carpeta de descargas
2026-08-24 03:00:18  INFO        Nada que retirar hoy
2026-08-24 03:00:18  INFO  [6/8] Conectando con Tableau
2026-08-24 03:00:18  INFO  Signed into https://dub01.online.tableau.com as user with id ae9b04e0-08c6-4b88-9bb9-595a9d2d1fa3
2026-08-24 03:00:18  INFO        Conectado
2026-08-24 03:00:18  INFO  [7/8] Sin workbooks nuevos que descargar
2026-08-24 03:00:18  INFO  Signed out
2026-08-24 03:00:19  INFO  [8/8] Resumen
2026-08-24 03:00:19  INFO  ============================================================
2026-08-24 03:00:19  INFO  RESUMEN DE LA EJECUCION
2026-08-24 03:00:19  INFO  ============================================================
2026-08-24 03:00:19  INFO  Workbooks con version nueva ... 0
2026-08-24 03:00:19  INFO  Descargados correctamente ..... 0
2026-08-24 03:00:19  INFO  Con error ...................... 0
2026-08-24 03:00:19  INFO  Versiones retiradas ............ 0
2026-08-24 03:00:19  INFO  Lotes subidos a GitHub ......... 0
2026-08-24 03:00:19  INFO  Lotes fallidos ................. 0
2026-08-24 03:00:19  INFO  Tiempo total ................... 12s
2026-08-24 03:00:19  INFO  ============================================================
2026-08-24 03:00:19  INFO  BACKUP COMPLETADO SIN ERRORES
2026-08-24 03:00:19  INFO  ============================================================
2026-08-25 03:00:06  INFO  ============================================================
2026-08-25 03:00:06  INFO  BACKUP TABLEAU -> GITHUB
2026-08-25 03:00:06  INFO  ============================================================
2026-08-25 03:00:06  INFO  Configuracion cargada y validada
2026-08-25 03:00:06  INFO  [1/8] Borrando las listas anteriores
2026-08-25 03:00:06  INFO        Listo
2026-08-25 03:00:06  INFO  [2/8] Consultando Oracle (versionado + lista de descarga)
2026-08-25 03:00:19  INFO        Listas generadas
2026-08-25 03:00:19  INFO  [3/8] Leyendo las listas
2026-08-25 03:00:19  INFO        0 workbooks con version nueva que descargar
2026-08-25 03:00:19  INFO        0 versiones marcadas para retirar de GitHub hoy
2026-08-25 03:00:19  INFO  [4/8] Sincronizando con GitHub
2026-08-25 03:00:21  INFO        Carpeta local alineada con el repositorio
2026-08-25 03:00:21  INFO  [5/8] Preparando la carpeta de descargas
2026-08-25 03:00:21  INFO        Nada que retirar hoy
2026-08-25 03:00:21  INFO  [6/8] Conectando con Tableau
2026-08-25 03:00:22  INFO  Signed into https://dub01.online.tableau.com as user with id ae9b04e0-08c6-4b88-9bb9-595a9d2d1fa3
2026-08-25 03:00:22  INFO        Conectado
2026-08-25 03:00:22  INFO  [7/8] Sin workbooks nuevos que descargar
2026-08-25 03:00:22  INFO  Signed out
2026-08-25 03:00:23  INFO  [8/8] Resumen
2026-08-25 03:00:23  INFO  ============================================================
2026-08-25 03:00:23  INFO  RESUMEN DE LA EJECUCION
2026-08-25 03:00:23  INFO  ============================================================
2026-08-25 03:00:23  INFO  Workbooks con version nueva ... 0
2026-08-25 03:00:23  INFO  Descargados correctamente ..... 0
2026-08-25 03:00:23  INFO  Con error ...................... 0
2026-08-25 03:00:23  INFO  Versiones retiradas ............ 0
2026-08-25 03:00:23  INFO  Lotes subidos a GitHub ......... 0
2026-08-25 03:00:23  INFO  Lotes fallidos ................. 0
2026-08-25 03:00:23  INFO  Tiempo total ................... 16s
2026-08-25 03:00:23  INFO  ============================================================
2026-08-25 03:00:23  INFO  BACKUP COMPLETADO SIN ERRORES
2026-08-25 03:00:23  INFO  ============================================================
2026-08-26 03:00:06  INFO  ============================================================
2026-08-26 03:00:06  INFO  BACKUP TABLEAU -> GITHUB
2026-08-26 03:00:06  INFO  ============================================================
2026-08-26 03:00:06  INFO  Configuracion cargada y validada
2026-08-26 03:00:06  INFO  [1/8] Borrando las listas anteriores
2026-08-26 03:00:06  INFO        Listo
2026-08-26 03:00:06  INFO  [2/8] Consultando Oracle (versionado + lista de descarga)
2026-08-26 03:00:16  INFO        Listas generadas
2026-08-26 03:00:16  INFO  [3/8] Leyendo las listas
2026-08-26 03:00:16  INFO        1 workbooks con version nueva que descargar
2026-08-26 03:00:16  INFO        0 versiones marcadas para retirar de GitHub hoy
2026-08-26 03:00:16  INFO  [4/8] Sincronizando con GitHub
2026-08-26 03:00:19  INFO        Carpeta local alineada con el repositorio
2026-08-26 03:00:19  INFO  [5/8] Preparando la carpeta de descargas
2026-08-26 03:00:19  INFO        Nada que retirar hoy
2026-08-26 03:00:19  INFO  [6/8] Conectando con Tableau
2026-08-26 03:00:19  INFO  Signed into https://dub01.online.tableau.com as user with id ae9b04e0-08c6-4b88-9bb9-595a9d2d1fa3
2026-08-26 03:00:19  INFO        Conectado
2026-08-26 03:00:19  INFO  [7/8] Descargando y subiendo en lotes de 8
2026-08-26 03:00:19  INFO    [1/1] Reporte Diario de Ventas (v30)
2026-08-26 03:00:19  INFO          Proyecto: Production/Dashboards/Ad hoc Reports/BI Local/BI México/Mockups IBS
2026-08-26 03:00:20  INFO  Downloaded workbook revision None to C:\tabcmd\TableauGitHub\Tableau Workbooks\Versiones\Reporte Diario de Ventas_v30.twbx (ID: 89465930-7806-4389-9d4f-185fc8952b91)
2026-08-26 03:00:20  INFO          Descargado (1.5 MB)
2026-08-26 03:00:20  INFO    --- Subiendo lote (1/1 workbooks procesados) ---
2026-08-26 03:00:25  INFO          Locking support detected on remote "origin". Consider enabling it with:
2026-08-26 03:00:25  INFO            $ git config lfs.https://cantabrialabs.ghe.com/cantabrialabs-it/CLabs-Tableau.git/info/lfs.locksverify true
2026-08-26 03:00:26  INFO          Uploading LFS objects: 100% (1/1), 1.6 MB | 0 B/s, done.
2026-08-26 03:00:27  INFO          To https://cantabrialabs.ghe.com/cantabrialabs-it/CLabs-Tableau.git
2026-08-26 03:00:27  INFO             0e4ed16..b9630ea  main -> main
2026-08-26 03:00:27  INFO          Lote subido
2026-08-26 03:00:28  INFO          1 version(es) marcadas como subidas en Oracle
2026-08-26 03:00:28  INFO  Signed out
2026-08-26 03:00:28  INFO  [8/8] Resumen
2026-08-26 03:00:28  INFO  ============================================================
2026-08-26 03:00:28  INFO  RESUMEN DE LA EJECUCION
2026-08-26 03:00:28  INFO  ============================================================
2026-08-26 03:00:28  INFO  Workbooks con version nueva ... 1
2026-08-26 03:00:28  INFO  Descargados correctamente ..... 1
2026-08-26 03:00:28  INFO  Con error ...................... 0
2026-08-26 03:00:28  INFO  Versiones retiradas ............ 0
2026-08-26 03:00:28  INFO  Lotes subidos a GitHub ......... 1
2026-08-26 03:00:28  INFO  Lotes fallidos ................. 0
2026-08-26 03:00:28  INFO  Tiempo total ................... 22s
2026-08-26 03:00:28  INFO  ============================================================
2026-08-26 03:00:28  INFO  BACKUP COMPLETADO SIN ERRORES
2026-08-26 03:00:28  INFO  ============================================================
2026-08-27 03:00:05  INFO  ============================================================
2026-08-27 03:00:05  INFO  BACKUP TABLEAU -> GITHUB
2026-08-27 03:00:05  INFO  ============================================================
2026-08-27 03:00:05  INFO  Configuracion cargada y validada
2026-08-27 03:00:05  INFO  [1/8] Borrando las listas anteriores
2026-08-27 03:00:05  INFO        Listo
2026-08-27 03:00:05  INFO  [2/8] Consultando Oracle (versionado + lista de descarga)
2026-08-27 03:00:11  INFO        Listas generadas
2026-08-27 03:00:11  INFO  [3/8] Leyendo las listas
2026-08-27 03:00:11  INFO        0 workbooks con version nueva que descargar
2026-08-27 03:00:11  INFO        0 versiones marcadas para retirar de GitHub hoy
2026-08-27 03:00:11  INFO  [4/8] Sincronizando con GitHub
2026-08-27 03:00:13  INFO        Carpeta local alineada con el repositorio
2026-08-27 03:00:13  INFO  [5/8] Preparando la carpeta de descargas
2026-08-27 03:00:13  INFO        Nada que retirar hoy
2026-08-27 03:00:13  INFO  [6/8] Conectando con Tableau
2026-08-27 03:00:13  INFO  Signed into https://dub01.online.tableau.com as user with id ae9b04e0-08c6-4b88-9bb9-595a9d2d1fa3
2026-08-27 03:00:13  INFO        Conectado
2026-08-27 03:00:13  INFO  [7/8] Sin workbooks nuevos que descargar
2026-08-27 03:00:13  INFO  Signed out
2026-08-27 03:00:14  INFO  [8/8] Resumen
2026-08-27 03:00:14  INFO  ============================================================
2026-08-27 03:00:14  INFO  RESUMEN DE LA EJECUCION
2026-08-27 03:00:14  INFO  ============================================================
2026-08-27 03:00:14  INFO  Workbooks con version nueva ... 0
2026-08-27 03:00:14  INFO  Descargados correctamente ..... 0
2026-08-27 03:00:14  INFO  Con error ...................... 0
2026-08-27 03:00:14  INFO  Versiones retiradas ............ 0
2026-08-27 03:00:14  INFO  Lotes subidos a GitHub ......... 0
2026-08-27 03:00:14  INFO  Lotes fallidos ................. 0
2026-08-27 03:00:14  INFO  Tiempo total ................... 8s
2026-08-27 03:00:14  INFO  ============================================================
2026-08-27 03:00:14  INFO  BACKUP COMPLETADO SIN ERRORES
2026-08-27 03:00:14  INFO  ============================================================
2026-08-28 03:00:05  INFO  ============================================================
2026-08-28 03:00:05  INFO  BACKUP TABLEAU -> GITHUB
2026-08-28 03:00:05  INFO  ============================================================
2026-08-28 03:00:05  INFO  Configuracion cargada y validada
2026-08-28 03:00:05  INFO  [1/8] Borrando las listas anteriores
2026-08-28 03:00:05  INFO        Listo
2026-08-28 03:00:05  INFO  [2/8] Consultando Oracle (versionado + lista de descarga)
2026-08-28 03:00:12  INFO        Listas generadas
2026-08-28 03:00:12  INFO  [3/8] Leyendo las listas
2026-08-28 03:00:12  INFO        6 workbooks con version nueva que descargar
2026-08-28 03:00:12  INFO        0 versiones marcadas para retirar de GitHub hoy
2026-08-28 03:00:12  INFO  [4/8] Sincronizando con GitHub
2026-08-28 03:00:14  INFO        Carpeta local alineada con el repositorio
2026-08-28 03:00:14  INFO  [5/8] Preparando la carpeta de descargas
2026-08-28 03:00:14  INFO        Nada que retirar hoy
2026-08-28 03:00:14  INFO  [6/8] Conectando con Tableau
2026-08-28 03:00:15  INFO  Signed into https://dub01.online.tableau.com as user with id ae9b04e0-08c6-4b88-9bb9-595a9d2d1fa3
2026-08-28 03:00:15  INFO        Conectado
2026-08-28 03:00:15  INFO  [7/8] Descargando y subiendo en lotes de 8
2026-08-28 03:00:15  INFO    [1/6] Fill Rate a Detalle (v22)
2026-08-28 03:00:15  INFO          Proyecto: Production/Dashboards/Ad hoc Reports/BI Local/BI México/Mockups IBS
2026-08-28 03:00:16  INFO  Downloaded workbook revision None to C:\tabcmd\TableauGitHub\Tableau Workbooks\Versiones\Fill Rate a Detalle_v22.twbx (ID: 401c2f5f-11e7-4a22-a4b4-a4af310a6835)
2026-08-28 03:00:16  INFO          Descargado (1.2 MB)
2026-08-28 03:00:16  INFO    [2/6] Reporte Diario de Ventas (v34)
2026-08-28 03:00:16  INFO          Proyecto: Production/Dashboards/Ad hoc Reports/BI Local/BI México/Mockups IBS
2026-08-28 03:00:17  INFO  Downloaded workbook revision None to C:\tabcmd\TableauGitHub\Tableau Workbooks\Versiones\Reporte Diario de Ventas_v34.twbx (ID: 89465930-7806-4389-9d4f-185fc8952b91)
2026-08-28 03:00:17  INFO          Descargado (1.6 MB)
2026-08-28 03:00:17  INFO    [3/6] JDE Logistics Product Catalog (v11)
2026-08-28 03:00:17  INFO          Proyecto: Production/Dashboards/MDM
2026-08-28 03:00:17  INFO  Downloaded workbook revision None to C:\tabcmd\TableauGitHub\Tableau Workbooks\Versiones\JDE Logistics Product Catalog_v11.twbx (ID: 7178c8c9-ce98-415e-9e07-85559a36f0e7)
2026-08-28 03:00:17  INFO          Descargado (0.4 MB)
2026-08-28 03:00:17  INFO    [4/6] CdM Financiero (v38)
2026-08-28 03:00:17  INFO          Proyecto: Production/Dashboards/Industrial
2026-08-28 03:00:17  INFO  Downloaded workbook revision None to C:\tabcmd\TableauGitHub\Tableau Workbooks\Versiones\CdM Financiero_v38.twbx (ID: c4aad7b5-6ed0-4548-93b1-47b53ed78f19)
2026-08-28 03:00:17  INFO          Descargado (0.3 MB)
2026-08-28 03:00:17  INFO    [5/6] CdM Ingenieria (v44)
2026-08-28 03:00:17  INFO          Proyecto: Production/Dashboards/Industrial
2026-08-28 03:00:18  INFO  Downloaded workbook revision None to C:\tabcmd\TableauGitHub\Tableau Workbooks\Versiones\CdM Ingenieria_v44.twbx (ID: 377e37eb-2f16-4c59-ad32-a3bf45e9d9af)
2026-08-28 03:00:18  INFO          Descargado (0.4 MB)
2026-08-28 03:00:18  INFO    [6/6] Data Hub - Spain (.es) (v1)
2026-08-28 03:00:18  INFO          Proyecto: Production/Dashboards/Digital
2026-08-28 03:00:29  INFO  Downloaded workbook revision None to C:\tabcmd\TableauGitHub\Tableau Workbooks\Versiones\Data Hub - Spain (.es)_v1.twbx (ID: 204edda1-d58d-436c-b079-87fb53da7693)
2026-08-28 03:00:29  INFO          Descargado (110.0 MB)
2026-08-28 03:00:29  INFO    --- Subiendo lote (6/6 workbooks procesados) ---
2026-08-28 03:00:35  INFO          Locking support detected on remote "origin". Consider enabling it with:
2026-08-28 03:00:35  INFO            $ git config lfs.https://cantabrialabs.ghe.com/cantabrialabs-it/CLabs-Tableau.git/info/lfs.locksverify true
2026-08-28 03:00:40  INFO          Uploading LFS objects: 100% (6/6), 119 MB | 25 MB/s, done.
2026-08-28 03:00:41  INFO          To https://cantabrialabs.ghe.com/cantabrialabs-it/CLabs-Tableau.git
2026-08-28 03:00:41  INFO             b9630ea..06c1129  main -> main
2026-08-28 03:00:41  INFO          Lote subido
2026-08-28 03:00:41  INFO          6 version(es) marcadas como subidas en Oracle
2026-08-28 03:00:41  INFO  Signed out
2026-08-28 03:00:42  INFO  [8/8] Resumen
2026-08-28 03:00:42  INFO  ============================================================
2026-08-28 03:00:42  INFO  RESUMEN DE LA EJECUCION
2026-08-28 03:00:42  INFO  ============================================================
2026-08-28 03:00:42  INFO  Workbooks con version nueva ... 6
2026-08-28 03:00:42  INFO  Descargados correctamente ..... 6
2026-08-28 03:00:42  INFO  Con error ...................... 0
2026-08-28 03:00:42  INFO  Versiones retiradas ............ 0
2026-08-28 03:00:42  INFO  Lotes subidos a GitHub ......... 1
2026-08-28 03:00:42  INFO  Lotes fallidos ................. 0
2026-08-28 03:00:42  INFO  Tiempo total ................... 36s
2026-08-28 03:00:42  INFO  ============================================================
2026-08-28 03:00:42  INFO  BACKUP COMPLETADO SIN ERRORES
2026-08-28 03:00:42  INFO  ============================================================
2026-08-29 03:00:05  INFO  ============================================================
2026-08-29 03:00:05  INFO  BACKUP TABLEAU -> GITHUB
2026-08-29 03:00:05  INFO  ============================================================
2026-08-29 03:00:05  INFO  Configuracion cargada y validada
2026-08-29 03:00:05  INFO  [1/8] Borrando las listas anteriores
2026-08-29 03:00:05  INFO        Listo
2026-08-29 03:00:05  INFO  [2/8] Consultando Oracle (versionado + lista de descarga)
2026-08-29 03:00:15  INFO        Listas generadas
2026-08-29 03:00:15  INFO  [3/8] Leyendo las listas
2026-08-29 03:00:15  INFO        7 workbooks con version nueva que descargar
2026-08-29 03:00:15  INFO        0 versiones marcadas para retirar de GitHub hoy
2026-08-29 03:00:15  INFO  [4/8] Sincronizando con GitHub
2026-08-29 03:00:17  INFO        Carpeta local alineada con el repositorio
2026-08-29 03:00:17  INFO  [5/8] Preparando la carpeta de descargas
2026-08-29 03:00:17  INFO        Nada que retirar hoy
2026-08-29 03:00:17  INFO  [6/8] Conectando con Tableau
2026-08-29 03:00:18  INFO  Signed into https://dub01.online.tableau.com as user with id ae9b04e0-08c6-4b88-9bb9-595a9d2d1fa3
2026-08-29 03:00:18  INFO        Conectado
2026-08-29 03:00:18  INFO  [7/8] Descargando y subiendo en lotes de 8
2026-08-29 03:00:18  INFO    [1/7] CdM Gastos Red Comercial (v29)
2026-08-29 03:00:18  INFO          Proyecto: Production/Dashboards/Ad hoc Reports/BI Local/BI España
2026-08-29 03:00:19  INFO  Downloaded workbook revision None to C:\tabcmd\TableauGitHub\Tableau Workbooks\Versiones\CdM Gastos Red Comercial_v29.twbx (ID: 90345dd6-36be-4e67-95cf-d58808bbd346)
2026-08-29 03:00:19  INFO          Descargado (0.2 MB)
2026-08-29 03:00:19  INFO    [2/7] CdM SRI Producto Agrupado YTD (v4)
2026-08-29 03:00:19  INFO          Proyecto: Production/Dashboards/Ad hoc Reports/BI Local/BI España/Informes Automaticos
2026-08-29 03:00:22  INFO  Downloaded workbook revision None to C:\tabcmd\TableauGitHub\Tableau Workbooks\Versiones\CdM SRI Producto Agrupado YTD_v4.twbx (ID: 6c3624ba-8ae6-47e1-88f5-739c4654d82c)
2026-08-29 03:00:22  INFO          Descargado (0.5 MB)
2026-08-29 03:00:22  INFO    [3/7] CdM SRI Marca MTD (v3)
2026-08-29 03:00:22  INFO          Proyecto: Production/Dashboards/Ad hoc Reports/BI Local/BI España/Informes Automaticos
2026-08-29 03:00:25  INFO  Downloaded workbook revision None to C:\tabcmd\TableauGitHub\Tableau Workbooks\Versiones\CdM SRI Marca MTD_v3.twbx (ID: f2917c3d-565d-400f-9aeb-b265055ac158)
2026-08-29 03:00:25  INFO          Descargado (0.5 MB)
2026-08-29 03:00:25  INFO    [4/7] CdM SRI Marca YTD (v4)
2026-08-29 03:00:25  INFO          Proyecto: Production/Dashboards/Ad hoc Reports/BI Local/BI España/Informes Automaticos
2026-08-29 03:00:29  INFO  Downloaded workbook revision None to C:\tabcmd\TableauGitHub\Tableau Workbooks\Versiones\CdM SRI Marca YTD_v4.twbx (ID: 23042a04-c6e7-4025-8d16-ca2aa34fb054)
2026-08-29 03:00:29  INFO          Descargado (0.5 MB)
2026-08-29 03:00:29  INFO    [5/7] Reporte Diario de Ventas (v35)
2026-08-29 03:00:29  INFO          Proyecto: Production/Dashboards/Ad hoc Reports/BI Local/BI México/Mockups IBS
2026-08-29 03:00:38  INFO  Downloaded workbook revision None to C:\tabcmd\TableauGitHub\Tableau Workbooks\Versiones\Reporte Diario de Ventas_v35.twbx (ID: 89465930-7806-4389-9d4f-185fc8952b91)
2026-08-29 03:00:38  INFO          Descargado (1.6 MB)
2026-08-29 03:00:38  INFO    [6/7] KPIs Demand (v12)
2026-08-29 03:00:38  INFO          Proyecto: Production/Dashboards/Supply Chain
2026-08-29 03:00:41  INFO  Downloaded workbook revision None to C:\tabcmd\TableauGitHub\Tableau Workbooks\Versiones\KPIs Demand_v12.twbx (ID: 2f9a2669-5564-425d-9b0e-68c0f307216d)
2026-08-29 03:00:41  INFO          Descargado (0.7 MB)
2026-08-29 03:00:41  INFO    [7/7] CdM Ingenieria (v49)
2026-08-29 03:00:41  INFO          Proyecto: Production/Dashboards/Industrial
2026-08-29 03:00:43  INFO  Downloaded workbook revision None to C:\tabcmd\TableauGitHub\Tableau Workbooks\Versiones\CdM Ingenieria_v49.twbx (ID: 377e37eb-2f16-4c59-ad32-a3bf45e9d9af)
2026-08-29 03:00:43  INFO          Descargado (0.4 MB)
2026-08-29 03:00:43  INFO    --- Subiendo lote (7/7 workbooks procesados) ---
2026-08-29 03:00:48  INFO          Locking support detected on remote "origin". Consider enabling it with:
2026-08-29 03:00:48  INFO            $ git config lfs.https://cantabrialabs.ghe.com/cantabrialabs-it/CLabs-Tableau.git/info/lfs.locksverify true
2026-08-29 03:00:50  INFO          Uploading LFS objects: 100% (7/7), 4.5 MB | 0 B/s, done.
2026-08-29 03:00:51  INFO          To https://cantabrialabs.ghe.com/cantabrialabs-it/CLabs-Tableau.git
2026-08-29 03:00:51  INFO             06c1129..0588e23  main -> main
2026-08-29 03:00:51  INFO          Lote subido
2026-08-29 03:00:51  INFO          7 version(es) marcadas como subidas en Oracle
2026-08-29 03:00:51  INFO  Signed out
2026-08-29 03:00:52  INFO  [8/8] Resumen
2026-08-29 03:00:52  INFO  ============================================================
2026-08-29 03:00:52  INFO  RESUMEN DE LA EJECUCION
2026-08-29 03:00:52  INFO  ============================================================
2026-08-29 03:00:52  INFO  Workbooks con version nueva ... 7
2026-08-29 03:00:52  INFO  Descargados correctamente ..... 7
2026-08-29 03:00:52  INFO  Con error ...................... 0
2026-08-29 03:00:52  INFO  Versiones retiradas ............ 0
2026-08-29 03:00:52  INFO  Lotes subidos a GitHub ......... 1
2026-08-29 03:00:52  INFO  Lotes fallidos ................. 0
2026-08-29 03:00:52  INFO  Tiempo total ................... 46s
2026-08-29 03:00:52  INFO  ============================================================
2026-08-29 03:00:52  INFO  BACKUP COMPLETADO SIN ERRORES
2026-08-29 03:00:52  INFO  ============================================================
2026-08-30 03:00:05  INFO  ============================================================
2026-08-30 03:00:05  INFO  BACKUP TABLEAU -> GITHUB
2026-08-30 03:00:05  INFO  ============================================================
2026-08-30 03:00:05  INFO  Configuracion cargada y validada
2026-08-30 03:00:05  INFO  [1/8] Borrando las listas anteriores
2026-08-30 03:00:05  INFO        Listo
2026-08-30 03:00:05  INFO  [2/8] Consultando Oracle (versionado + lista de descarga)
2026-08-30 03:00:16  INFO        Listas generadas
2026-08-30 03:00:16  INFO  [3/8] Leyendo las listas
2026-08-30 03:00:16  INFO        0 workbooks con version nueva que descargar
2026-08-30 03:00:16  INFO        0 versiones marcadas para retirar de GitHub hoy
2026-08-30 03:00:16  INFO  [4/8] Sincronizando con GitHub
2026-08-30 03:00:18  INFO        Carpeta local alineada con el repositorio
2026-08-30 03:00:18  INFO  [5/8] Preparando la carpeta de descargas
2026-08-30 03:00:18  INFO        Nada que retirar hoy
2026-08-30 03:00:18  INFO  [6/8] Conectando con Tableau
2026-08-30 03:00:19  INFO  Signed into https://dub01.online.tableau.com as user with id ae9b04e0-08c6-4b88-9bb9-595a9d2d1fa3
2026-08-30 03:00:19  INFO        Conectado
2026-08-30 03:00:19  INFO  [7/8] Sin workbooks nuevos que descargar
2026-08-30 03:00:19  INFO  Signed out
2026-08-30 03:00:20  INFO  [8/8] Resumen
2026-08-30 03:00:20  INFO  ============================================================
2026-08-30 03:00:20  INFO  RESUMEN DE LA EJECUCION
2026-08-30 03:00:20  INFO  ============================================================
2026-08-30 03:00:20  INFO  Workbooks con version nueva ... 0
2026-08-30 03:00:20  INFO  Descargados correctamente ..... 0
2026-08-30 03:00:20  INFO  Con error ...................... 0
2026-08-30 03:00:20  INFO  Versiones retiradas ............ 0
2026-08-30 03:00:20  INFO  Lotes subidos a GitHub ......... 0
2026-08-30 03:00:20  INFO  Lotes fallidos ................. 0
2026-08-30 03:00:20  INFO  Tiempo total ................... 15s
2026-08-30 03:00:20  INFO  ============================================================
2026-08-30 03:00:20  INFO  BACKUP COMPLETADO SIN ERRORES
2026-08-30 03:00:20  INFO  ============================================================
2026-08-31 03:00:05  INFO  ============================================================
2026-08-31 03:00:05  INFO  BACKUP TABLEAU -> GITHUB
2026-08-31 03:00:05  INFO  ============================================================
2026-08-31 03:00:05  INFO  Configuracion cargada y validada
2026-08-31 03:00:05  INFO  [1/8] Borrando las listas anteriores
2026-08-31 03:00:05  INFO        Listo
2026-08-31 03:00:05  INFO  [2/8] Consultando Oracle (versionado + lista de descarga)
2026-08-31 03:00:09  INFO        Listas generadas
2026-08-31 03:00:09  INFO  [3/8] Leyendo las listas
2026-08-31 03:00:09  INFO        4 workbooks con version nueva que descargar
2026-08-31 03:00:09  INFO        0 versiones marcadas para retirar de GitHub hoy
2026-08-31 03:00:09  INFO  [4/8] Sincronizando con GitHub
2026-08-31 03:00:12  INFO        Carpeta local alineada con el repositorio
2026-08-31 03:00:12  INFO  [5/8] Preparando la carpeta de descargas
2026-08-31 03:00:12  INFO        Nada que retirar hoy
2026-08-31 03:00:12  INFO  [6/8] Conectando con Tableau
2026-08-31 03:00:12  INFO  Signed into https://dub01.online.tableau.com as user with id ae9b04e0-08c6-4b88-9bb9-595a9d2d1fa3
2026-08-31 03:00:12  INFO        Conectado
2026-08-31 03:00:12  INFO  [7/8] Descargando y subiendo en lotes de 8
2026-08-31 03:00:12  INFO    [1/4] Reporte Diario de Ventas (v37)
2026-08-31 03:00:12  INFO          Proyecto: Production/Dashboards/Ad hoc Reports/BI Local/BI México/Mockups IBS
2026-08-31 03:00:13  INFO  Downloaded workbook revision None to C:\tabcmd\TableauGitHub\Tableau Workbooks\Versiones\Reporte Diario de Ventas_v37.twbx (ID: 89465930-7806-4389-9d4f-185fc8952b91)
2026-08-31 03:00:13  INFO          Descargado (1.6 MB)
2026-08-31 03:00:13  INFO    [2/4] Home (v1)
2026-08-31 03:00:13  INFO          Proyecto: Production/Dashboards/MDM
2026-08-31 03:00:15  INFO  Downloaded workbook revision None to C:\tabcmd\TableauGitHub\Tableau Workbooks\Versiones\Home_v1.twbx (ID: 4b4fd0df-6849-46dc-b782-9fb061e97333)
2026-08-31 03:00:15  INFO          Descargado (10.2 MB)
2026-08-31 03:00:15  INFO    [3/4] JDE Logistics Data Prod Catalog (v2)
2026-08-31 03:00:15  INFO          Proyecto: Production/Dashboards/MDM
2026-08-31 03:00:15  INFO  Downloaded workbook revision None to C:\tabcmd\TableauGitHub\Tableau Workbooks\Versiones\JDE Logistics Data Prod Catalog_v2.twbx (ID: 80967aae-f977-4a8a-850e-8dfeb9c0a6e5)
2026-08-31 03:00:15  INFO          Descargado (0.4 MB)
2026-08-31 03:00:15  INFO    [4/4] CdM Ingenieria (v50)
2026-08-31 03:00:15  INFO          Proyecto: Production/Dashboards/Industrial
2026-08-31 03:00:16  INFO  Downloaded workbook revision None to C:\tabcmd\TableauGitHub\Tableau Workbooks\Versiones\CdM Ingenieria_v50.twbx (ID: 377e37eb-2f16-4c59-ad32-a3bf45e9d9af)
2026-08-31 03:00:16  INFO          Descargado (0.4 MB)
2026-08-31 03:00:16  INFO    --- Subiendo lote (4/4 workbooks procesados) ---
2026-08-31 03:00:20  INFO          Locking support detected on remote "origin". Consider enabling it with:
2026-08-31 03:00:20  INFO            $ git config lfs.https://cantabrialabs.ghe.com/cantabrialabs-it/CLabs-Tableau.git/info/lfs.locksverify true
2026-08-31 03:00:22  INFO          Uploading LFS objects: 100% (4/4), 13 MB | 4.9 MB/s, done.
2026-08-31 03:00:23  INFO          To https://cantabrialabs.ghe.com/cantabrialabs-it/CLabs-Tableau.git
2026-08-31 03:00:23  INFO             0588e23..938476b  main -> main
2026-08-31 03:00:23  INFO          Lote subido
2026-08-31 03:00:23  INFO          4 version(es) marcadas como subidas en Oracle
2026-08-31 03:00:24  INFO  Signed out
2026-08-31 03:00:24  INFO  [8/8] Resumen
2026-08-31 03:00:24  INFO  ============================================================
2026-08-31 03:00:24  INFO  RESUMEN DE LA EJECUCION
2026-08-31 03:00:24  INFO  ============================================================
2026-08-31 03:00:24  INFO  Workbooks con version nueva ... 4
2026-08-31 03:00:24  INFO  Descargados correctamente ..... 4
2026-08-31 03:00:24  INFO  Con error ...................... 0
2026-08-31 03:00:24  INFO  Versiones retiradas ............ 0
2026-08-31 03:00:24  INFO  Lotes subidos a GitHub ......... 1
2026-08-31 03:00:24  INFO  Lotes fallidos ................. 0
2026-08-31 03:00:24  INFO  Tiempo total ................... 19s
2026-08-31 03:00:24  INFO  ============================================================
2026-08-31 03:00:24  INFO  BACKUP COMPLETADO SIN ERRORES
2026-08-31 03:00:24  INFO  ============================================================
2026-09-01 03:00:05  INFO  ============================================================
2026-09-01 03:00:05  INFO  BACKUP TABLEAU -> GITHUB
2026-09-01 03:00:05  INFO  ============================================================
2026-09-01 03:00:05  INFO  Configuracion cargada y validada
2026-09-01 03:00:05  INFO  [1/8] Borrando las listas anteriores
2026-09-01 03:00:05  INFO        Listo
2026-09-01 03:00:05  INFO  [2/8] Consultando Oracle (versionado + lista de descarga)
2026-09-01 03:00:13  INFO        Listas generadas
2026-09-01 03:00:13  INFO  [3/8] Leyendo las listas
2026-09-01 03:00:13  INFO        0 workbooks con version nueva que descargar
2026-09-01 03:00:13  INFO        0 versiones marcadas para retirar de GitHub hoy
2026-09-01 03:00:13  INFO  [4/8] Sincronizando con GitHub
2026-09-01 03:00:16  INFO        Carpeta local alineada con el repositorio
2026-09-01 03:00:16  INFO  [5/8] Preparando la carpeta de descargas
2026-09-01 03:00:16  INFO        Nada que retirar hoy
2026-09-01 03:00:16  INFO  [6/8] Conectando con Tableau
2026-09-01 03:00:16  INFO  Signed into https://dub01.online.tableau.com as user with id ae9b04e0-08c6-4b88-9bb9-595a9d2d1fa3
2026-09-01 03:00:16  INFO        Conectado
2026-09-01 03:00:16  INFO  [7/8] Sin workbooks nuevos que descargar
2026-09-01 03:00:16  INFO  Signed out
2026-09-01 03:00:17  INFO  [8/8] Resumen
2026-09-01 03:00:17  INFO  ============================================================
2026-09-01 03:00:17  INFO  RESUMEN DE LA EJECUCION
2026-09-01 03:00:17  INFO  ============================================================
2026-09-01 03:00:17  INFO  Workbooks con version nueva ... 0
2026-09-01 03:00:17  INFO  Descargados correctamente ..... 0
2026-09-01 03:00:17  INFO  Con error ...................... 0
2026-09-01 03:00:17  INFO  Versiones retiradas ............ 0
2026-09-01 03:00:17  INFO  Lotes subidos a GitHub ......... 0
2026-09-01 03:00:17  INFO  Lotes fallidos ................. 0
2026-09-01 03:00:17  INFO  Tiempo total ................... 12s
2026-09-01 03:00:17  INFO  ============================================================
2026-09-01 03:00:17  INFO  BACKUP COMPLETADO SIN ERRORES
2026-09-01 03:00:17  INFO  ============================================================
